[INFO] Scanning for projects...
[INFO] ------------------------------------------------------------------------
[INFO] Reactor Build Order:
[INFO] 
[INFO] hm-dianping                                                        [pom]
[INFO] common                                                             [jar]
[INFO] gateway-service                                                    [jar]
[INFO] shop-service                                                       [jar]
[INFO] voucher-service                                                    [jar]
[INFO] order-service                                                      [jar]
[INFO] 
[INFO] ------------------------< com.hmdp:hm-dianping >------------------------
[INFO] Building hm-dianping 0.0.1-SNAPSHOT                                [1/6]
[INFO]   from pom.xml
[INFO] --------------------------------[ pom ]---------------------------------
[INFO] 
[INFO] --------------------------< com.hmdp:common >---------------------------
[INFO] Building common 0.0.1-SNAPSHOT                                     [2/6]
[INFO]   from common\pom.xml
[INFO] --------------------------------[ jar ]---------------------------------
[INFO] 
[INFO] --- resources:3.3.1:resources (default-resources) @ common ---
[INFO] Copying 0 resource from src\main\resources to target\classes
[INFO] Copying 1 resource from src\main\resources to target\classes
[INFO] 
[INFO] --- compiler:3.11.0:compile (default-compile) @ common ---
[INFO] Nothing to compile - all classes are up to date
[INFO] 
[INFO] --- resources:3.3.1:testResources (default-testResources) @ common ---
[INFO] skip non existing resourceDirectory D:\hm-dianping\common\src\test\resources
[INFO] 
[INFO] --- compiler:3.11.0:testCompile (default-testCompile) @ common ---
[INFO] Nothing to compile - all classes are up to date
[INFO] 
[INFO] --- surefire:3.0.0:test (default-test) @ common ---
[INFO] Using auto detected provider org.apache.maven.surefire.junitplatform.JUnitPlatformProvider
[INFO] 
[INFO] -------------------------------------------------------
[INFO]  T E S T S
[INFO] -------------------------------------------------------
[INFO] Running com.hmdp.cache.CacheInvalidationListenerTest
WARNING: A Java agent has been loaded dynamically (D:\apache-maven-3.9.9\mvn_repo\net\bytebuddy\byte-buddy-agent\1.14.16\byte-buddy-agent-1.14.16.jar)
WARNING: If a serviceability tool is in use, please run with -XX:+EnableDynamicAgentLoading to hide this warning
WARNING: If a serviceability tool is not in use, please run with -Djdk.instrument.traceUsage for more information
WARNING: Dynamic loading of agents will be disallowed by default in a future release
Java HotSpot(TM) 64-Bit Server VM warning: Sharing is only supported for boot loader classes because bootstrap classpath has been appended
16:48:30.193 [main] INFO com.hmdp.cache.LocalCacheRegistry -- L1 本地缓存已注册：shop
[INFO] Tests run: 1, Failures: 0, Errors: 0, Skipped: 0, Time elapsed: 1.785 s - in com.hmdp.cache.CacheInvalidationListenerTest
[INFO] Running com.hmdp.cache.CacheInvalidationPublisherTest
16:48:30.347 [main] WARN com.hmdp.cache.CacheInvalidationPublisher -- 缓存失效广播发布失败，靠 L1 兜底 TTL 收口。key=cache:shop:12
java.lang.RuntimeException: Redis 不可用
	at org.springframework.data.redis.core.RedisTemplate.convertAndSend(RedisTemplate.java:938)
	at com.hmdp.cache.CacheInvalidationPublisher.publish(CacheInvalidationPublisher.java:26)
	at com.hmdp.cache.CacheInvalidationPublisherTest.lambda$Redis异常时吞掉不抛出$0(CacheInvalidationPublisherTest.java:37)
	at org.junit.jupiter.api.AssertDoesNotThrow.assertDoesNotThrow(AssertDoesNotThrow.java:49)
	at org.junit.jupiter.api.AssertDoesNotThrow.assertDoesNotThrow(AssertDoesNotThrow.java:36)
	at org.junit.jupiter.api.Assertions.assertDoesNotThrow(Assertions.java:3136)
	at com.hmdp.cache.CacheInvalidationPublisherTest.Redis异常时吞掉不抛出(CacheInvalidationPublisherTest.java:37)
	at java.base/jdk.internal.reflect.DirectMethodHandleAccessor.invoke(DirectMethodHandleAccessor.java:103)
	at java.base/java.lang.reflect.Method.invoke(Method.java:580)
	at org.junit.platform.commons.util.ReflectionUtils.invokeMethod(ReflectionUtils.java:727)
	at org.junit.jupiter.engine.execution.MethodInvocation.proceed(MethodInvocation.java:60)
	at org.junit.jupiter.engine.execution.InvocationInterceptorChain$ValidatingInvocation.proceed(InvocationInterceptorChain.java:131)
	at org.junit.jupiter.engine.extension.TimeoutExtension.intercept(TimeoutExtension.java:156)
	at org.junit.jupiter.engine.extension.TimeoutExtension.interceptTestableMethod(TimeoutExtension.java:147)
	at org.junit.jupiter.engine.extension.TimeoutExtension.interceptTestMethod(TimeoutExtension.java:86)
	at org.junit.jupiter.engine.execution.InterceptingExecutableInvoker$ReflectiveInterceptorCall.lambda$ofVoidMethod$0(InterceptingExecutableInvoker.java:103)
	at org.junit.jupiter.engine.execution.InterceptingExecutableInvoker.lambda$invoke$0(InterceptingExecutableInvoker.java:93)
	at org.junit.jupiter.engine.execution.InvocationInterceptorChain$InterceptedInvocation.proceed(InvocationInterceptorChain.java:106)
	at org.junit.jupiter.engine.execution.InvocationInterceptorChain.proceed(InvocationInterceptorChain.java:64)
	at org.junit.jupiter.engine.execution.InvocationInterceptorChain.chainAndInvoke(InvocationInterceptorChain.java:45)
	at org.junit.jupiter.engine.execution.InvocationInterceptorChain.invoke(InvocationInterceptorChain.java:37)
	at org.junit.jupiter.engine.execution.InterceptingExecutableInvoker.invoke(InterceptingExecutableInvoker.java:92)
	at org.junit.jupiter.engine.execution.InterceptingExecutableInvoker.invoke(InterceptingExecutableInvoker.java:86)
	at org.junit.jupiter.engine.descriptor.TestMethodTestDescriptor.lambda$invokeTestMethod$7(TestMethodTestDescriptor.java:217)
	at org.junit.platform.engine.support.hierarchical.ThrowableCollector.execute(ThrowableCollector.java:73)
	at org.junit.jupiter.engine.descriptor.TestMethodTestDescriptor.invokeTestMethod(TestMethodTestDescriptor.java:213)
	at org.junit.jupiter.engine.descriptor.TestMethodTestDescriptor.execute(TestMethodTestDescriptor.java:138)
	at org.junit.jupiter.engine.descriptor.TestMethodTestDescriptor.execute(TestMethodTestDescriptor.java:68)
	at org.junit.platform.engine.support.hierarchical.NodeTestTask.lambda$executeRecursively$6(NodeTestTask.java:151)
	at org.junit.platform.engine.support.hierarchical.ThrowableCollector.execute(ThrowableCollector.java:73)
	at org.junit.platform.engine.support.hierarchical.NodeTestTask.lambda$executeRecursively$8(NodeTestTask.java:141)
	at org.junit.platform.engine.support.hierarchical.Node.around(Node.java:137)
	at org.junit.platform.engine.support.hierarchical.NodeTestTask.lambda$executeRecursively$9(NodeTestTask.java:139)
	at org.junit.platform.engine.support.hierarchical.ThrowableCollector.execute(ThrowableCollector.java:73)
	at org.junit.platform.engine.support.hierarchical.NodeTestTask.executeRecursively(NodeTestTask.java:138)
	at org.junit.platform.engine.support.hierarchical.NodeTestTask.execute(NodeTestTask.java:95)
	at java.base/java.util.ArrayList.forEach(ArrayList.java:1596)
	at org.junit.platform.engine.support.hierarchical.SameThreadHierarchicalTestExecutorService.invokeAll(SameThreadHierarchicalTestExecutorService.java:41)
	at org.junit.platform.engine.support.hierarchical.NodeTestTask.lambda$executeRecursively$6(NodeTestTask.java:155)
	at org.junit.platform.engine.support.hierarchical.ThrowableCollector.execute(ThrowableCollector.java:73)
	at org.junit.platform.engine.support.hierarchical.NodeTestTask.lambda$executeRecursively$8(NodeTestTask.java:141)
	at org.junit.platform.engine.support.hierarchical.Node.around(Node.java:137)
	at org.junit.platform.engine.support.hierarchical.NodeTestTask.lambda$executeRecursively$9(NodeTestTask.java:139)
	at org.junit.platform.engine.support.hierarchical.ThrowableCollector.execute(ThrowableCollector.java:73)
	at org.junit.platform.engine.support.hierarchical.NodeTestTask.executeRecursively(NodeTestTask.java:138)
	at org.junit.platform.engine.support.hierarchical.NodeTestTask.execute(NodeTestTask.java:95)
	at java.base/java.util.ArrayList.forEach(ArrayList.java:1596)
	at org.junit.platform.engine.support.hierarchical.SameThreadHierarchicalTestExecutorService.invokeAll(SameThreadHierarchicalTestExecutorService.java:41)
	at org.junit.platform.engine.support.hierarchical.NodeTestTask.lambda$executeRecursively$6(NodeTestTask.java:155)
	at org.junit.platform.engine.support.hierarchical.ThrowableCollector.execute(ThrowableCollector.java:73)
	at org.junit.platform.engine.support.hierarchical.NodeTestTask.lambda$executeRecursively$8(NodeTestTask.java:141)
	at org.junit.platform.engine.support.hierarchical.Node.around(Node.java:137)
	at org.junit.platform.engine.support.hierarchical.NodeTestTask.lambda$executeRecursively$9(NodeTestTask.java:139)
	at org.junit.platform.engine.support.hierarchical.ThrowableCollector.execute(ThrowableCollector.java:73)
	at org.junit.platform.engine.support.hierarchical.NodeTestTask.executeRecursively(NodeTestTask.java:138)
	at org.junit.platform.engine.support.hierarchical.NodeTestTask.execute(NodeTestTask.java:95)
	at org.junit.platform.engine.support.hierarchical.SameThreadHierarchicalTestExecutorService.submit(SameThreadHierarchicalTestExecutorService.java:35)
	at org.junit.platform.engine.support.hierarchical.HierarchicalTestExecutor.execute(HierarchicalTestExecutor.java:57)
	at org.junit.platform.engine.support.hierarchical.HierarchicalTestEngine.execute(HierarchicalTestEngine.java:54)
	at org.junit.platform.launcher.core.EngineExecutionOrchestrator.execute(EngineExecutionOrchestrator.java:147)
	at org.junit.platform.launcher.core.EngineExecutionOrchestrator.execute(EngineExecutionOrchestrator.java:127)
	at org.junit.platform.launcher.core.EngineExecutionOrchestrator.execute(EngineExecutionOrchestrator.java:90)
	at org.junit.platform.launcher.core.EngineExecutionOrchestrator.lambda$execute$0(EngineExecutionOrchestrator.java:55)
	at org.junit.platform.launcher.core.EngineExecutionOrchestrator.withInterceptedStreams(EngineExecutionOrchestrator.java:102)
	at org.junit.platform.launcher.core.EngineExecutionOrchestrator.execute(EngineExecutionOrchestrator.java:54)
	at org.junit.platform.launcher.core.DefaultLauncher.execute(DefaultLauncher.java:114)
	at org.junit.platform.launcher.core.DefaultLauncher.execute(DefaultLauncher.java:86)
	at org.junit.platform.launcher.core.DefaultLauncherSession$DelegatingLauncher.execute(DefaultLauncherSession.java:86)
	at org.apache.maven.surefire.junitplatform.LazyLauncher.execute(LazyLauncher.java:50)
	at org.apache.maven.surefire.junitplatform.JUnitPlatformProvider.execute(JUnitPlatformProvider.java:184)
	at org.apache.maven.surefire.junitplatform.JUnitPlatformProvider.invokeAllTests(JUnitPlatformProvider.java:148)
	at org.apache.maven.surefire.junitplatform.JUnitPlatformProvider.invoke(JUnitPlatformProvider.java:122)
	at org.apache.maven.surefire.booter.ForkedBooter.runSuitesInProcess(ForkedBooter.java:385)
	at org.apache.maven.surefire.booter.ForkedBooter.execute(ForkedBooter.java:162)
	at org.apache.maven.surefire.booter.ForkedBooter.run(ForkedBooter.java:507)
	at org.apache.maven.surefire.booter.ForkedBooter.main(ForkedBooter.java:495)
[INFO] Tests run: 2, Failures: 0, Errors: 0, Skipped: 0, Time elapsed: 0.118 s - in com.hmdp.cache.CacheInvalidationPublisherTest
[INFO] Running com.hmdp.cache.CacheStatsLoggerTest
[INFO] Tests run: 2, Failures: 0, Errors: 0, Skipped: 0, Time elapsed: 0.11 s - in com.hmdp.cache.CacheStatsLoggerTest
[INFO] Running com.hmdp.cache.MultiLevelCacheTest
16:48:31.004 [main] INFO com.hmdp.cache.LocalCacheRegistry -- L1 本地缓存已注册：shop
16:48:31.038 [main] INFO com.hmdp.cache.LocalCacheRegistry -- L1 本地缓存已注册：shop
16:48:31.065 [main] INFO com.hmdp.cache.LocalCacheRegistry -- L1 本地缓存已注册：shop
16:48:31.074 [main] INFO com.hmdp.cache.LocalCacheRegistry -- L1 本地缓存已注册：small
16:48:31.224 [main] INFO com.hmdp.cache.LocalCacheRegistry -- L1 本地缓存已注册：shop
16:48:31.249 [main] INFO com.hmdp.cache.LocalCacheRegistry -- L1 本地缓存已注册：shopTypeList
16:48:31.269 [main] INFO com.hmdp.cache.LocalCacheRegistry -- L1 本地缓存已注册：shortTtl
16:48:31.724 [main] INFO com.hmdp.cache.LocalCacheRegistry -- L1 本地缓存已注册：shop
16:48:31.725 [main] WARN com.hmdp.cache.MultiLevelCache -- 二级缓存反序列化失败，按未命中处理并回源。key=cache:shop:6
cn.hutool.json.JSONException: A JSONObject text must begin with '{' at 1 [character 2 line 1]
	at cn.hutool.json.JSONTokener.syntaxError(JSONTokener.java:450)
	at cn.hutool.json.JSONParser.parseTo(JSONParser.java:49)
	at cn.hutool.json.ObjectMapper.mapFromTokener(ObjectMapper.java:243)
	at cn.hutool.json.ObjectMapper.mapFromStr(ObjectMapper.java:219)
	at cn.hutool.json.ObjectMapper.map(ObjectMapper.java:98)
	at cn.hutool.json.JSONObject.<init>(JSONObject.java:210)
	at cn.hutool.json.JSONObject.<init>(JSONObject.java:187)
	at cn.hutool.json.JSONUtil.parseObj(JSONUtil.java:112)
	at cn.hutool.json.JSONUtil.parse(JSONUtil.java:227)
	at cn.hutool.json.JSONUtil.toBean(JSONUtil.java:475)
	at com.hmdp.cache.MultiLevelCache.decode(MultiLevelCache.java:188)
	at com.hmdp.cache.MultiLevelCache.readL2(MultiLevelCache.java:119)
	at com.hmdp.cache.MultiLevelCache.get(MultiLevelCache.java:80)
	at com.hmdp.cache.MultiLevelCacheTest.反序列化失败时回源(MultiLevelCacheTest.java:251)
	at java.base/jdk.internal.reflect.DirectMethodHandleAccessor.invoke(DirectMethodHandleAccessor.java:103)
	at java.base/java.lang.reflect.Method.invoke(Method.java:580)
	at org.junit.platform.commons.util.ReflectionUtils.invokeMethod(ReflectionUtils.java:727)
	at org.junit.jupiter.engine.execution.MethodInvocation.proceed(MethodInvocation.java:60)
	at org.junit.jupiter.engine.execution.InvocationInterceptorChain$ValidatingInvocation.proceed(InvocationInterceptorChain.java:131)
	at org.junit.jupiter.engine.extension.TimeoutExtension.intercept(TimeoutExtension.java:156)
	at org.junit.jupiter.engine.extension.TimeoutExtension.interceptTestableMethod(TimeoutExtension.java:147)
	at org.junit.jupiter.engine.extension.TimeoutExtension.interceptTestMethod(TimeoutExtension.java:86)
	at org.junit.jupiter.engine.execution.InterceptingExecutableInvoker$ReflectiveInterceptorCall.lambda$ofVoidMethod$0(InterceptingExecutableInvoker.java:103)
	at org.junit.jupiter.engine.execution.InterceptingExecutableInvoker.lambda$invoke$0(InterceptingExecutableInvoker.java:93)
	at org.junit.jupiter.engine.execution.InvocationInterceptorChain$InterceptedInvocation.proceed(InvocationInterceptorChain.java:106)
	at org.junit.jupiter.engine.execution.InvocationInterceptorChain.proceed(InvocationInterceptorChain.java:64)
	at org.junit.jupiter.engine.execution.InvocationInterceptorChain.chainAndInvoke(InvocationInterceptorChain.java:45)
	at org.junit.jupiter.engine.execution.InvocationInterceptorChain.invoke(InvocationInterceptorChain.java:37)
	at org.junit.jupiter.engine.execution.InterceptingExecutableInvoker.invoke(InterceptingExecutableInvoker.java:92)
	at org.junit.jupiter.engine.execution.InterceptingExecutableInvoker.invoke(InterceptingExecutableInvoker.java:86)
	at org.junit.jupiter.engine.descriptor.TestMethodTestDescriptor.lambda$invokeTestMethod$7(TestMethodTestDescriptor.java:217)
	at org.junit.platform.engine.support.hierarchical.ThrowableCollector.execute(ThrowableCollector.java:73)
	at org.junit.jupiter.engine.descriptor.TestMethodTestDescriptor.invokeTestMethod(TestMethodTestDescriptor.java:213)
	at org.junit.jupiter.engine.descriptor.TestMethodTestDescriptor.execute(TestMethodTestDescriptor.java:138)
	at org.junit.jupiter.engine.descriptor.TestMethodTestDescriptor.execute(TestMethodTestDescriptor.java:68)
	at org.junit.platform.engine.support.hierarchical.NodeTestTask.lambda$executeRecursively$6(NodeTestTask.java:151)
	at org.junit.platform.engine.support.hierarchical.ThrowableCollector.execute(ThrowableCollector.java:73)
	at org.junit.platform.engine.support.hierarchical.NodeTestTask.lambda$executeRecursively$8(NodeTestTask.java:141)
	at org.junit.platform.engine.support.hierarchical.Node.around(Node.java:137)
	at org.junit.platform.engine.support.hierarchical.NodeTestTask.lambda$executeRecursively$9(NodeTestTask.java:139)
	at org.junit.platform.engine.support.hierarchical.ThrowableCollector.execute(ThrowableCollector.java:73)
	at org.junit.platform.engine.support.hierarchical.NodeTestTask.executeRecursively(NodeTestTask.java:138)
	at org.junit.platform.engine.support.hierarchical.NodeTestTask.execute(NodeTestTask.java:95)
	at java.base/java.util.ArrayList.forEach(ArrayList.java:1596)
	at org.junit.platform.engine.support.hierarchical.SameThreadHierarchicalTestExecutorService.invokeAll(SameThreadHierarchicalTestExecutorService.java:41)
	at org.junit.platform.engine.support.hierarchical.NodeTestTask.lambda$executeRecursively$6(NodeTestTask.java:155)
	at org.junit.platform.engine.support.hierarchical.ThrowableCollector.execute(ThrowableCollector.java:73)
	at org.junit.platform.engine.support.hierarchical.NodeTestTask.lambda$executeRecursively$8(NodeTestTask.java:141)
	at org.junit.platform.engine.support.hierarchical.Node.around(Node.java:137)
	at org.junit.platform.engine.support.hierarchical.NodeTestTask.lambda$executeRecursively$9(NodeTestTask.java:139)
	at org.junit.platform.engine.support.hierarchical.ThrowableCollector.execute(ThrowableCollector.java:73)
	at org.junit.platform.engine.support.hierarchical.NodeTestTask.executeRecursively(NodeTestTask.java:138)
	at org.junit.platform.engine.support.hierarchical.NodeTestTask.execute(NodeTestTask.java:95)
	at java.base/java.util.ArrayList.forEach(ArrayList.java:1596)
	at org.junit.platform.engine.support.hierarchical.SameThreadHierarchicalTestExecutorService.invokeAll(SameThreadHierarchicalTestExecutorService.java:41)
	at org.junit.platform.engine.support.hierarchical.NodeTestTask.lambda$executeRecursively$6(NodeTestTask.java:155)
	at org.junit.platform.engine.support.hierarchical.ThrowableCollector.execute(ThrowableCollector.java:73)
	at org.junit.platform.engine.support.hierarchical.NodeTestTask.lambda$executeRecursively$8(NodeTestTask.java:141)
	at org.junit.platform.engine.support.hierarchical.Node.around(Node.java:137)
	at org.junit.platform.engine.support.hierarchical.NodeTestTask.lambda$executeRecursively$9(NodeTestTask.java:139)
	at org.junit.platform.engine.support.hierarchical.ThrowableCollector.execute(ThrowableCollector.java:73)
	at org.junit.platform.engine.support.hierarchical.NodeTestTask.executeRecursively(NodeTestTask.java:138)
	at org.junit.platform.engine.support.hierarchical.NodeTestTask.execute(NodeTestTask.java:95)
	at org.junit.platform.engine.support.hierarchical.SameThreadHierarchicalTestExecutorService.submit(SameThreadHierarchicalTestExecutorService.java:35)
	at org.junit.platform.engine.support.hierarchical.HierarchicalTestExecutor.execute(HierarchicalTestExecutor.java:57)
	at org.junit.platform.engine.support.hierarchical.HierarchicalTestEngine.execute(HierarchicalTestEngine.java:54)
	at org.junit.platform.launcher.core.EngineExecutionOrchestrator.execute(EngineExecutionOrchestrator.java:147)
	at org.junit.platform.launcher.core.EngineExecutionOrchestrator.execute(EngineExecutionOrchestrator.java:127)
	at org.junit.platform.launcher.core.EngineExecutionOrchestrator.execute(EngineExecutionOrchestrator.java:90)
	at org.junit.platform.launcher.core.EngineExecutionOrchestrator.lambda$execute$0(EngineExecutionOrchestrator.java:55)
	at org.junit.platform.launcher.core.EngineExecutionOrchestrator.withInterceptedStreams(EngineExecutionOrchestrator.java:102)
	at org.junit.platform.launcher.core.EngineExecutionOrchestrator.execute(EngineExecutionOrchestrator.java:54)
	at org.junit.platform.launcher.core.DefaultLauncher.execute(DefaultLauncher.java:114)
	at org.junit.platform.launcher.core.DefaultLauncher.execute(DefaultLauncher.java:86)
	at org.junit.platform.launcher.core.DefaultLauncherSession$DelegatingLauncher.execute(DefaultLauncherSession.java:86)
	at org.apache.maven.surefire.junitplatform.LazyLauncher.execute(LazyLauncher.java:50)
	at org.apache.maven.surefire.junitplatform.JUnitPlatformProvider.execute(JUnitPlatformProvider.java:184)
	at org.apache.maven.surefire.junitplatform.JUnitPlatformProvider.invokeAllTests(JUnitPlatformProvider.java:148)
	at org.apache.maven.surefire.junitplatform.JUnitPlatformProvider.invoke(JUnitPlatformProvider.java:122)
	at org.apache.maven.surefire.booter.ForkedBooter.runSuitesInProcess(ForkedBooter.java:385)
	at org.apache.maven.surefire.booter.ForkedBooter.execute(ForkedBooter.java:162)
	at org.apache.maven.surefire.booter.ForkedBooter.run(ForkedBooter.java:507)
	at org.apache.maven.surefire.booter.ForkedBooter.main(ForkedBooter.java:495)
16:48:31.727 [main] WARN com.hmdp.cache.MultiLevelCache -- 二级缓存反序列化失败，按未命中处理并回源。key=cache:shop:6
cn.hutool.json.JSONException: A JSONObject text must begin with '{' at 1 [character 2 line 1]
	at cn.hutool.json.JSONTokener.syntaxError(JSONTokener.java:450)
	at cn.hutool.json.JSONParser.parseTo(JSONParser.java:49)
	at cn.hutool.json.ObjectMapper.mapFromTokener(ObjectMapper.java:243)
	at cn.hutool.json.ObjectMapper.mapFromStr(ObjectMapper.java:219)
	at cn.hutool.json.ObjectMapper.map(ObjectMapper.java:98)
	at cn.hutool.json.JSONObject.<init>(JSONObject.java:210)
	at cn.hutool.json.JSONObject.<init>(JSONObject.java:187)
	at cn.hutool.json.JSONUtil.parseObj(JSONUtil.java:112)
	at cn.hutool.json.JSONUtil.parse(JSONUtil.java:227)
	at cn.hutool.json.JSONUtil.toBean(JSONUtil.java:475)
	at com.hmdp.cache.MultiLevelCache.decode(MultiLevelCache.java:188)
	at com.hmdp.cache.MultiLevelCache.readL2(MultiLevelCache.java:119)
	at com.hmdp.cache.MultiLevelCache.get(MultiLevelCache.java:89)
	at com.hmdp.cache.MultiLevelCacheTest.反序列化失败时回源(MultiLevelCacheTest.java:251)
	at java.base/jdk.internal.reflect.DirectMethodHandleAccessor.invoke(DirectMethodHandleAccessor.java:103)
	at java.base/java.lang.reflect.Method.invoke(Method.java:580)
	at org.junit.platform.commons.util.ReflectionUtils.invokeMethod(ReflectionUtils.java:727)
	at org.junit.jupiter.engine.execution.MethodInvocation.proceed(MethodInvocation.java:60)
	at org.junit.jupiter.engine.execution.InvocationInterceptorChain$ValidatingInvocation.proceed(InvocationInterceptorChain.java:131)
	at org.junit.jupiter.engine.extension.TimeoutExtension.intercept(TimeoutExtension.java:156)
	at org.junit.jupiter.engine.extension.TimeoutExtension.interceptTestableMethod(TimeoutExtension.java:147)
	at org.junit.jupiter.engine.extension.TimeoutExtension.interceptTestMethod(TimeoutExtension.java:86)
	at org.junit.jupiter.engine.execution.InterceptingExecutableInvoker$ReflectiveInterceptorCall.lambda$ofVoidMethod$0(InterceptingExecutableInvoker.java:103)
	at org.junit.jupiter.engine.execution.InterceptingExecutableInvoker.lambda$invoke$0(InterceptingExecutableInvoker.java:93)
	at org.junit.jupiter.engine.execution.InvocationInterceptorChain$InterceptedInvocation.proceed(InvocationInterceptorChain.java:106)
	at org.junit.jupiter.engine.execution.InvocationInterceptorChain.proceed(InvocationInterceptorChain.java:64)
	at org.junit.jupiter.engine.execution.InvocationInterceptorChain.chainAndInvoke(InvocationInterceptorChain.java:45)
	at org.junit.jupiter.engine.execution.InvocationInterceptorChain.invoke(InvocationInterceptorChain.java:37)
	at org.junit.jupiter.engine.execution.InterceptingExecutableInvoker.invoke(InterceptingExecutableInvoker.java:92)
	at org.junit.jupiter.engine.execution.InterceptingExecutableInvoker.invoke(InterceptingExecutableInvoker.java:86)
	at org.junit.jupiter.engine.descriptor.TestMethodTestDescriptor.lambda$invokeTestMethod$7(TestMethodTestDescriptor.java:217)
	at org.junit.platform.engine.support.hierarchical.ThrowableCollector.execute(ThrowableCollector.java:73)
	at org.junit.jupiter.engine.descriptor.TestMethodTestDescriptor.invokeTestMethod(TestMethodTestDescriptor.java:213)
	at org.junit.jupiter.engine.descriptor.TestMethodTestDescriptor.execute(TestMethodTestDescriptor.java:138)
	at org.junit.jupiter.engine.descriptor.TestMethodTestDescriptor.execute(TestMethodTestDescriptor.java:68)
	at org.junit.platform.engine.support.hierarchical.NodeTestTask.lambda$executeRecursively$6(NodeTestTask.java:151)
	at org.junit.platform.engine.support.hierarchical.ThrowableCollector.execute(ThrowableCollector.java:73)
	at org.junit.platform.engine.support.hierarchical.NodeTestTask.lambda$executeRecursively$8(NodeTestTask.java:141)
	at org.junit.platform.engine.support.hierarchical.Node.around(Node.java:137)
	at org.junit.platform.engine.support.hierarchical.NodeTestTask.lambda$executeRecursively$9(NodeTestTask.java:139)
	at org.junit.platform.engine.support.hierarchical.ThrowableCollector.execute(ThrowableCollector.java:73)
	at org.junit.platform.engine.support.hierarchical.NodeTestTask.executeRecursively(NodeTestTask.java:138)
	at org.junit.platform.engine.support.hierarchical.NodeTestTask.execute(NodeTestTask.java:95)
	at java.base/java.util.ArrayList.forEach(ArrayList.java:1596)
	at org.junit.platform.engine.support.hierarchical.SameThreadHierarchicalTestExecutorService.invokeAll(SameThreadHierarchicalTestExecutorService.java:41)
	at org.junit.platform.engine.support.hierarchical.NodeTestTask.lambda$executeRecursively$6(NodeTestTask.java:155)
	at org.junit.platform.engine.support.hierarchical.ThrowableCollector.execute(ThrowableCollector.java:73)
	at org.junit.platform.engine.support.hierarchical.NodeTestTask.lambda$executeRecursively$8(NodeTestTask.java:141)
	at org.junit.platform.engine.support.hierarchical.Node.around(Node.java:137)
	at org.junit.platform.engine.support.hierarchical.NodeTestTask.lambda$executeRecursively$9(NodeTestTask.java:139)
	at org.junit.platform.engine.support.hierarchical.ThrowableCollector.execute(ThrowableCollector.java:73)
	at org.junit.platform.engine.support.hierarchical.NodeTestTask.executeRecursively(NodeTestTask.java:138)
	at org.junit.platform.engine.support.hierarchical.NodeTestTask.execute(NodeTestTask.java:95)
	at java.base/java.util.ArrayList.forEach(ArrayList.java:1596)
	at org.junit.platform.engine.support.hierarchical.SameThreadHierarchicalTestExecutorService.invokeAll(SameThreadHierarchicalTestExecutorService.java:41)
	at org.junit.platform.engine.support.hierarchical.NodeTestTask.lambda$executeRecursively$6(NodeTestTask.java:155)
	at org.junit.platform.engine.support.hierarchical.ThrowableCollector.execute(ThrowableCollector.java:73)
	at org.junit.platform.engine.support.hierarchical.NodeTestTask.lambda$executeRecursively$8(NodeTestTask.java:141)
	at org.junit.platform.engine.support.hierarchical.Node.around(Node.java:137)
	at org.junit.platform.engine.support.hierarchical.NodeTestTask.lambda$executeRecursively$9(NodeTestTask.java:139)
	at org.junit.platform.engine.support.hierarchical.ThrowableCollector.execute(ThrowableCollector.java:73)
	at org.junit.platform.engine.support.hierarchical.NodeTestTask.executeRecursively(NodeTestTask.java:138)
	at org.junit.platform.engine.support.hierarchical.NodeTestTask.execute(NodeTestTask.java:95)
	at org.junit.platform.engine.support.hierarchical.SameThreadHierarchicalTestExecutorService.submit(SameThreadHierarchicalTestExecutorService.java:35)
	at org.junit.platform.engine.support.hierarchical.HierarchicalTestExecutor.execute(HierarchicalTestExecutor.java:57)
	at org.junit.platform.engine.support.hierarchical.HierarchicalTestEngine.execute(HierarchicalTestEngine.java:54)
	at org.junit.platform.launcher.core.EngineExecutionOrchestrator.execute(EngineExecutionOrchestrator.java:147)
	at org.junit.platform.launcher.core.EngineExecutionOrchestrator.execute(EngineExecutionOrchestrator.java:127)
	at org.junit.platform.launcher.core.EngineExecutionOrchestrator.execute(EngineExecutionOrchestrator.java:90)
	at org.junit.platform.launcher.core.EngineExecutionOrchestrator.lambda$execute$0(EngineExecutionOrchestrator.java:55)
	at org.junit.platform.launcher.core.EngineExecutionOrchestrator.withInterceptedStreams(EngineExecutionOrchestrator.java:102)
	at org.junit.platform.launcher.core.EngineExecutionOrchestrator.execute(EngineExecutionOrchestrator.java:54)
	at org.junit.platform.launcher.core.DefaultLauncher.execute(DefaultLauncher.java:114)
	at org.junit.platform.launcher.core.DefaultLauncher.execute(DefaultLauncher.java:86)
	at org.junit.platform.launcher.core.DefaultLauncherSession$DelegatingLauncher.execute(DefaultLauncherSession.java:86)
	at org.apache.maven.surefire.junitplatform.LazyLauncher.execute(LazyLauncher.java:50)
	at org.apache.maven.surefire.junitplatform.JUnitPlatformProvider.execute(JUnitPlatformProvider.java:184)
	at org.apache.maven.surefire.junitplatform.JUnitPlatformProvider.invokeAllTests(JUnitPlatformProvider.java:148)
	at org.apache.maven.surefire.junitplatform.JUnitPlatformProvider.invoke(JUnitPlatformProvider.java:122)
	at org.apache.maven.surefire.booter.ForkedBooter.runSuitesInProcess(ForkedBooter.java:385)
	at org.apache.maven.surefire.booter.ForkedBooter.execute(ForkedBooter.java:162)
	at org.apache.maven.surefire.booter.ForkedBooter.run(ForkedBooter.java:507)
	at org.apache.maven.surefire.booter.ForkedBooter.main(ForkedBooter.java:495)
16:48:31.735 [main] INFO com.hmdp.cache.LocalCacheRegistry -- L1 本地缓存已注册：shop
16:48:31.737 [main] WARN com.hmdp.cache.MultiLevelCache -- 读取 Redis 二级缓存失败，降级回源。key=cache:shop:3
java.lang.RuntimeException: Redis 不可用
	at com.hmdp.cache.MultiLevelCache.redisGet(MultiLevelCache.java:197)
	at com.hmdp.cache.MultiLevelCache.readL2(MultiLevelCache.java:117)
	at com.hmdp.cache.MultiLevelCache.get(MultiLevelCache.java:80)
	at com.hmdp.cache.MultiLevelCacheTest.lambda$Redis读取异常时降级回源$14(MultiLevelCacheTest.java:227)
	at org.junit.jupiter.api.AssertDoesNotThrow.assertDoesNotThrow(AssertDoesNotThrow.java:71)
	at org.junit.jupiter.api.AssertDoesNotThrow.assertDoesNotThrow(AssertDoesNotThrow.java:58)
	at org.junit.jupiter.api.Assertions.assertDoesNotThrow(Assertions.java:3196)
	at com.hmdp.cache.MultiLevelCacheTest.Redis读取异常时降级回源(MultiLevelCacheTest.java:227)
	at java.base/jdk.internal.reflect.DirectMethodHandleAccessor.invoke(DirectMethodHandleAccessor.java:103)
	at java.base/java.lang.reflect.Method.invoke(Method.java:580)
	at org.junit.platform.commons.util.ReflectionUtils.invokeMethod(ReflectionUtils.java:727)
	at org.junit.jupiter.engine.execution.MethodInvocation.proceed(MethodInvocation.java:60)
	at org.junit.jupiter.engine.execution.InvocationInterceptorChain$ValidatingInvocation.proceed(InvocationInterceptorChain.java:131)
	at org.junit.jupiter.engine.extension.TimeoutExtension.intercept(TimeoutExtension.java:156)
	at org.junit.jupiter.engine.extension.TimeoutExtension.interceptTestableMethod(TimeoutExtension.java:147)
	at org.junit.jupiter.engine.extension.TimeoutExtension.interceptTestMethod(TimeoutExtension.java:86)
	at org.junit.jupiter.engine.execution.InterceptingExecutableInvoker$ReflectiveInterceptorCall.lambda$ofVoidMethod$0(InterceptingExecutableInvoker.java:103)
	at org.junit.jupiter.engine.execution.InterceptingExecutableInvoker.lambda$invoke$0(InterceptingExecutableInvoker.java:93)
	at org.junit.jupiter.engine.execution.InvocationInterceptorChain$InterceptedInvocation.proceed(InvocationInterceptorChain.java:106)
	at org.junit.jupiter.engine.execution.InvocationInterceptorChain.proceed(InvocationInterceptorChain.java:64)
	at org.junit.jupiter.engine.execution.InvocationInterceptorChain.chainAndInvoke(InvocationInterceptorChain.java:45)
	at org.junit.jupiter.engine.execution.InvocationInterceptorChain.invoke(InvocationInterceptorChain.java:37)
	at org.junit.jupiter.engine.execution.InterceptingExecutableInvoker.invoke(InterceptingExecutableInvoker.java:92)
	at org.junit.jupiter.engine.execution.InterceptingExecutableInvoker.invoke(InterceptingExecutableInvoker.java:86)
	at org.junit.jupiter.engine.descriptor.TestMethodTestDescriptor.lambda$invokeTestMethod$7(TestMethodTestDescriptor.java:217)
	at org.junit.platform.engine.support.hierarchical.ThrowableCollector.execute(ThrowableCollector.java:73)
	at org.junit.jupiter.engine.descriptor.TestMethodTestDescriptor.invokeTestMethod(TestMethodTestDescriptor.java:213)
	at org.junit.jupiter.engine.descriptor.TestMethodTestDescriptor.execute(TestMethodTestDescriptor.java:138)
	at org.junit.jupiter.engine.descriptor.TestMethodTestDescriptor.execute(TestMethodTestDescriptor.java:68)
	at org.junit.platform.engine.support.hierarchical.NodeTestTask.lambda$executeRecursively$6(NodeTestTask.java:151)
	at org.junit.platform.engine.support.hierarchical.ThrowableCollector.execute(ThrowableCollector.java:73)
	at org.junit.platform.engine.support.hierarchical.NodeTestTask.lambda$executeRecursively$8(NodeTestTask.java:141)
	at org.junit.platform.engine.support.hierarchical.Node.around(Node.java:137)
	at org.junit.platform.engine.support.hierarchical.NodeTestTask.lambda$executeRecursively$9(NodeTestTask.java:139)
	at org.junit.platform.engine.support.hierarchical.ThrowableCollector.execute(ThrowableCollector.java:73)
	at org.junit.platform.engine.support.hierarchical.NodeTestTask.executeRecursively(NodeTestTask.java:138)
	at org.junit.platform.engine.support.hierarchical.NodeTestTask.execute(NodeTestTask.java:95)
	at java.base/java.util.ArrayList.forEach(ArrayList.java:1596)
	at org.junit.platform.engine.support.hierarchical.SameThreadHierarchicalTestExecutorService.invokeAll(SameThreadHierarchicalTestExecutorService.java:41)
	at org.junit.platform.engine.support.hierarchical.NodeTestTask.lambda$executeRecursively$6(NodeTestTask.java:155)
	at org.junit.platform.engine.support.hierarchical.ThrowableCollector.execute(ThrowableCollector.java:73)
	at org.junit.platform.engine.support.hierarchical.NodeTestTask.lambda$executeRecursively$8(NodeTestTask.java:141)
	at org.junit.platform.engine.support.hierarchical.Node.around(Node.java:137)
	at org.junit.platform.engine.support.hierarchical.NodeTestTask.lambda$executeRecursively$9(NodeTestTask.java:139)
	at org.junit.platform.engine.support.hierarchical.ThrowableCollector.execute(ThrowableCollector.java:73)
	at org.junit.platform.engine.support.hierarchical.NodeTestTask.executeRecursively(NodeTestTask.java:138)
	at org.junit.platform.engine.support.hierarchical.NodeTestTask.execute(NodeTestTask.java:95)
	at java.base/java.util.ArrayList.forEach(ArrayList.java:1596)
	at org.junit.platform.engine.support.hierarchical.SameThreadHierarchicalTestExecutorService.invokeAll(SameThreadHierarchicalTestExecutorService.java:41)
	at org.junit.platform.engine.support.hierarchical.NodeTestTask.lambda$executeRecursively$6(NodeTestTask.java:155)
	at org.junit.platform.engine.support.hierarchical.ThrowableCollector.execute(ThrowableCollector.java:73)
	at org.junit.platform.engine.support.hierarchical.NodeTestTask.lambda$executeRecursively$8(NodeTestTask.java:141)
	at org.junit.platform.engine.support.hierarchical.Node.around(Node.java:137)
	at org.junit.platform.engine.support.hierarchical.NodeTestTask.lambda$executeRecursively$9(NodeTestTask.java:139)
	at org.junit.platform.engine.support.hierarchical.ThrowableCollector.execute(ThrowableCollector.java:73)
	at org.junit.platform.engine.support.hierarchical.NodeTestTask.executeRecursively(NodeTestTask.java:138)
	at org.junit.platform.engine.support.hierarchical.NodeTestTask.execute(NodeTestTask.java:95)
	at org.junit.platform.engine.support.hierarchical.SameThreadHierarchicalTestExecutorService.submit(SameThreadHierarchicalTestExecutorService.java:35)
	at org.junit.platform.engine.support.hierarchical.HierarchicalTestExecutor.execute(HierarchicalTestExecutor.java:57)
	at org.junit.platform.engine.support.hierarchical.HierarchicalTestEngine.execute(HierarchicalTestEngine.java:54)
	at org.junit.platform.launcher.core.EngineExecutionOrchestrator.execute(EngineExecutionOrchestrator.java:147)
	at org.junit.platform.launcher.core.EngineExecutionOrchestrator.execute(EngineExecutionOrchestrator.java:127)
	at org.junit.platform.launcher.core.EngineExecutionOrchestrator.execute(EngineExecutionOrchestrator.java:90)
	at org.junit.platform.launcher.core.EngineExecutionOrchestrator.lambda$execute$0(EngineExecutionOrchestrator.java:55)
	at org.junit.platform.launcher.core.EngineExecutionOrchestrator.withInterceptedStreams(EngineExecutionOrchestrator.java:102)
	at org.junit.platform.launcher.core.EngineExecutionOrchestrator.execute(EngineExecutionOrchestrator.java:54)
	at org.junit.platform.launcher.core.DefaultLauncher.execute(DefaultLauncher.java:114)
	at org.junit.platform.launcher.core.DefaultLauncher.execute(DefaultLauncher.java:86)
	at org.junit.platform.launcher.core.DefaultLauncherSession$DelegatingLauncher.execute(DefaultLauncherSession.java:86)
	at org.apache.maven.surefire.junitplatform.LazyLauncher.execute(LazyLauncher.java:50)
	at org.apache.maven.surefire.junitplatform.JUnitPlatformProvider.execute(JUnitPlatformProvider.java:184)
	at org.apache.maven.surefire.junitplatform.JUnitPlatformProvider.invokeAllTests(JUnitPlatformProvider.java:148)
	at org.apache.maven.surefire.junitplatform.JUnitPlatformProvider.invoke(JUnitPlatformProvider.java:122)
	at org.apache.maven.surefire.booter.ForkedBooter.runSuitesInProcess(ForkedBooter.java:385)
	at org.apache.maven.surefire.booter.ForkedBooter.execute(ForkedBooter.java:162)
	at org.apache.maven.surefire.booter.ForkedBooter.run(ForkedBooter.java:507)
	at org.apache.maven.surefire.booter.ForkedBooter.main(ForkedBooter.java:495)
16:48:31.739 [main] WARN com.hmdp.cache.MultiLevelCache -- 读取 Redis 二级缓存失败，降级回源。key=cache:shop:3
java.lang.RuntimeException: Redis 不可用
	at com.hmdp.cache.MultiLevelCache.redisGet(MultiLevelCache.java:197)
	at com.hmdp.cache.MultiLevelCache.readL2(MultiLevelCache.java:117)
	at com.hmdp.cache.MultiLevelCache.get(MultiLevelCache.java:89)
	at com.hmdp.cache.MultiLevelCacheTest.lambda$Redis读取异常时降级回源$14(MultiLevelCacheTest.java:227)
	at org.junit.jupiter.api.AssertDoesNotThrow.assertDoesNotThrow(AssertDoesNotThrow.java:71)
	at org.junit.jupiter.api.AssertDoesNotThrow.assertDoesNotThrow(AssertDoesNotThrow.java:58)
	at org.junit.jupiter.api.Assertions.assertDoesNotThrow(Assertions.java:3196)
	at com.hmdp.cache.MultiLevelCacheTest.Redis读取异常时降级回源(MultiLevelCacheTest.java:227)
	at java.base/jdk.internal.reflect.DirectMethodHandleAccessor.invoke(DirectMethodHandleAccessor.java:103)
	at java.base/java.lang.reflect.Method.invoke(Method.java:580)
	at org.junit.platform.commons.util.ReflectionUtils.invokeMethod(ReflectionUtils.java:727)
	at org.junit.jupiter.engine.execution.MethodInvocation.proceed(MethodInvocation.java:60)
	at org.junit.jupiter.engine.execution.InvocationInterceptorChain$ValidatingInvocation.proceed(InvocationInterceptorChain.java:131)
	at org.junit.jupiter.engine.extension.TimeoutExtension.intercept(TimeoutExtension.java:156)
	at org.junit.jupiter.engine.extension.TimeoutExtension.interceptTestableMethod(TimeoutExtension.java:147)
	at org.junit.jupiter.engine.extension.TimeoutExtension.interceptTestMethod(TimeoutExtension.java:86)
	at org.junit.jupiter.engine.execution.InterceptingExecutableInvoker$ReflectiveInterceptorCall.lambda$ofVoidMethod$0(InterceptingExecutableInvoker.java:103)
	at org.junit.jupiter.engine.execution.InterceptingExecutableInvoker.lambda$invoke$0(InterceptingExecutableInvoker.java:93)
	at org.junit.jupiter.engine.execution.InvocationInterceptorChain$InterceptedInvocation.proceed(InvocationInterceptorChain.java:106)
	at org.junit.jupiter.engine.execution.InvocationInterceptorChain.proceed(InvocationInterceptorChain.java:64)
	at org.junit.jupiter.engine.execution.InvocationInterceptorChain.chainAndInvoke(InvocationInterceptorChain.java:45)
	at org.junit.jupiter.engine.execution.InvocationInterceptorChain.invoke(InvocationInterceptorChain.java:37)
	at org.junit.jupiter.engine.execution.InterceptingExecutableInvoker.invoke(InterceptingExecutableInvoker.java:92)
	at org.junit.jupiter.engine.execution.InterceptingExecutableInvoker.invoke(InterceptingExecutableInvoker.java:86)
	at org.junit.jupiter.engine.descriptor.TestMethodTestDescriptor.lambda$invokeTestMethod$7(TestMethodTestDescriptor.java:217)
	at org.junit.platform.engine.support.hierarchical.ThrowableCollector.execute(ThrowableCollector.java:73)
	at org.junit.jupiter.engine.descriptor.TestMethodTestDescriptor.invokeTestMethod(TestMethodTestDescriptor.java:213)
	at org.junit.jupiter.engine.descriptor.TestMethodTestDescriptor.execute(TestMethodTestDescriptor.java:138)
	at org.junit.jupiter.engine.descriptor.TestMethodTestDescriptor.execute(TestMethodTestDescriptor.java:68)
	at org.junit.platform.engine.support.hierarchical.NodeTestTask.lambda$executeRecursively$6(NodeTestTask.java:151)
	at org.junit.platform.engine.support.hierarchical.ThrowableCollector.execute(ThrowableCollector.java:73)
	at org.junit.platform.engine.support.hierarchical.NodeTestTask.lambda$executeRecursively$8(NodeTestTask.java:141)
	at org.junit.platform.engine.support.hierarchical.Node.around(Node.java:137)
	at org.junit.platform.engine.support.hierarchical.NodeTestTask.lambda$executeRecursively$9(NodeTestTask.java:139)
	at org.junit.platform.engine.support.hierarchical.ThrowableCollector.execute(ThrowableCollector.java:73)
	at org.junit.platform.engine.support.hierarchical.NodeTestTask.executeRecursively(NodeTestTask.java:138)
	at org.junit.platform.engine.support.hierarchical.NodeTestTask.execute(NodeTestTask.java:95)
	at java.base/java.util.ArrayList.forEach(ArrayList.java:1596)
	at org.junit.platform.engine.support.hierarchical.SameThreadHierarchicalTestExecutorService.invokeAll(SameThreadHierarchicalTestExecutorService.java:41)
	at org.junit.platform.engine.support.hierarchical.NodeTestTask.lambda$executeRecursively$6(NodeTestTask.java:155)
	at org.junit.platform.engine.support.hierarchical.ThrowableCollector.execute(ThrowableCollector.java:73)
	at org.junit.platform.engine.support.hierarchical.NodeTestTask.lambda$executeRecursively$8(NodeTestTask.java:141)
	at org.junit.platform.engine.support.hierarchical.Node.around(Node.java:137)
	at org.junit.platform.engine.support.hierarchical.NodeTestTask.lambda$executeRecursively$9(NodeTestTask.java:139)
	at org.junit.platform.engine.support.hierarchical.ThrowableCollector.execute(ThrowableCollector.java:73)
	at org.junit.platform.engine.support.hierarchical.NodeTestTask.executeRecursively(NodeTestTask.java:138)
	at org.junit.platform.engine.support.hierarchical.NodeTestTask.execute(NodeTestTask.java:95)
	at java.base/java.util.ArrayList.forEach(ArrayList.java:1596)
	at org.junit.platform.engine.support.hierarchical.SameThreadHierarchicalTestExecutorService.invokeAll(SameThreadHierarchicalTestExecutorService.java:41)
	at org.junit.platform.engine.support.hierarchical.NodeTestTask.lambda$executeRecursively$6(NodeTestTask.java:155)
	at org.junit.platform.engine.support.hierarchical.ThrowableCollector.execute(ThrowableCollector.java:73)
	at org.junit.platform.engine.support.hierarchical.NodeTestTask.lambda$executeRecursively$8(NodeTestTask.java:141)
	at org.junit.platform.engine.support.hierarchical.Node.around(Node.java:137)
	at org.junit.platform.engine.support.hierarchical.NodeTestTask.lambda$executeRecursively$9(NodeTestTask.java:139)
	at org.junit.platform.engine.support.hierarchical.ThrowableCollector.execute(ThrowableCollector.java:73)
	at org.junit.platform.engine.support.hierarchical.NodeTestTask.executeRecursively(NodeTestTask.java:138)
	at org.junit.platform.engine.support.hierarchical.NodeTestTask.execute(NodeTestTask.java:95)
	at org.junit.platform.engine.support.hierarchical.SameThreadHierarchicalTestExecutorService.submit(SameThreadHierarchicalTestExecutorService.java:35)
	at org.junit.platform.engine.support.hierarchical.HierarchicalTestExecutor.execute(HierarchicalTestExecutor.java:57)
	at org.junit.platform.engine.support.hierarchical.HierarchicalTestEngine.execute(HierarchicalTestEngine.java:54)
	at org.junit.platform.launcher.core.EngineExecutionOrchestrator.execute(EngineExecutionOrchestrator.java:147)
	at org.junit.platform.launcher.core.EngineExecutionOrchestrator.execute(EngineExecutionOrchestrator.java:127)
	at org.junit.platform.launcher.core.EngineExecutionOrchestrator.execute(EngineExecutionOrchestrator.java:90)
	at org.junit.platform.launcher.core.EngineExecutionOrchestrator.lambda$execute$0(EngineExecutionOrchestrator.java:55)
	at org.junit.platform.launcher.core.EngineExecutionOrchestrator.withInterceptedStreams(EngineExecutionOrchestrator.java:102)
	at org.junit.platform.launcher.core.EngineExecutionOrchestrator.execute(EngineExecutionOrchestrator.java:54)
	at org.junit.platform.launcher.core.DefaultLauncher.execute(DefaultLauncher.java:114)
	at org.junit.platform.launcher.core.DefaultLauncher.execute(DefaultLauncher.java:86)
	at org.junit.platform.launcher.core.DefaultLauncherSession$DelegatingLauncher.execute(DefaultLauncherSession.java:86)
	at org.apache.maven.surefire.junitplatform.LazyLauncher.execute(LazyLauncher.java:50)
	at org.apache.maven.surefire.junitplatform.JUnitPlatformProvider.execute(JUnitPlatformProvider.java:184)
	at org.apache.maven.surefire.junitplatform.JUnitPlatformProvider.invokeAllTests(JUnitPlatformProvider.java:148)
	at org.apache.maven.surefire.junitplatform.JUnitPlatformProvider.invoke(JUnitPlatformProvider.java:122)
	at org.apache.maven.surefire.booter.ForkedBooter.runSuitesInProcess(ForkedBooter.java:385)
	at org.apache.maven.surefire.booter.ForkedBooter.execute(ForkedBooter.java:162)
	at org.apache.maven.surefire.booter.ForkedBooter.run(ForkedBooter.java:507)
	at org.apache.maven.surefire.booter.ForkedBooter.main(ForkedBooter.java:495)
16:48:31.745 [main] INFO com.hmdp.cache.LocalCacheRegistry -- L1 本地缓存已注册：shop
16:48:31.752 [main] INFO com.hmdp.cache.LocalCacheRegistry -- L1 本地缓存已注册：shop
16:48:31.756 [main] WARN com.hmdp.cache.MultiLevelCache -- 缓存失效广播失败（DB 已提交，靠 L1 兜底 TTL 收口）。key=cache:shop:9
java.lang.RuntimeException: pub/sub 不可用
	at com.hmdp.cache.CacheInvalidationPublisher.publish(CacheInvalidationPublisher.java:26)
	at com.hmdp.cache.MultiLevelCache.evict(MultiLevelCache.java:161)
	at com.hmdp.cache.MultiLevelCacheTest.lambda$广播发布失败不影响失效与返回$12(MultiLevelCacheTest.java:215)
	at org.junit.jupiter.api.AssertDoesNotThrow.assertDoesNotThrow(AssertDoesNotThrow.java:49)
	at org.junit.jupiter.api.AssertDoesNotThrow.assertDoesNotThrow(AssertDoesNotThrow.java:36)
	at org.junit.jupiter.api.Assertions.assertDoesNotThrow(Assertions.java:3136)
	at com.hmdp.cache.MultiLevelCacheTest.广播发布失败不影响失效与返回(MultiLevelCacheTest.java:215)
	at java.base/jdk.internal.reflect.DirectMethodHandleAccessor.invoke(DirectMethodHandleAccessor.java:103)
	at java.base/java.lang.reflect.Method.invoke(Method.java:580)
	at org.junit.platform.commons.util.ReflectionUtils.invokeMethod(ReflectionUtils.java:727)
	at org.junit.jupiter.engine.execution.MethodInvocation.proceed(MethodInvocation.java:60)
	at org.junit.jupiter.engine.execution.InvocationInterceptorChain$ValidatingInvocation.proceed(InvocationInterceptorChain.java:131)
	at org.junit.jupiter.engine.extension.TimeoutExtension.intercept(TimeoutExtension.java:156)
	at org.junit.jupiter.engine.extension.TimeoutExtension.interceptTestableMethod(TimeoutExtension.java:147)
	at org.junit.jupiter.engine.extension.TimeoutExtension.interceptTestMethod(TimeoutExtension.java:86)
	at org.junit.jupiter.engine.execution.InterceptingExecutableInvoker$ReflectiveInterceptorCall.lambda$ofVoidMethod$0(InterceptingExecutableInvoker.java:103)
	at org.junit.jupiter.engine.execution.InterceptingExecutableInvoker.lambda$invoke$0(InterceptingExecutableInvoker.java:93)
	at org.junit.jupiter.engine.execution.InvocationInterceptorChain$InterceptedInvocation.proceed(InvocationInterceptorChain.java:106)
	at org.junit.jupiter.engine.execution.InvocationInterceptorChain.proceed(InvocationInterceptorChain.java:64)
	at org.junit.jupiter.engine.execution.InvocationInterceptorChain.chainAndInvoke(InvocationInterceptorChain.java:45)
	at org.junit.jupiter.engine.execution.InvocationInterceptorChain.invoke(InvocationInterceptorChain.java:37)
	at org.junit.jupiter.engine.execution.InterceptingExecutableInvoker.invoke(InterceptingExecutableInvoker.java:92)
	at org.junit.jupiter.engine.execution.InterceptingExecutableInvoker.invoke(InterceptingExecutableInvoker.java:86)
	at org.junit.jupiter.engine.descriptor.TestMethodTestDescriptor.lambda$invokeTestMethod$7(TestMethodTestDescriptor.java:217)
	at org.junit.platform.engine.support.hierarchical.ThrowableCollector.execute(ThrowableCollector.java:73)
	at org.junit.jupiter.engine.descriptor.TestMethodTestDescriptor.invokeTestMethod(TestMethodTestDescriptor.java:213)
	at org.junit.jupiter.engine.descriptor.TestMethodTestDescriptor.execute(TestMethodTestDescriptor.java:138)
	at org.junit.jupiter.engine.descriptor.TestMethodTestDescriptor.execute(TestMethodTestDescriptor.java:68)
	at org.junit.platform.engine.support.hierarchical.NodeTestTask.lambda$executeRecursively$6(NodeTestTask.java:151)
	at org.junit.platform.engine.support.hierarchical.ThrowableCollector.execute(ThrowableCollector.java:73)
	at org.junit.platform.engine.support.hierarchical.NodeTestTask.lambda$executeRecursively$8(NodeTestTask.java:141)
	at org.junit.platform.engine.support.hierarchical.Node.around(Node.java:137)
	at org.junit.platform.engine.support.hierarchical.NodeTestTask.lambda$executeRecursively$9(NodeTestTask.java:139)
	at org.junit.platform.engine.support.hierarchical.ThrowableCollector.execute(ThrowableCollector.java:73)
	at org.junit.platform.engine.support.hierarchical.NodeTestTask.executeRecursively(NodeTestTask.java:138)
	at org.junit.platform.engine.support.hierarchical.NodeTestTask.execute(NodeTestTask.java:95)
	at java.base/java.util.ArrayList.forEach(ArrayList.java:1596)
	at org.junit.platform.engine.support.hierarchical.SameThreadHierarchicalTestExecutorService.invokeAll(SameThreadHierarchicalTestExecutorService.java:41)
	at org.junit.platform.engine.support.hierarchical.NodeTestTask.lambda$executeRecursively$6(NodeTestTask.java:155)
	at org.junit.platform.engine.support.hierarchical.ThrowableCollector.execute(ThrowableCollector.java:73)
	at org.junit.platform.engine.support.hierarchical.NodeTestTask.lambda$executeRecursively$8(NodeTestTask.java:141)
	at org.junit.platform.engine.support.hierarchical.Node.around(Node.java:137)
	at org.junit.platform.engine.support.hierarchical.NodeTestTask.lambda$executeRecursively$9(NodeTestTask.java:139)
	at org.junit.platform.engine.support.hierarchical.ThrowableCollector.execute(ThrowableCollector.java:73)
	at org.junit.platform.engine.support.hierarchical.NodeTestTask.executeRecursively(NodeTestTask.java:138)
	at org.junit.platform.engine.support.hierarchical.NodeTestTask.execute(NodeTestTask.java:95)
	at java.base/java.util.ArrayList.forEach(ArrayList.java:1596)
	at org.junit.platform.engine.support.hierarchical.SameThreadHierarchicalTestExecutorService.invokeAll(SameThreadHierarchicalTestExecutorService.java:41)
	at org.junit.platform.engine.support.hierarchical.NodeTestTask.lambda$executeRecursively$6(NodeTestTask.java:155)
	at org.junit.platform.engine.support.hierarchical.ThrowableCollector.execute(ThrowableCollector.java:73)
	at org.junit.platform.engine.support.hierarchical.NodeTestTask.lambda$executeRecursively$8(NodeTestTask.java:141)
	at org.junit.platform.engine.support.hierarchical.Node.around(Node.java:137)
	at org.junit.platform.engine.support.hierarchical.NodeTestTask.lambda$executeRecursively$9(NodeTestTask.java:139)
	at org.junit.platform.engine.support.hierarchical.ThrowableCollector.execute(ThrowableCollector.java:73)
	at org.junit.platform.engine.support.hierarchical.NodeTestTask.executeRecursively(NodeTestTask.java:138)
	at org.junit.platform.engine.support.hierarchical.NodeTestTask.execute(NodeTestTask.java:95)
	at org.junit.platform.engine.support.hierarchical.SameThreadHierarchicalTestExecutorService.submit(SameThreadHierarchicalTestExecutorService.java:35)
	at org.junit.platform.engine.support.hierarchical.HierarchicalTestExecutor.execute(HierarchicalTestExecutor.java:57)
	at org.junit.platform.engine.support.hierarchical.HierarchicalTestEngine.execute(HierarchicalTestEngine.java:54)
	at org.junit.platform.launcher.core.EngineExecutionOrchestrator.execute(EngineExecutionOrchestrator.java:147)
	at org.junit.platform.launcher.core.EngineExecutionOrchestrator.execute(EngineExecutionOrchestrator.java:127)
	at org.junit.platform.launcher.core.EngineExecutionOrchestrator.execute(EngineExecutionOrchestrator.java:90)
	at org.junit.platform.launcher.core.EngineExecutionOrchestrator.lambda$execute$0(EngineExecutionOrchestrator.java:55)
	at org.junit.platform.launcher.core.EngineExecutionOrchestrator.withInterceptedStreams(EngineExecutionOrchestrator.java:102)
	at org.junit.platform.launcher.core.EngineExecutionOrchestrator.execute(EngineExecutionOrchestrator.java:54)
	at org.junit.platform.launcher.core.DefaultLauncher.execute(DefaultLauncher.java:114)
	at org.junit.platform.launcher.core.DefaultLauncher.execute(DefaultLauncher.java:86)
	at org.junit.platform.launcher.core.DefaultLauncherSession$DelegatingLauncher.execute(DefaultLauncherSession.java:86)
	at org.apache.maven.surefire.junitplatform.LazyLauncher.execute(LazyLauncher.java:50)
	at org.apache.maven.surefire.junitplatform.JUnitPlatformProvider.execute(JUnitPlatformProvider.java:184)
	at org.apache.maven.surefire.junitplatform.JUnitPlatformProvider.invokeAllTests(JUnitPlatformProvider.java:148)
	at org.apache.maven.surefire.junitplatform.JUnitPlatformProvider.invoke(JUnitPlatformProvider.java:122)
	at org.apache.maven.surefire.booter.ForkedBooter.runSuitesInProcess(ForkedBooter.java:385)
	at org.apache.maven.surefire.booter.ForkedBooter.execute(ForkedBooter.java:162)
	at org.apache.maven.surefire.booter.ForkedBooter.run(ForkedBooter.java:507)
	at org.apache.maven.surefire.booter.ForkedBooter.main(ForkedBooter.java:495)
16:48:32.388 [main] WARN com.hmdp.cache.MultiLevelCache -- 缓存重建锁等待超时，降级为无锁回源。key=cache:shop:203
16:48:32.393 [main] INFO com.hmdp.cache.LocalCacheRegistry -- L1 本地缓存已注册：shop
16:48:32.395 [main] WARN com.hmdp.cache.MultiLevelCache -- 写入 Redis 二级缓存失败，忽略。key=cache:shop:4
java.lang.RuntimeException: Redis 不可用
	at com.hmdp.cache.MultiLevelCache.redisSet(MultiLevelCache.java:206)
	at com.hmdp.cache.MultiLevelCache.loadFromSource(MultiLevelCache.java:137)
	at com.hmdp.cache.MultiLevelCache.get(MultiLevelCache.java:93)
	at com.hmdp.cache.MultiLevelCacheTest.lambda$Redis写入异常时仍正常返回$16(MultiLevelCacheTest.java:241)
	at org.junit.jupiter.api.AssertDoesNotThrow.assertDoesNotThrow(AssertDoesNotThrow.java:71)
	at org.junit.jupiter.api.AssertDoesNotThrow.assertDoesNotThrow(AssertDoesNotThrow.java:58)
	at org.junit.jupiter.api.Assertions.assertDoesNotThrow(Assertions.java:3196)
	at com.hmdp.cache.MultiLevelCacheTest.Redis写入异常时仍正常返回(MultiLevelCacheTest.java:241)
	at java.base/jdk.internal.reflect.DirectMethodHandleAccessor.invoke(DirectMethodHandleAccessor.java:103)
	at java.base/java.lang.reflect.Method.invoke(Method.java:580)
	at org.junit.platform.commons.util.ReflectionUtils.invokeMethod(ReflectionUtils.java:727)
	at org.junit.jupiter.engine.execution.MethodInvocation.proceed(MethodInvocation.java:60)
	at org.junit.jupiter.engine.execution.InvocationInterceptorChain$ValidatingInvocation.proceed(InvocationInterceptorChain.java:131)
	at org.junit.jupiter.engine.extension.TimeoutExtension.intercept(TimeoutExtension.java:156)
	at org.junit.jupiter.engine.extension.TimeoutExtension.interceptTestableMethod(TimeoutExtension.java:147)
	at org.junit.jupiter.engine.extension.TimeoutExtension.interceptTestMethod(TimeoutExtension.java:86)
	at org.junit.jupiter.engine.execution.InterceptingExecutableInvoker$ReflectiveInterceptorCall.lambda$ofVoidMethod$0(InterceptingExecutableInvoker.java:103)
	at org.junit.jupiter.engine.execution.InterceptingExecutableInvoker.lambda$invoke$0(InterceptingExecutableInvoker.java:93)
	at org.junit.jupiter.engine.execution.InvocationInterceptorChain$InterceptedInvocation.proceed(InvocationInterceptorChain.java:106)
	at org.junit.jupiter.engine.execution.InvocationInterceptorChain.proceed(InvocationInterceptorChain.java:64)
	at org.junit.jupiter.engine.execution.InvocationInterceptorChain.chainAndInvoke(InvocationInterceptorChain.java:45)
	at org.junit.jupiter.engine.execution.InvocationInterceptorChain.invoke(InvocationInterceptorChain.java:37)
	at org.junit.jupiter.engine.execution.InterceptingExecutableInvoker.invoke(InterceptingExecutableInvoker.java:92)
	at org.junit.jupiter.engine.execution.InterceptingExecutableInvoker.invoke(InterceptingExecutableInvoker.java:86)
	at org.junit.jupiter.engine.descriptor.TestMethodTestDescriptor.lambda$invokeTestMethod$7(TestMethodTestDescriptor.java:217)
	at org.junit.platform.engine.support.hierarchical.ThrowableCollector.execute(ThrowableCollector.java:73)
	at org.junit.jupiter.engine.descriptor.TestMethodTestDescriptor.invokeTestMethod(TestMethodTestDescriptor.java:213)
	at org.junit.jupiter.engine.descriptor.TestMethodTestDescriptor.execute(TestMethodTestDescriptor.java:138)
	at org.junit.jupiter.engine.descriptor.TestMethodTestDescriptor.execute(TestMethodTestDescriptor.java:68)
	at org.junit.platform.engine.support.hierarchical.NodeTestTask.lambda$executeRecursively$6(NodeTestTask.java:151)
	at org.junit.platform.engine.support.hierarchical.ThrowableCollector.execute(ThrowableCollector.java:73)
	at org.junit.platform.engine.support.hierarchical.NodeTestTask.lambda$executeRecursively$8(NodeTestTask.java:141)
	at org.junit.platform.engine.support.hierarchical.Node.around(Node.java:137)
	at org.junit.platform.engine.support.hierarchical.NodeTestTask.lambda$executeRecursively$9(NodeTestTask.java:139)
	at org.junit.platform.engine.support.hierarchical.ThrowableCollector.execute(ThrowableCollector.java:73)
	at org.junit.platform.engine.support.hierarchical.NodeTestTask.executeRecursively(NodeTestTask.java:138)
	at org.junit.platform.engine.support.hierarchical.NodeTestTask.execute(NodeTestTask.java:95)
	at java.base/java.util.ArrayList.forEach(ArrayList.java:1596)
	at org.junit.platform.engine.support.hierarchical.SameThreadHierarchicalTestExecutorService.invokeAll(SameThreadHierarchicalTestExecutorService.java:41)
	at org.junit.platform.engine.support.hierarchical.NodeTestTask.lambda$executeRecursively$6(NodeTestTask.java:155)
	at org.junit.platform.engine.support.hierarchical.ThrowableCollector.execute(ThrowableCollector.java:73)
	at org.junit.platform.engine.support.hierarchical.NodeTestTask.lambda$executeRecursively$8(NodeTestTask.java:141)
	at org.junit.platform.engine.support.hierarchical.Node.around(Node.java:137)
	at org.junit.platform.engine.support.hierarchical.NodeTestTask.lambda$executeRecursively$9(NodeTestTask.java:139)
	at org.junit.platform.engine.support.hierarchical.ThrowableCollector.execute(ThrowableCollector.java:73)
	at org.junit.platform.engine.support.hierarchical.NodeTestTask.executeRecursively(NodeTestTask.java:138)
	at org.junit.platform.engine.support.hierarchical.NodeTestTask.execute(NodeTestTask.java:95)
	at java.base/java.util.ArrayList.forEach(ArrayList.java:1596)
	at org.junit.platform.engine.support.hierarchical.SameThreadHierarchicalTestExecutorService.invokeAll(SameThreadHierarchicalTestExecutorService.java:41)
	at org.junit.platform.engine.support.hierarchical.NodeTestTask.lambda$executeRecursively$6(NodeTestTask.java:155)
	at org.junit.platform.engine.support.hierarchical.ThrowableCollector.execute(ThrowableCollector.java:73)
	at org.junit.platform.engine.support.hierarchical.NodeTestTask.lambda$executeRecursively$8(NodeTestTask.java:141)
	at org.junit.platform.engine.support.hierarchical.Node.around(Node.java:137)
	at org.junit.platform.engine.support.hierarchical.NodeTestTask.lambda$executeRecursively$9(NodeTestTask.java:139)
	at org.junit.platform.engine.support.hierarchical.ThrowableCollector.execute(ThrowableCollector.java:73)
	at org.junit.platform.engine.support.hierarchical.NodeTestTask.executeRecursively(NodeTestTask.java:138)
	at org.junit.platform.engine.support.hierarchical.NodeTestTask.execute(NodeTestTask.java:95)
	at org.junit.platform.engine.support.hierarchical.SameThreadHierarchicalTestExecutorService.submit(SameThreadHierarchicalTestExecutorService.java:35)
	at org.junit.platform.engine.support.hierarchical.HierarchicalTestExecutor.execute(HierarchicalTestExecutor.java:57)
	at org.junit.platform.engine.support.hierarchical.HierarchicalTestEngine.execute(HierarchicalTestEngine.java:54)
	at org.junit.platform.launcher.core.EngineExecutionOrchestrator.execute(EngineExecutionOrchestrator.java:147)
	at org.junit.platform.launcher.core.EngineExecutionOrchestrator.execute(EngineExecutionOrchestrator.java:127)
	at org.junit.platform.launcher.core.EngineExecutionOrchestrator.execute(EngineExecutionOrchestrator.java:90)
	at org.junit.platform.launcher.core.EngineExecutionOrchestrator.lambda$execute$0(EngineExecutionOrchestrator.java:55)
	at org.junit.platform.launcher.core.EngineExecutionOrchestrator.withInterceptedStreams(EngineExecutionOrchestrator.java:102)
	at org.junit.platform.launcher.core.EngineExecutionOrchestrator.execute(EngineExecutionOrchestrator.java:54)
	at org.junit.platform.launcher.core.DefaultLauncher.execute(DefaultLauncher.java:114)
	at org.junit.platform.launcher.core.DefaultLauncher.execute(DefaultLauncher.java:86)
	at org.junit.platform.launcher.core.DefaultLauncherSession$DelegatingLauncher.execute(DefaultLauncherSession.java:86)
	at org.apache.maven.surefire.junitplatform.LazyLauncher.execute(LazyLauncher.java:50)
	at org.apache.maven.surefire.junitplatform.JUnitPlatformProvider.execute(JUnitPlatformProvider.java:184)
	at org.apache.maven.surefire.junitplatform.JUnitPlatformProvider.invokeAllTests(JUnitPlatformProvider.java:148)
	at org.apache.maven.surefire.junitplatform.JUnitPlatformProvider.invoke(JUnitPlatformProvider.java:122)
	at org.apache.maven.surefire.booter.ForkedBooter.runSuitesInProcess(ForkedBooter.java:385)
	at org.apache.maven.surefire.booter.ForkedBooter.execute(ForkedBooter.java:162)
	at org.apache.maven.surefire.booter.ForkedBooter.run(ForkedBooter.java:507)
	at org.apache.maven.surefire.booter.ForkedBooter.main(ForkedBooter.java:495)
16:48:32.400 [main] INFO com.hmdp.cache.LocalCacheRegistry -- L1 本地缓存已注册：shop
[INFO] Tests run: 15, Failures: 0, Errors: 0, Skipped: 0, Time elapsed: 1.907 s - in com.hmdp.cache.MultiLevelCacheTest
[INFO] Running com.hmdp.cache.RedisCacheRebuildLockTest
16:48:32.425 [main] WARN com.hmdp.cache.RedisCacheRebuildLock -- 缓存重建锁获取异常，降级为无锁回源。key=cache:shop:1
org.springframework.data.redis.RedisConnectionFailureException: redis down
	at com.hmdp.cache.RedisCacheRebuildLock.tryLock(RedisCacheRebuildLock.java:77)
	at com.hmdp.cache.RedisCacheRebuildLockTest.Redis异常时fail_open放行回源(RedisCacheRebuildLockTest.java:69)
	at java.base/jdk.internal.reflect.DirectMethodHandleAccessor.invoke(DirectMethodHandleAccessor.java:103)
	at java.base/java.lang.reflect.Method.invoke(Method.java:580)
	at org.junit.platform.commons.util.ReflectionUtils.invokeMethod(ReflectionUtils.java:727)
	at org.junit.jupiter.engine.execution.MethodInvocation.proceed(MethodInvocation.java:60)
	at org.junit.jupiter.engine.execution.InvocationInterceptorChain$ValidatingInvocation.proceed(InvocationInterceptorChain.java:131)
	at org.junit.jupiter.engine.extension.TimeoutExtension.intercept(TimeoutExtension.java:156)
	at org.junit.jupiter.engine.extension.TimeoutExtension.interceptTestableMethod(TimeoutExtension.java:147)
	at org.junit.jupiter.engine.extension.TimeoutExtension.interceptTestMethod(TimeoutExtension.java:86)
	at org.junit.jupiter.engine.execution.InterceptingExecutableInvoker$ReflectiveInterceptorCall.lambda$ofVoidMethod$0(InterceptingExecutableInvoker.java:103)
	at org.junit.jupiter.engine.execution.InterceptingExecutableInvoker.lambda$invoke$0(InterceptingExecutableInvoker.java:93)
	at org.junit.jupiter.engine.execution.InvocationInterceptorChain$InterceptedInvocation.proceed(InvocationInterceptorChain.java:106)
	at org.junit.jupiter.engine.execution.InvocationInterceptorChain.proceed(InvocationInterceptorChain.java:64)
	at org.junit.jupiter.engine.execution.InvocationInterceptorChain.chainAndInvoke(InvocationInterceptorChain.java:45)
	at org.junit.jupiter.engine.execution.InvocationInterceptorChain.invoke(InvocationInterceptorChain.java:37)
	at org.junit.jupiter.engine.execution.InterceptingExecutableInvoker.invoke(InterceptingExecutableInvoker.java:92)
	at org.junit.jupiter.engine.execution.InterceptingExecutableInvoker.invoke(InterceptingExecutableInvoker.java:86)
	at org.junit.jupiter.engine.descriptor.TestMethodTestDescriptor.lambda$invokeTestMethod$7(TestMethodTestDescriptor.java:217)
	at org.junit.platform.engine.support.hierarchical.ThrowableCollector.execute(ThrowableCollector.java:73)
	at org.junit.jupiter.engine.descriptor.TestMethodTestDescriptor.invokeTestMethod(TestMethodTestDescriptor.java:213)
	at org.junit.jupiter.engine.descriptor.TestMethodTestDescriptor.execute(TestMethodTestDescriptor.java:138)
	at org.junit.jupiter.engine.descriptor.TestMethodTestDescriptor.execute(TestMethodTestDescriptor.java:68)
	at org.junit.platform.engine.support.hierarchical.NodeTestTask.lambda$executeRecursively$6(NodeTestTask.java:151)
	at org.junit.platform.engine.support.hierarchical.ThrowableCollector.execute(ThrowableCollector.java:73)
	at org.junit.platform.engine.support.hierarchical.NodeTestTask.lambda$executeRecursively$8(NodeTestTask.java:141)
	at org.junit.platform.engine.support.hierarchical.Node.around(Node.java:137)
	at org.junit.platform.engine.support.hierarchical.NodeTestTask.lambda$executeRecursively$9(NodeTestTask.java:139)
	at org.junit.platform.engine.support.hierarchical.ThrowableCollector.execute(ThrowableCollector.java:73)
	at org.junit.platform.engine.support.hierarchical.NodeTestTask.executeRecursively(NodeTestTask.java:138)
	at org.junit.platform.engine.support.hierarchical.NodeTestTask.execute(NodeTestTask.java:95)
	at java.base/java.util.ArrayList.forEach(ArrayList.java:1596)
	at org.junit.platform.engine.support.hierarchical.SameThreadHierarchicalTestExecutorService.invokeAll(SameThreadHierarchicalTestExecutorService.java:41)
	at org.junit.platform.engine.support.hierarchical.NodeTestTask.lambda$executeRecursively$6(NodeTestTask.java:155)
	at org.junit.platform.engine.support.hierarchical.ThrowableCollector.execute(ThrowableCollector.java:73)
	at org.junit.platform.engine.support.hierarchical.NodeTestTask.lambda$executeRecursively$8(NodeTestTask.java:141)
	at org.junit.platform.engine.support.hierarchical.Node.around(Node.java:137)
	at org.junit.platform.engine.support.hierarchical.NodeTestTask.lambda$executeRecursively$9(NodeTestTask.java:139)
	at org.junit.platform.engine.support.hierarchical.ThrowableCollector.execute(ThrowableCollector.java:73)
	at org.junit.platform.engine.support.hierarchical.NodeTestTask.executeRecursively(NodeTestTask.java:138)
	at org.junit.platform.engine.support.hierarchical.NodeTestTask.execute(NodeTestTask.java:95)
	at java.base/java.util.ArrayList.forEach(ArrayList.java:1596)
	at org.junit.platform.engine.support.hierarchical.SameThreadHierarchicalTestExecutorService.invokeAll(SameThreadHierarchicalTestExecutorService.java:41)
	at org.junit.platform.engine.support.hierarchical.NodeTestTask.lambda$executeRecursively$6(NodeTestTask.java:155)
	at org.junit.platform.engine.support.hierarchical.ThrowableCollector.execute(ThrowableCollector.java:73)
	at org.junit.platform.engine.support.hierarchical.NodeTestTask.lambda$executeRecursively$8(NodeTestTask.java:141)
	at org.junit.platform.engine.support.hierarchical.Node.around(Node.java:137)
	at org.junit.platform.engine.support.hierarchical.NodeTestTask.lambda$executeRecursively$9(NodeTestTask.java:139)
	at org.junit.platform.engine.support.hierarchical.ThrowableCollector.execute(ThrowableCollector.java:73)
	at org.junit.platform.engine.support.hierarchical.NodeTestTask.executeRecursively(NodeTestTask.java:138)
	at org.junit.platform.engine.support.hierarchical.NodeTestTask.execute(NodeTestTask.java:95)
	at org.junit.platform.engine.support.hierarchical.SameThreadHierarchicalTestExecutorService.submit(SameThreadHierarchicalTestExecutorService.java:35)
	at org.junit.platform.engine.support.hierarchical.HierarchicalTestExecutor.execute(HierarchicalTestExecutor.java:57)
	at org.junit.platform.engine.support.hierarchical.HierarchicalTestEngine.execute(HierarchicalTestEngine.java:54)
	at org.junit.platform.launcher.core.EngineExecutionOrchestrator.execute(EngineExecutionOrchestrator.java:147)
	at org.junit.platform.launcher.core.EngineExecutionOrchestrator.execute(EngineExecutionOrchestrator.java:127)
	at org.junit.platform.launcher.core.EngineExecutionOrchestrator.execute(EngineExecutionOrchestrator.java:90)
	at org.junit.platform.launcher.core.EngineExecutionOrchestrator.lambda$execute$0(EngineExecutionOrchestrator.java:55)
	at org.junit.platform.launcher.core.EngineExecutionOrchestrator.withInterceptedStreams(EngineExecutionOrchestrator.java:102)
	at org.junit.platform.launcher.core.EngineExecutionOrchestrator.execute(EngineExecutionOrchestrator.java:54)
	at org.junit.platform.launcher.core.DefaultLauncher.execute(DefaultLauncher.java:114)
	at org.junit.platform.launcher.core.DefaultLauncher.execute(DefaultLauncher.java:86)
	at org.junit.platform.launcher.core.DefaultLauncherSession$DelegatingLauncher.execute(DefaultLauncherSession.java:86)
	at org.apache.maven.surefire.junitplatform.LazyLauncher.execute(LazyLauncher.java:50)
	at org.apache.maven.surefire.junitplatform.JUnitPlatformProvider.execute(JUnitPlatformProvider.java:184)
	at org.apache.maven.surefire.junitplatform.JUnitPlatformProvider.invokeAllTests(JUnitPlatformProvider.java:148)
	at org.apache.maven.surefire.junitplatform.JUnitPlatformProvider.invoke(JUnitPlatformProvider.java:122)
	at org.apache.maven.surefire.booter.ForkedBooter.runSuitesInProcess(ForkedBooter.java:385)
	at org.apache.maven.surefire.booter.ForkedBooter.execute(ForkedBooter.java:162)
	at org.apache.maven.surefire.booter.ForkedBooter.run(ForkedBooter.java:507)
	at org.apache.maven.surefire.booter.ForkedBooter.main(ForkedBooter.java:495)
[INFO] Tests run: 5, Failures: 0, Errors: 0, Skipped: 0, Time elapsed: 0.019 s - in com.hmdp.cache.RedisCacheRebuildLockTest
[INFO] Running com.hmdp.config.AdminRoleProviderTest
[INFO] Tests run: 3, Failures: 0, Errors: 0, Skipped: 0, Time elapsed: 0.008 s - in com.hmdp.config.AdminRoleProviderTest
[INFO] Running com.hmdp.config.InternalTokenInterceptorTest
[INFO] Tests run: 4, Failures: 0, Errors: 0, Skipped: 0, Time elapsed: 0.06 s - in com.hmdp.config.InternalTokenInterceptorTest
[INFO] Running com.hmdp.config.MultiLevelCacheAutoConfigurationTest
[INFO] Tests run: 2, Failures: 0, Errors: 0, Skipped: 0, Time elapsed: 0.783 s - in com.hmdp.config.MultiLevelCacheAutoConfigurationTest
[INFO] Running com.hmdp.config.RedissonConfigTest
[INFO] Tests run: 6, Failures: 0, Errors: 0, Skipped: 0, Time elapsed: 0.12 s - in com.hmdp.config.RedissonConfigTest
[INFO] Running com.hmdp.config.SaTokenConfigPathsTest
[INFO] Tests run: 1, Failures: 0, Errors: 0, Skipped: 0, Time elapsed: 0.004 s - in com.hmdp.config.SaTokenConfigPathsTest
[INFO] Running com.hmdp.config.SaTokenExceptionHandlerContractTest
[INFO] Tests run: 3, Failures: 0, Errors: 0, Skipped: 0, Time elapsed: 0.011 s - in com.hmdp.config.SaTokenExceptionHandlerContractTest
[INFO] Running com.hmdp.config.ServiceRegistrationIpContractTest
[INFO] Tests run: 2, Failures: 0, Errors: 0, Skipped: 0, Time elapsed: 0.111 s - in com.hmdp.config.ServiceRegistrationIpContractTest
[INFO] Running com.hmdp.contract.FeignContractTest
[INFO] Tests run: 2, Failures: 0, Errors: 0, Skipped: 0, Time elapsed: 0.732 s - in com.hmdp.contract.FeignContractTest
[INFO] Running com.hmdp.dto.UserInfoVOTest
[INFO] Tests run: 2, Failures: 0, Errors: 0, Skipped: 0, Time elapsed: 0.012 s - in com.hmdp.dto.UserInfoVOTest
[INFO] Running com.hmdp.schema.SchemaConsistencyTest
[INFO] Tests run: 4, Failures: 0, Errors: 0, Skipped: 0, Time elapsed: 0.038 s - in com.hmdp.schema.SchemaConsistencyTest
[INFO] Running com.hmdp.utils.RedisIdWorkerTest
16:48:34.323 [main] WARN com.hmdp.utils.RedisIdWorker -- 检测到时钟回拨 2 秒，复用上次时间戳 159004800
16:48:34.328 [main] WARN com.hmdp.utils.RedisIdWorker -- 检测到时钟回拨 3 秒，复用上次时间戳 159004800
[INFO] Tests run: 4, Failures: 0, Errors: 0, Skipped: 0, Time elapsed: 0.013 s - in com.hmdp.utils.RedisIdWorkerTest
[INFO] 
[INFO] Results:
[INFO] 
[INFO] Tests run: 58, Failures: 0, Errors: 0, Skipped: 0
[INFO] 
[INFO] 
[INFO] ----------------------< com.hmdp:gateway-service >----------------------
[INFO] Building gateway-service 0.0.1-SNAPSHOT                            [3/6]
[INFO]   from gateway-service\pom.xml
[INFO] --------------------------------[ jar ]---------------------------------
[INFO] 
[INFO] --- resources:3.3.1:resources (default-resources) @ gateway-service ---
[INFO] Copying 1 resource from src\main\resources to target\classes
[INFO] Copying 3 resources from src\main\resources to target\classes
[INFO] 
[INFO] --- compiler:3.11.0:compile (default-compile) @ gateway-service ---
[INFO] Nothing to compile - all classes are up to date
[INFO] 
[INFO] --- resources:3.3.1:testResources (default-testResources) @ gateway-service ---
[INFO] skip non existing resourceDirectory D:\hm-dianping\gateway-service\src\test\resources
[INFO] 
[INFO] --- compiler:3.11.0:testCompile (default-testCompile) @ gateway-service ---
[INFO] Nothing to compile - all classes are up to date
[INFO] 
[INFO] --- surefire:3.0.0:test (default-test) @ gateway-service ---
[INFO] Using auto detected provider org.apache.maven.surefire.junitplatform.JUnitPlatformProvider
[INFO] 
[INFO] -------------------------------------------------------
[INFO]  T E S T S
[INFO] -------------------------------------------------------
[INFO] Running com.hmdp.gateway.config.SaTokenGatewayErrorStatusTest
[INFO] Tests run: 2, Failures: 0, Errors: 0, Skipped: 0, Time elapsed: 0.557 s - in com.hmdp.gateway.config.SaTokenGatewayErrorStatusTest
[INFO] Running com.hmdp.gateway.filter.PathRateLimitFilterTest
WARNING: A Java agent has been loaded dynamically (D:\apache-maven-3.9.9\mvn_repo\net\bytebuddy\byte-buddy-agent\1.14.16\byte-buddy-agent-1.14.16.jar)
WARNING: If a serviceability tool is in use, please run with -XX:+EnableDynamicAgentLoading to hide this warning
WARNING: If a serviceability tool is not in use, please run with -Djdk.instrument.traceUsage for more information
WARNING: Dynamic loading of agents will be disallowed by default in a future release
Java HotSpot(TM) 64-Bit Server VM warning: Sharing is only supported for boot loader classes because bootstrap classpath has been appended
16:48:39.240 [main] WARN com.hmdp.gateway.filter.PathRateLimitFilter -- 网关限流触发: path=/voucher-order/seckill/1, dimension=ip, identity=10.0.0.7
16:48:39.403 [main] WARN com.hmdp.gateway.filter.PathRateLimitFilter -- 网关限流触发: path=/voucher-order/seckill/1, dimension=ip, identity=10.0.0.7
[INFO] Tests run: 6, Failures: 0, Errors: 0, Skipped: 0, Time elapsed: 2.341 s - in com.hmdp.gateway.filter.PathRateLimitFilterTest
[INFO] Running com.hmdp.gateway.filter.RiskBlacklistFilterTest
16:48:40.004 [main] WARN com.hmdp.gateway.filter.RiskBlacklistFilter -- 风控黑名单查询异常，fail-open 放行: path=/voucher-order/seckill/1
org.springframework.data.redis.RedisConnectionFailureException: redis down
	at org.springframework.data.redis.core.RedisTemplate.opsForSet(RedisTemplate.java:1006)
	at com.hmdp.gateway.filter.RiskBlacklistFilter.isBlacklisted(RiskBlacklistFilter.java:85)
	at com.hmdp.gateway.filter.RiskBlacklistFilter.filter(RiskBlacklistFilter.java:57)
	at com.hmdp.gateway.filter.RiskBlacklistFilterTest.lambda$Redis异常时fail_open放行$0(RiskBlacklistFilterTest.java:103)
	at org.junit.jupiter.api.AssertDoesNotThrow.assertDoesNotThrow(AssertDoesNotThrow.java:71)
	at org.junit.jupiter.api.AssertDoesNotThrow.assertDoesNotThrow(AssertDoesNotThrow.java:58)
	at org.junit.jupiter.api.Assertions.assertDoesNotThrow(Assertions.java:3196)
	at com.hmdp.gateway.filter.RiskBlacklistFilterTest.Redis异常时fail_open放行(RiskBlacklistFilterTest.java:103)
	at java.base/jdk.internal.reflect.DirectMethodHandleAccessor.invoke(DirectMethodHandleAccessor.java:103)
	at java.base/java.lang.reflect.Method.invoke(Method.java:580)
	at org.junit.platform.commons.util.ReflectionUtils.invokeMethod(ReflectionUtils.java:727)
	at org.junit.jupiter.engine.execution.MethodInvocation.proceed(MethodInvocation.java:60)
	at org.junit.jupiter.engine.execution.InvocationInterceptorChain$ValidatingInvocation.proceed(InvocationInterceptorChain.java:131)
	at org.junit.jupiter.engine.extension.TimeoutExtension.intercept(TimeoutExtension.java:156)
	at org.junit.jupiter.engine.extension.TimeoutExtension.interceptTestableMethod(TimeoutExtension.java:147)
	at org.junit.jupiter.engine.extension.TimeoutExtension.interceptTestMethod(TimeoutExtension.java:86)
	at org.junit.jupiter.engine.execution.InterceptingExecutableInvoker$ReflectiveInterceptorCall.lambda$ofVoidMethod$0(InterceptingExecutableInvoker.java:103)
	at org.junit.jupiter.engine.execution.InterceptingExecutableInvoker.lambda$invoke$0(InterceptingExecutableInvoker.java:93)
	at org.junit.jupiter.engine.execution.InvocationInterceptorChain$InterceptedInvocation.proceed(InvocationInterceptorChain.java:106)
	at org.junit.jupiter.engine.execution.InvocationInterceptorChain.proceed(InvocationInterceptorChain.java:64)
	at org.junit.jupiter.engine.execution.InvocationInterceptorChain.chainAndInvoke(InvocationInterceptorChain.java:45)
	at org.junit.jupiter.engine.execution.InvocationInterceptorChain.invoke(InvocationInterceptorChain.java:37)
	at org.junit.jupiter.engine.execution.InterceptingExecutableInvoker.invoke(InterceptingExecutableInvoker.java:92)
	at org.junit.jupiter.engine.execution.InterceptingExecutableInvoker.invoke(InterceptingExecutableInvoker.java:86)
	at org.junit.jupiter.engine.descriptor.TestMethodTestDescriptor.lambda$invokeTestMethod$7(TestMethodTestDescriptor.java:217)
	at org.junit.platform.engine.support.hierarchical.ThrowableCollector.execute(ThrowableCollector.java:73)
	at org.junit.jupiter.engine.descriptor.TestMethodTestDescriptor.invokeTestMethod(TestMethodTestDescriptor.java:213)
	at org.junit.jupiter.engine.descriptor.TestMethodTestDescriptor.execute(TestMethodTestDescriptor.java:138)
	at org.junit.jupiter.engine.descriptor.TestMethodTestDescriptor.execute(TestMethodTestDescriptor.java:68)
	at org.junit.platform.engine.support.hierarchical.NodeTestTask.lambda$executeRecursively$6(NodeTestTask.java:151)
	at org.junit.platform.engine.support.hierarchical.ThrowableCollector.execute(ThrowableCollector.java:73)
	at org.junit.platform.engine.support.hierarchical.NodeTestTask.lambda$executeRecursively$8(NodeTestTask.java:141)
	at org.junit.platform.engine.support.hierarchical.Node.around(Node.java:137)
	at org.junit.platform.engine.support.hierarchical.NodeTestTask.lambda$executeRecursively$9(NodeTestTask.java:139)
	at org.junit.platform.engine.support.hierarchical.ThrowableCollector.execute(ThrowableCollector.java:73)
	at org.junit.platform.engine.support.hierarchical.NodeTestTask.executeRecursively(NodeTestTask.java:138)
	at org.junit.platform.engine.support.hierarchical.NodeTestTask.execute(NodeTestTask.java:95)
	at java.base/java.util.ArrayList.forEach(ArrayList.java:1596)
	at org.junit.platform.engine.support.hierarchical.SameThreadHierarchicalTestExecutorService.invokeAll(SameThreadHierarchicalTestExecutorService.java:41)
	at org.junit.platform.engine.support.hierarchical.NodeTestTask.lambda$executeRecursively$6(NodeTestTask.java:155)
	at org.junit.platform.engine.support.hierarchical.ThrowableCollector.execute(ThrowableCollector.java:73)
	at org.junit.platform.engine.support.hierarchical.NodeTestTask.lambda$executeRecursively$8(NodeTestTask.java:141)
	at org.junit.platform.engine.support.hierarchical.Node.around(Node.java:137)
	at org.junit.platform.engine.support.hierarchical.NodeTestTask.lambda$executeRecursively$9(NodeTestTask.java:139)
	at org.junit.platform.engine.support.hierarchical.ThrowableCollector.execute(ThrowableCollector.java:73)
	at org.junit.platform.engine.support.hierarchical.NodeTestTask.executeRecursively(NodeTestTask.java:138)
	at org.junit.platform.engine.support.hierarchical.NodeTestTask.execute(NodeTestTask.java:95)
	at java.base/java.util.ArrayList.forEach(ArrayList.java:1596)
	at org.junit.platform.engine.support.hierarchical.SameThreadHierarchicalTestExecutorService.invokeAll(SameThreadHierarchicalTestExecutorService.java:41)
	at org.junit.platform.engine.support.hierarchical.NodeTestTask.lambda$executeRecursively$6(NodeTestTask.java:155)
	at org.junit.platform.engine.support.hierarchical.ThrowableCollector.execute(ThrowableCollector.java:73)
	at org.junit.platform.engine.support.hierarchical.NodeTestTask.lambda$executeRecursively$8(NodeTestTask.java:141)
	at org.junit.platform.engine.support.hierarchical.Node.around(Node.java:137)
	at org.junit.platform.engine.support.hierarchical.NodeTestTask.lambda$executeRecursively$9(NodeTestTask.java:139)
	at org.junit.platform.engine.support.hierarchical.ThrowableCollector.execute(ThrowableCollector.java:73)
	at org.junit.platform.engine.support.hierarchical.NodeTestTask.executeRecursively(NodeTestTask.java:138)
	at org.junit.platform.engine.support.hierarchical.NodeTestTask.execute(NodeTestTask.java:95)
	at org.junit.platform.engine.support.hierarchical.SameThreadHierarchicalTestExecutorService.submit(SameThreadHierarchicalTestExecutorService.java:35)
	at org.junit.platform.engine.support.hierarchical.HierarchicalTestExecutor.execute(HierarchicalTestExecutor.java:57)
	at org.junit.platform.engine.support.hierarchical.HierarchicalTestEngine.execute(HierarchicalTestEngine.java:54)
	at org.junit.platform.launcher.core.EngineExecutionOrchestrator.execute(EngineExecutionOrchestrator.java:147)
	at org.junit.platform.launcher.core.EngineExecutionOrchestrator.execute(EngineExecutionOrchestrator.java:127)
	at org.junit.platform.launcher.core.EngineExecutionOrchestrator.execute(EngineExecutionOrchestrator.java:90)
	at org.junit.platform.launcher.core.EngineExecutionOrchestrator.lambda$execute$0(EngineExecutionOrchestrator.java:55)
	at org.junit.platform.launcher.core.EngineExecutionOrchestrator.withInterceptedStreams(EngineExecutionOrchestrator.java:102)
	at org.junit.platform.launcher.core.EngineExecutionOrchestrator.execute(EngineExecutionOrchestrator.java:54)
	at org.junit.platform.launcher.core.DefaultLauncher.execute(DefaultLauncher.java:114)
	at org.junit.platform.launcher.core.DefaultLauncher.execute(DefaultLauncher.java:86)
	at org.junit.platform.launcher.core.DefaultLauncherSession$DelegatingLauncher.execute(DefaultLauncherSession.java:86)
	at org.apache.maven.surefire.junitplatform.LazyLauncher.execute(LazyLauncher.java:50)
	at org.apache.maven.surefire.junitplatform.JUnitPlatformProvider.execute(JUnitPlatformProvider.java:184)
	at org.apache.maven.surefire.junitplatform.JUnitPlatformProvider.invokeAllTests(JUnitPlatformProvider.java:148)
	at org.apache.maven.surefire.junitplatform.JUnitPlatformProvider.invoke(JUnitPlatformProvider.java:122)
	at org.apache.maven.surefire.booter.ForkedBooter.runSuitesInProcess(ForkedBooter.java:385)
	at org.apache.maven.surefire.booter.ForkedBooter.execute(ForkedBooter.java:162)
	at org.apache.maven.surefire.booter.ForkedBooter.run(ForkedBooter.java:507)
	at org.apache.maven.surefire.booter.ForkedBooter.main(ForkedBooter.java:495)
16:48:40.043 [main] WARN com.hmdp.gateway.filter.RiskBlacklistFilter -- 风控黑名单拦截: path=/voucher-order/seckill/1, dimension=ip, identity=10.0.0.9
[INFO] Tests run: 5, Failures: 0, Errors: 0, Skipped: 0, Time elapsed: 0.638 s - in com.hmdp.gateway.filter.RiskBlacklistFilterTest
[INFO] Running com.hmdp.gateway.limit.AgentTokenBucketLimiterFailOpenTest
16:48:40.086 [main] WARN com.hmdp.gateway.limit.AgentTokenBucketLimiter -- 限流器 Redis 异常，fail-open 放行: key=agent:rl:failopen:2
org.springframework.data.redis.RedisConnectionFailureException: redis down
	at org.springframework.data.redis.core.RedisTemplate.execute(RedisTemplate.java:493)
	at com.hmdp.gateway.limit.AgentTokenBucketLimiter.tryAcquire(AgentTokenBucketLimiter.java:51)
	at com.hmdp.gateway.limit.AgentTokenBucketLimiter.tryAcquire(AgentTokenBucketLimiter.java:69)
	at com.hmdp.gateway.limit.AgentTokenBucketLimiterFailOpenTest.redis异常时默认参数重载放行(AgentTokenBucketLimiterFailOpenTest.java:46)
	at java.base/jdk.internal.reflect.DirectMethodHandleAccessor.invoke(DirectMethodHandleAccessor.java:103)
	at java.base/java.lang.reflect.Method.invoke(Method.java:580)
	at org.junit.platform.commons.util.ReflectionUtils.invokeMethod(ReflectionUtils.java:727)
	at org.junit.jupiter.engine.execution.MethodInvocation.proceed(MethodInvocation.java:60)
	at org.junit.jupiter.engine.execution.InvocationInterceptorChain$ValidatingInvocation.proceed(InvocationInterceptorChain.java:131)
	at org.junit.jupiter.engine.extension.TimeoutExtension.intercept(TimeoutExtension.java:156)
	at org.junit.jupiter.engine.extension.TimeoutExtension.interceptTestableMethod(TimeoutExtension.java:147)
	at org.junit.jupiter.engine.extension.TimeoutExtension.interceptTestMethod(TimeoutExtension.java:86)
	at org.junit.jupiter.engine.execution.InterceptingExecutableInvoker$ReflectiveInterceptorCall.lambda$ofVoidMethod$0(InterceptingExecutableInvoker.java:103)
	at org.junit.jupiter.engine.execution.InterceptingExecutableInvoker.lambda$invoke$0(InterceptingExecutableInvoker.java:93)
	at org.junit.jupiter.engine.execution.InvocationInterceptorChain$InterceptedInvocation.proceed(InvocationInterceptorChain.java:106)
	at org.junit.jupiter.engine.execution.InvocationInterceptorChain.proceed(InvocationInterceptorChain.java:64)
	at org.junit.jupiter.engine.execution.InvocationInterceptorChain.chainAndInvoke(InvocationInterceptorChain.java:45)
	at org.junit.jupiter.engine.execution.InvocationInterceptorChain.invoke(InvocationInterceptorChain.java:37)
	at org.junit.jupiter.engine.execution.InterceptingExecutableInvoker.invoke(InterceptingExecutableInvoker.java:92)
	at org.junit.jupiter.engine.execution.InterceptingExecutableInvoker.invoke(InterceptingExecutableInvoker.java:86)
	at org.junit.jupiter.engine.descriptor.TestMethodTestDescriptor.lambda$invokeTestMethod$7(TestMethodTestDescriptor.java:217)
	at org.junit.platform.engine.support.hierarchical.ThrowableCollector.execute(ThrowableCollector.java:73)
	at org.junit.jupiter.engine.descriptor.TestMethodTestDescriptor.invokeTestMethod(TestMethodTestDescriptor.java:213)
	at org.junit.jupiter.engine.descriptor.TestMethodTestDescriptor.execute(TestMethodTestDescriptor.java:138)
	at org.junit.jupiter.engine.descriptor.TestMethodTestDescriptor.execute(TestMethodTestDescriptor.java:68)
	at org.junit.platform.engine.support.hierarchical.NodeTestTask.lambda$executeRecursively$6(NodeTestTask.java:151)
	at org.junit.platform.engine.support.hierarchical.ThrowableCollector.execute(ThrowableCollector.java:73)
	at org.junit.platform.engine.support.hierarchical.NodeTestTask.lambda$executeRecursively$8(NodeTestTask.java:141)
	at org.junit.platform.engine.support.hierarchical.Node.around(Node.java:137)
	at org.junit.platform.engine.support.hierarchical.NodeTestTask.lambda$executeRecursively$9(NodeTestTask.java:139)
	at org.junit.platform.engine.support.hierarchical.ThrowableCollector.execute(ThrowableCollector.java:73)
	at org.junit.platform.engine.support.hierarchical.NodeTestTask.executeRecursively(NodeTestTask.java:138)
	at org.junit.platform.engine.support.hierarchical.NodeTestTask.execute(NodeTestTask.java:95)
	at java.base/java.util.ArrayList.forEach(ArrayList.java:1596)
	at org.junit.platform.engine.support.hierarchical.SameThreadHierarchicalTestExecutorService.invokeAll(SameThreadHierarchicalTestExecutorService.java:41)
	at org.junit.platform.engine.support.hierarchical.NodeTestTask.lambda$executeRecursively$6(NodeTestTask.java:155)
	at org.junit.platform.engine.support.hierarchical.ThrowableCollector.execute(ThrowableCollector.java:73)
	at org.junit.platform.engine.support.hierarchical.NodeTestTask.lambda$executeRecursively$8(NodeTestTask.java:141)
	at org.junit.platform.engine.support.hierarchical.Node.around(Node.java:137)
	at org.junit.platform.engine.support.hierarchical.NodeTestTask.lambda$executeRecursively$9(NodeTestTask.java:139)
	at org.junit.platform.engine.support.hierarchical.ThrowableCollector.execute(ThrowableCollector.java:73)
	at org.junit.platform.engine.support.hierarchical.NodeTestTask.executeRecursively(NodeTestTask.java:138)
	at org.junit.platform.engine.support.hierarchical.NodeTestTask.execute(NodeTestTask.java:95)
	at java.base/java.util.ArrayList.forEach(ArrayList.java:1596)
	at org.junit.platform.engine.support.hierarchical.SameThreadHierarchicalTestExecutorService.invokeAll(SameThreadHierarchicalTestExecutorService.java:41)
	at org.junit.platform.engine.support.hierarchical.NodeTestTask.lambda$executeRecursively$6(NodeTestTask.java:155)
	at org.junit.platform.engine.support.hierarchical.ThrowableCollector.execute(ThrowableCollector.java:73)
	at org.junit.platform.engine.support.hierarchical.NodeTestTask.lambda$executeRecursively$8(NodeTestTask.java:141)
	at org.junit.platform.engine.support.hierarchical.Node.around(Node.java:137)
	at org.junit.platform.engine.support.hierarchical.NodeTestTask.lambda$executeRecursively$9(NodeTestTask.java:139)
	at org.junit.platform.engine.support.hierarchical.ThrowableCollector.execute(ThrowableCollector.java:73)
	at org.junit.platform.engine.support.hierarchical.NodeTestTask.executeRecursively(NodeTestTask.java:138)
	at org.junit.platform.engine.support.hierarchical.NodeTestTask.execute(NodeTestTask.java:95)
	at org.junit.platform.engine.support.hierarchical.SameThreadHierarchicalTestExecutorService.submit(SameThreadHierarchicalTestExecutorService.java:35)
	at org.junit.platform.engine.support.hierarchical.HierarchicalTestExecutor.execute(HierarchicalTestExecutor.java:57)
	at org.junit.platform.engine.support.hierarchical.HierarchicalTestEngine.execute(HierarchicalTestEngine.java:54)
	at org.junit.platform.launcher.core.EngineExecutionOrchestrator.execute(EngineExecutionOrchestrator.java:147)
	at org.junit.platform.launcher.core.EngineExecutionOrchestrator.execute(EngineExecutionOrchestrator.java:127)
	at org.junit.platform.launcher.core.EngineExecutionOrchestrator.execute(EngineExecutionOrchestrator.java:90)
	at org.junit.platform.launcher.core.EngineExecutionOrchestrator.lambda$execute$0(EngineExecutionOrchestrator.java:55)
	at org.junit.platform.launcher.core.EngineExecutionOrchestrator.withInterceptedStreams(EngineExecutionOrchestrator.java:102)
	at org.junit.platform.launcher.core.EngineExecutionOrchestrator.execute(EngineExecutionOrchestrator.java:54)
	at org.junit.platform.launcher.core.DefaultLauncher.execute(DefaultLauncher.java:114)
	at org.junit.platform.launcher.core.DefaultLauncher.execute(DefaultLauncher.java:86)
	at org.junit.platform.launcher.core.DefaultLauncherSession$DelegatingLauncher.execute(DefaultLauncherSession.java:86)
	at org.apache.maven.surefire.junitplatform.LazyLauncher.execute(LazyLauncher.java:50)
	at org.apache.maven.surefire.junitplatform.JUnitPlatformProvider.execute(JUnitPlatformProvider.java:184)
	at org.apache.maven.surefire.junitplatform.JUnitPlatformProvider.invokeAllTests(JUnitPlatformProvider.java:148)
	at org.apache.maven.surefire.junitplatform.JUnitPlatformProvider.invoke(JUnitPlatformProvider.java:122)
	at org.apache.maven.surefire.booter.ForkedBooter.runSuitesInProcess(ForkedBooter.java:385)
	at org.apache.maven.surefire.booter.ForkedBooter.execute(ForkedBooter.java:162)
	at org.apache.maven.surefire.booter.ForkedBooter.run(ForkedBooter.java:507)
	at org.apache.maven.surefire.booter.ForkedBooter.main(ForkedBooter.java:495)
16:48:40.104 [main] WARN com.hmdp.gateway.limit.AgentTokenBucketLimiter -- 限流器 Redis 异常，fail-open 放行: key=agent:rl:failopen:1
org.springframework.data.redis.RedisConnectionFailureException: redis down
	at org.springframework.data.redis.core.RedisTemplate.execute(RedisTemplate.java:493)
	at com.hmdp.gateway.limit.AgentTokenBucketLimiter.tryAcquire(AgentTokenBucketLimiter.java:51)
	at com.hmdp.gateway.limit.AgentTokenBucketLimiterFailOpenTest.redis异常时参数化重载放行(AgentTokenBucketLimiterFailOpenTest.java:38)
	at java.base/jdk.internal.reflect.DirectMethodHandleAccessor.invoke(DirectMethodHandleAccessor.java:103)
	at java.base/java.lang.reflect.Method.invoke(Method.java:580)
	at org.junit.platform.commons.util.ReflectionUtils.invokeMethod(ReflectionUtils.java:727)
	at org.junit.jupiter.engine.execution.MethodInvocation.proceed(MethodInvocation.java:60)
	at org.junit.jupiter.engine.execution.InvocationInterceptorChain$ValidatingInvocation.proceed(InvocationInterceptorChain.java:131)
	at org.junit.jupiter.engine.extension.TimeoutExtension.intercept(TimeoutExtension.java:156)
	at org.junit.jupiter.engine.extension.TimeoutExtension.interceptTestableMethod(TimeoutExtension.java:147)
	at org.junit.jupiter.engine.extension.TimeoutExtension.interceptTestMethod(TimeoutExtension.java:86)
	at org.junit.jupiter.engine.execution.InterceptingExecutableInvoker$ReflectiveInterceptorCall.lambda$ofVoidMethod$0(InterceptingExecutableInvoker.java:103)
	at org.junit.jupiter.engine.execution.InterceptingExecutableInvoker.lambda$invoke$0(InterceptingExecutableInvoker.java:93)
	at org.junit.jupiter.engine.execution.InvocationInterceptorChain$InterceptedInvocation.proceed(InvocationInterceptorChain.java:106)
	at org.junit.jupiter.engine.execution.InvocationInterceptorChain.proceed(InvocationInterceptorChain.java:64)
	at org.junit.jupiter.engine.execution.InvocationInterceptorChain.chainAndInvoke(InvocationInterceptorChain.java:45)
	at org.junit.jupiter.engine.execution.InvocationInterceptorChain.invoke(InvocationInterceptorChain.java:37)
	at org.junit.jupiter.engine.execution.InterceptingExecutableInvoker.invoke(InterceptingExecutableInvoker.java:92)
	at org.junit.jupiter.engine.execution.InterceptingExecutableInvoker.invoke(InterceptingExecutableInvoker.java:86)
	at org.junit.jupiter.engine.descriptor.TestMethodTestDescriptor.lambda$invokeTestMethod$7(TestMethodTestDescriptor.java:217)
	at org.junit.platform.engine.support.hierarchical.ThrowableCollector.execute(ThrowableCollector.java:73)
	at org.junit.jupiter.engine.descriptor.TestMethodTestDescriptor.invokeTestMethod(TestMethodTestDescriptor.java:213)
	at org.junit.jupiter.engine.descriptor.TestMethodTestDescriptor.execute(TestMethodTestDescriptor.java:138)
	at org.junit.jupiter.engine.descriptor.TestMethodTestDescriptor.execute(TestMethodTestDescriptor.java:68)
	at org.junit.platform.engine.support.hierarchical.NodeTestTask.lambda$executeRecursively$6(NodeTestTask.java:151)
	at org.junit.platform.engine.support.hierarchical.ThrowableCollector.execute(ThrowableCollector.java:73)
	at org.junit.platform.engine.support.hierarchical.NodeTestTask.lambda$executeRecursively$8(NodeTestTask.java:141)
	at org.junit.platform.engine.support.hierarchical.Node.around(Node.java:137)
	at org.junit.platform.engine.support.hierarchical.NodeTestTask.lambda$executeRecursively$9(NodeTestTask.java:139)
	at org.junit.platform.engine.support.hierarchical.ThrowableCollector.execute(ThrowableCollector.java:73)
	at org.junit.platform.engine.support.hierarchical.NodeTestTask.executeRecursively(NodeTestTask.java:138)
	at org.junit.platform.engine.support.hierarchical.NodeTestTask.execute(NodeTestTask.java:95)
	at java.base/java.util.ArrayList.forEach(ArrayList.java:1596)
	at org.junit.platform.engine.support.hierarchical.SameThreadHierarchicalTestExecutorService.invokeAll(SameThreadHierarchicalTestExecutorService.java:41)
	at org.junit.platform.engine.support.hierarchical.NodeTestTask.lambda$executeRecursively$6(NodeTestTask.java:155)
	at org.junit.platform.engine.support.hierarchical.ThrowableCollector.execute(ThrowableCollector.java:73)
	at org.junit.platform.engine.support.hierarchical.NodeTestTask.lambda$executeRecursively$8(NodeTestTask.java:141)
	at org.junit.platform.engine.support.hierarchical.Node.around(Node.java:137)
	at org.junit.platform.engine.support.hierarchical.NodeTestTask.lambda$executeRecursively$9(NodeTestTask.java:139)
	at org.junit.platform.engine.support.hierarchical.ThrowableCollector.execute(ThrowableCollector.java:73)
	at org.junit.platform.engine.support.hierarchical.NodeTestTask.executeRecursively(NodeTestTask.java:138)
	at org.junit.platform.engine.support.hierarchical.NodeTestTask.execute(NodeTestTask.java:95)
	at java.base/java.util.ArrayList.forEach(ArrayList.java:1596)
	at org.junit.platform.engine.support.hierarchical.SameThreadHierarchicalTestExecutorService.invokeAll(SameThreadHierarchicalTestExecutorService.java:41)
	at org.junit.platform.engine.support.hierarchical.NodeTestTask.lambda$executeRecursively$6(NodeTestTask.java:155)
	at org.junit.platform.engine.support.hierarchical.ThrowableCollector.execute(ThrowableCollector.java:73)
	at org.junit.platform.engine.support.hierarchical.NodeTestTask.lambda$executeRecursively$8(NodeTestTask.java:141)
	at org.junit.platform.engine.support.hierarchical.Node.around(Node.java:137)
	at org.junit.platform.engine.support.hierarchical.NodeTestTask.lambda$executeRecursively$9(NodeTestTask.java:139)
	at org.junit.platform.engine.support.hierarchical.ThrowableCollector.execute(ThrowableCollector.java:73)
	at org.junit.platform.engine.support.hierarchical.NodeTestTask.executeRecursively(NodeTestTask.java:138)
	at org.junit.platform.engine.support.hierarchical.NodeTestTask.execute(NodeTestTask.java:95)
	at org.junit.platform.engine.support.hierarchical.SameThreadHierarchicalTestExecutorService.submit(SameThreadHierarchicalTestExecutorService.java:35)
	at org.junit.platform.engine.support.hierarchical.HierarchicalTestExecutor.execute(HierarchicalTestExecutor.java:57)
	at org.junit.platform.engine.support.hierarchical.HierarchicalTestEngine.execute(HierarchicalTestEngine.java:54)
	at org.junit.platform.launcher.core.EngineExecutionOrchestrator.execute(EngineExecutionOrchestrator.java:147)
	at org.junit.platform.launcher.core.EngineExecutionOrchestrator.execute(EngineExecutionOrchestrator.java:127)
	at org.junit.platform.launcher.core.EngineExecutionOrchestrator.execute(EngineExecutionOrchestrator.java:90)
	at org.junit.platform.launcher.core.EngineExecutionOrchestrator.lambda$execute$0(EngineExecutionOrchestrator.java:55)
	at org.junit.platform.launcher.core.EngineExecutionOrchestrator.withInterceptedStreams(EngineExecutionOrchestrator.java:102)
	at org.junit.platform.launcher.core.EngineExecutionOrchestrator.execute(EngineExecutionOrchestrator.java:54)
	at org.junit.platform.launcher.core.DefaultLauncher.execute(DefaultLauncher.java:114)
	at org.junit.platform.launcher.core.DefaultLauncher.execute(DefaultLauncher.java:86)
	at org.junit.platform.launcher.core.DefaultLauncherSession$DelegatingLauncher.execute(DefaultLauncherSession.java:86)
	at org.apache.maven.surefire.junitplatform.LazyLauncher.execute(LazyLauncher.java:50)
	at org.apache.maven.surefire.junitplatform.JUnitPlatformProvider.execute(JUnitPlatformProvider.java:184)
	at org.apache.maven.surefire.junitplatform.JUnitPlatformProvider.invokeAllTests(JUnitPlatformProvider.java:148)
	at org.apache.maven.surefire.junitplatform.JUnitPlatformProvider.invoke(JUnitPlatformProvider.java:122)
	at org.apache.maven.surefire.booter.ForkedBooter.runSuitesInProcess(ForkedBooter.java:385)
	at org.apache.maven.surefire.booter.ForkedBooter.execute(ForkedBooter.java:162)
	at org.apache.maven.surefire.booter.ForkedBooter.run(ForkedBooter.java:507)
	at org.apache.maven.surefire.booter.ForkedBooter.main(ForkedBooter.java:495)
[INFO] Tests run: 4, Failures: 0, Errors: 0, Skipped: 0, Time elapsed: 0.031 s - in com.hmdp.gateway.limit.AgentTokenBucketLimiterFailOpenTest
[INFO] Running com.hmdp.gateway.route.GatewayRouteContractTest
[INFO] Tests run: 5, Failures: 0, Errors: 0, Skipped: 0, Time elapsed: 0.356 s - in com.hmdp.gateway.route.GatewayRouteContractTest
[INFO] 
[INFO] Results:
[INFO] 
[INFO] Tests run: 22, Failures: 0, Errors: 0, Skipped: 0
[INFO] 
[INFO] 
[INFO] -----------------------< com.hmdp:shop-service >------------------------
[INFO] Building shop-service 0.0.1-SNAPSHOT                               [4/6]
[INFO]   from shop-service\pom.xml
[INFO] --------------------------------[ jar ]---------------------------------
[INFO] 
[INFO] --- resources:3.3.1:resources (default-resources) @ shop-service ---
[INFO] Copying 1 resource from src\main\resources to target\classes
[INFO] Copying 1 resource from src\main\resources to target\classes
[INFO] 
[INFO] --- compiler:3.11.0:compile (default-compile) @ shop-service ---
[INFO] Nothing to compile - all classes are up to date
[INFO] 
[INFO] --- resources:3.3.1:testResources (default-testResources) @ shop-service ---
[INFO] skip non existing resourceDirectory D:\hm-dianping\shop-service\src\test\resources
[INFO] 
[INFO] --- compiler:3.11.0:testCompile (default-testCompile) @ shop-service ---
[INFO] Nothing to compile - all classes are up to date
[INFO] 
[INFO] --- surefire:3.0.0:test (default-test) @ shop-service ---
[INFO] Using auto detected provider org.apache.maven.surefire.junitplatform.JUnitPlatformProvider
[INFO] 
[INFO] -------------------------------------------------------
[INFO]  T E S T S
[INFO] -------------------------------------------------------
[INFO] Running com.hmdp.shop.controller.ShopControllerTest
WARNING: A Java agent has been loaded dynamically (D:\apache-maven-3.9.9\mvn_repo\net\bytebuddy\byte-buddy-agent\1.14.16\byte-buddy-agent-1.14.16.jar)
WARNING: If a serviceability tool is in use, please run with -XX:+EnableDynamicAgentLoading to hide this warning
WARNING: If a serviceability tool is not in use, please run with -Djdk.instrument.traceUsage for more information
WARNING: Dynamic loading of agents will be disallowed by default in a future release
Java HotSpot(TM) 64-Bit Server VM warning: Sharing is only supported for boot loader classes because bootstrap classpath has been appended
[INFO] Tests run: 1, Failures: 0, Errors: 0, Skipped: 0, Time elapsed: 1.866 s - in com.hmdp.shop.controller.ShopControllerTest
[INFO] Running com.hmdp.shop.controller.ShopControllerValidationTest
2026-10-10T16:48:45.072+08:00  WARN 28276 --- [           main] c.a.nacos.client.logging.NacosLogging    : Load Logback Configuration of Nacos fail, message: Could not initialize Logback Nacos logging from classpath:nacos-logback.xml
2026-10-10T16:48:45.213+08:00  WARN 28276 --- [           main] c.a.nacos.client.logging.NacosLogging    : Load Logback Configuration of Nacos fail, message: Could not initialize Logback Nacos logging from classpath:nacos-logback.xml
2026-10-10T16:48:45.779+08:00  WARN 28276 --- [           main] c.a.nacos.client.logging.NacosLogging    : Load Logback Configuration of Nacos fail, message: Could not initialize Logback Nacos logging from classpath:nacos-logback.xml

  .   ____          _            __ _ _
 /\\ / ___'_ __ _ _(_)_ __  __ _ \ \ \ \
( ( )\___ | '_ | '_| | '_ \/ _` | \ \ \ \
 \\/  ___)| |_)| | | | | || (_| |  ) ) ) )
  '  |____| .__|_| |_|_| |_\__, | / / / /
 =========|_|==============|___/=/_/_/_/
 :: Spring Boot ::               (v3.1.12)

2026-10-10T16:48:45.811+08:00  WARN 28276 --- [           main] c.a.nacos.client.logging.NacosLogging    : Load Logback Configuration of Nacos fail, message: Could not initialize Logback Nacos logging from classpath:nacos-logback.xml
2026-10-10T16:48:45.813+08:00  INFO 28276 --- [           main] c.h.s.c.ShopControllerValidationTest     : No active profile set, falling back to 1 default profile: "default"
2026-10-10T16:48:47.028+08:00  INFO 28276 --- [           main] o.s.b.t.m.w.SpringBootMockServletContext : Initializing Spring TestDispatcherServlet ''
2026-10-10T16:48:47.029+08:00  INFO 28276 --- [           main] o.s.t.web.servlet.TestDispatcherServlet  : Initializing Servlet ''
2026-10-10T16:48:47.032+08:00  INFO 28276 --- [           main] o.s.t.web.servlet.TestDispatcherServlet  : Completed initialization in 2 ms
2026-10-10T16:48:47.051+08:00  INFO 28276 --- [           main] c.h.s.c.ShopControllerValidationTest     : Started ShopControllerValidationTest in 2.573 seconds (process running for 5.779)
2026-10-10T16:48:47.292+08:00  WARN 28276 --- [           main] c.h.s.c.ShopValidationExceptionHandler   : 参数校验失败: 页码必须大于等于 1
2026-10-10T16:48:47.664+08:00  WARN 28276 --- [           main] c.h.s.c.ShopValidationExceptionHandler   : 参数校验失败: 页码必须大于等于 1
[INFO] Tests run: 4, Failures: 0, Errors: 0, Skipped: 0, Time elapsed: 3.794 s - in com.hmdp.shop.controller.ShopControllerValidationTest
[INFO] Running com.hmdp.shop.service.impl.ShopServiceImplQueryByIdTest
2026-10-10T16:48:47.739+08:00  WARN 28276 --- [           main] c.h.shop.service.impl.ShopServiceImpl    : 店铺不存在，ID: 99999
2026-10-10T16:48:47.818+08:00  INFO 28276 --- [           main] c.h.shop.service.impl.ShopServiceImpl    : 开始更新店铺信息，店铺ID: 3
2026-10-10T16:48:47.818+08:00  INFO 28276 --- [           main] c.h.shop.service.impl.ShopServiceImpl    : 更新前店铺名称: null
2026-10-10T16:48:47.820+08:00  INFO 28276 --- [           main] c.h.shop.service.impl.ShopServiceImpl    : 数据库更新成功，缓存已失效，店铺ID: 3
2026-10-10T16:48:47.828+08:00  INFO 28276 --- [           main] c.h.shop.service.impl.ShopServiceImpl    : 开始更新店铺信息，店铺ID: 4
2026-10-10T16:48:47.828+08:00  INFO 28276 --- [           main] c.h.shop.service.impl.ShopServiceImpl    : 更新前店铺名称: null
2026-10-10T16:48:47.828+08:00 ERROR 28276 --- [           main] c.h.shop.service.impl.ShopServiceImpl    : 数据库更新失败，店铺ID: 4
[INFO] Tests run: 6, Failures: 0, Errors: 0, Skipped: 0, Time elapsed: 0.159 s - in com.hmdp.shop.service.impl.ShopServiceImplQueryByIdTest
[INFO] Running com.hmdp.shop.service.impl.ShopServiceImplQueryShopByTypeTest
2026-10-10T16:48:48.077+08:00  INFO 28276 --- [           main] c.h.shop.service.impl.ShopServiceImpl    : 查询类型为 1 的店铺，页码: 2, 坐标: (116.4, 39.9)
2026-10-10T16:48:48.077+08:00  INFO 28276 --- [           main] c.h.shop.service.impl.ShopServiceImpl    : 执行地理位置查询，从第 5 条到第 10 条，半径 0.0 公里
2026-10-10T16:48:48.084+08:00  INFO 28276 --- [           main] c.h.shop.service.impl.ShopServiceImpl    : 没有更多店铺数据
2026-10-10T16:48:48.092+08:00  INFO 28276 --- [           main] c.h.shop.service.impl.ShopServiceImpl    : 查询类型为 1 的店铺，页码: 0, 坐标: (116.4, 39.9)
2026-10-10T16:48:48.092+08:00  INFO 28276 --- [           main] c.h.shop.service.impl.ShopServiceImpl    : 执行地理位置查询，从第 0 条到第 5 条，半径 0.0 公里
2026-10-10T16:48:48.092+08:00  INFO 28276 --- [           main] c.h.shop.service.impl.ShopServiceImpl    : 没有更多店铺数据
2026-10-10T16:48:48.102+08:00  INFO 28276 --- [           main] c.h.shop.service.impl.ShopServiceImpl    : 查询类型为 1 的店铺，页码: null, 坐标: (116.4, 39.9)
2026-10-10T16:48:48.102+08:00  INFO 28276 --- [           main] c.h.shop.service.impl.ShopServiceImpl    : 执行地理位置查询，从第 0 条到第 5 条，半径 0.0 公里
2026-10-10T16:48:48.102+08:00  INFO 28276 --- [           main] c.h.shop.service.impl.ShopServiceImpl    : 没有更多店铺数据
[INFO] Tests run: 3, Failures: 0, Errors: 0, Skipped: 0, Time elapsed: 0.255 s - in com.hmdp.shop.service.impl.ShopServiceImplQueryShopByTypeTest
[INFO] Running com.hmdp.shop.service.ShopCacheServiceTest
2026-10-10T16:48:48.351+08:00  INFO 28276 --- [           main] com.hmdp.cache.LocalCacheRegistry        : L1 本地缓存已注册：shop
2026-10-10T16:48:48.984+08:00  WARN 28276 --- [           main] com.hmdp.cache.MultiLevelCache           : 缓存重建锁等待超时，降级为无锁回源。key=cache:shop:1
2026-10-10T16:48:49.671+08:00  WARN 28276 --- [           main] com.hmdp.cache.MultiLevelCache           : 缓存重建锁等待超时，降级为无锁回源。key=cache:shop:2
2026-10-10T16:48:50.294+08:00  WARN 28276 --- [           main] com.hmdp.cache.MultiLevelCache           : 缓存重建锁等待超时，降级为无锁回源。key=cache:shop:3
2026-10-10T16:48:50.915+08:00  WARN 28276 --- [           main] com.hmdp.cache.MultiLevelCache           : 缓存重建锁等待超时，降级为无锁回源。key=cache:shop:4
2026-10-10T16:48:51.538+08:00  WARN 28276 --- [           main] com.hmdp.cache.MultiLevelCache           : 缓存重建锁等待超时，降级为无锁回源。key=cache:shop:5
2026-10-10T16:48:52.161+08:00  WARN 28276 --- [           main] com.hmdp.cache.MultiLevelCache           : 缓存重建锁等待超时，降级为无锁回源。key=cache:shop:6
2026-10-10T16:48:52.786+08:00  WARN 28276 --- [           main] com.hmdp.cache.MultiLevelCache           : 缓存重建锁等待超时，降级为无锁回源。key=cache:shop:7
2026-10-10T16:48:53.408+08:00  WARN 28276 --- [           main] com.hmdp.cache.MultiLevelCache           : 缓存重建锁等待超时，降级为无锁回源。key=cache:shop:8
2026-10-10T16:48:54.036+08:00  WARN 28276 --- [           main] com.hmdp.cache.MultiLevelCache           : 缓存重建锁等待超时，降级为无锁回源。key=cache:shop:9
2026-10-10T16:48:54.659+08:00  WARN 28276 --- [           main] com.hmdp.cache.MultiLevelCache           : 缓存重建锁等待超时，降级为无锁回源。key=cache:shop:10
2026-10-10T16:48:55.287+08:00  WARN 28276 --- [           main] com.hmdp.cache.MultiLevelCache           : 缓存重建锁等待超时，降级为无锁回源。key=cache:shop:11
2026-10-10T16:48:55.909+08:00  WARN 28276 --- [           main] com.hmdp.cache.MultiLevelCache           : 缓存重建锁等待超时，降级为无锁回源。key=cache:shop:12
2026-10-10T16:48:56.534+08:00  WARN 28276 --- [           main] com.hmdp.cache.MultiLevelCache           : 缓存重建锁等待超时，降级为无锁回源。key=cache:shop:13
2026-10-10T16:48:57.158+08:00  WARN 28276 --- [           main] com.hmdp.cache.MultiLevelCache           : 缓存重建锁等待超时，降级为无锁回源。key=cache:shop:14
2026-10-10T16:48:57.785+08:00  WARN 28276 --- [           main] com.hmdp.cache.MultiLevelCache           : 缓存重建锁等待超时，降级为无锁回源。key=cache:shop:15
2026-10-10T16:48:58.411+08:00  WARN 28276 --- [           main] com.hmdp.cache.MultiLevelCache           : 缓存重建锁等待超时，降级为无锁回源。key=cache:shop:16
2026-10-10T16:48:59.031+08:00  WARN 28276 --- [           main] com.hmdp.cache.MultiLevelCache           : 缓存重建锁等待超时，降级为无锁回源。key=cache:shop:17
2026-10-10T16:48:59.656+08:00  WARN 28276 --- [           main] com.hmdp.cache.MultiLevelCache           : 缓存重建锁等待超时，降级为无锁回源。key=cache:shop:18
2026-10-10T16:49:00.282+08:00  WARN 28276 --- [           main] com.hmdp.cache.MultiLevelCache           : 缓存重建锁等待超时，降级为无锁回源。key=cache:shop:19
2026-10-10T16:49:00.907+08:00  WARN 28276 --- [           main] com.hmdp.cache.MultiLevelCache           : 缓存重建锁等待超时，降级为无锁回源。key=cache:shop:20
2026-10-10T16:49:01.531+08:00  WARN 28276 --- [           main] com.hmdp.cache.MultiLevelCache           : 缓存重建锁等待超时，降级为无锁回源。key=cache:shop:21
2026-10-10T16:49:02.155+08:00  WARN 28276 --- [           main] com.hmdp.cache.MultiLevelCache           : 缓存重建锁等待超时，降级为无锁回源。key=cache:shop:22
2026-10-10T16:49:02.780+08:00  WARN 28276 --- [           main] com.hmdp.cache.MultiLevelCache           : 缓存重建锁等待超时，降级为无锁回源。key=cache:shop:23
2026-10-10T16:49:03.403+08:00  WARN 28276 --- [           main] com.hmdp.cache.MultiLevelCache           : 缓存重建锁等待超时，降级为无锁回源。key=cache:shop:24
2026-10-10T16:49:04.025+08:00  WARN 28276 --- [           main] com.hmdp.cache.MultiLevelCache           : 缓存重建锁等待超时，降级为无锁回源。key=cache:shop:25
2026-10-10T16:49:04.647+08:00  WARN 28276 --- [           main] com.hmdp.cache.MultiLevelCache           : 缓存重建锁等待超时，降级为无锁回源。key=cache:shop:26
2026-10-10T16:49:05.268+08:00  WARN 28276 --- [           main] com.hmdp.cache.MultiLevelCache           : 缓存重建锁等待超时，降级为无锁回源。key=cache:shop:27
2026-10-10T16:49:05.892+08:00  WARN 28276 --- [           main] com.hmdp.cache.MultiLevelCache           : 缓存重建锁等待超时，降级为无锁回源。key=cache:shop:28
2026-10-10T16:49:06.517+08:00  WARN 28276 --- [           main] com.hmdp.cache.MultiLevelCache           : 缓存重建锁等待超时，降级为无锁回源。key=cache:shop:29
2026-10-10T16:49:07.140+08:00  WARN 28276 --- [           main] com.hmdp.cache.MultiLevelCache           : 缓存重建锁等待超时，降级为无锁回源。key=cache:shop:30
2026-10-10T16:49:07.764+08:00  WARN 28276 --- [           main] com.hmdp.cache.MultiLevelCache           : 缓存重建锁等待超时，降级为无锁回源。key=cache:shop:31
2026-10-10T16:49:08.388+08:00  WARN 28276 --- [           main] com.hmdp.cache.MultiLevelCache           : 缓存重建锁等待超时，降级为无锁回源。key=cache:shop:32
2026-10-10T16:49:09.013+08:00  WARN 28276 --- [           main] com.hmdp.cache.MultiLevelCache           : 缓存重建锁等待超时，降级为无锁回源。key=cache:shop:33
2026-10-10T16:49:09.635+08:00  WARN 28276 --- [           main] com.hmdp.cache.MultiLevelCache           : 缓存重建锁等待超时，降级为无锁回源。key=cache:shop:34
2026-10-10T16:49:10.258+08:00  WARN 28276 --- [           main] com.hmdp.cache.MultiLevelCache           : 缓存重建锁等待超时，降级为无锁回源。key=cache:shop:35
2026-10-10T16:49:10.879+08:00  WARN 28276 --- [           main] com.hmdp.cache.MultiLevelCache           : 缓存重建锁等待超时，降级为无锁回源。key=cache:shop:36
2026-10-10T16:49:11.496+08:00  WARN 28276 --- [           main] com.hmdp.cache.MultiLevelCache           : 缓存重建锁等待超时，降级为无锁回源。key=cache:shop:37
2026-10-10T16:49:12.117+08:00  WARN 28276 --- [           main] com.hmdp.cache.MultiLevelCache           : 缓存重建锁等待超时，降级为无锁回源。key=cache:shop:38
2026-10-10T16:49:12.740+08:00  WARN 28276 --- [           main] com.hmdp.cache.MultiLevelCache           : 缓存重建锁等待超时，降级为无锁回源。key=cache:shop:39
2026-10-10T16:49:13.362+08:00  WARN 28276 --- [           main] com.hmdp.cache.MultiLevelCache           : 缓存重建锁等待超时，降级为无锁回源。key=cache:shop:40
2026-10-10T16:49:13.992+08:00  WARN 28276 --- [           main] com.hmdp.cache.MultiLevelCache           : 缓存重建锁等待超时，降级为无锁回源。key=cache:shop:41
2026-10-10T16:49:14.618+08:00  WARN 28276 --- [           main] com.hmdp.cache.MultiLevelCache           : 缓存重建锁等待超时，降级为无锁回源。key=cache:shop:42
2026-10-10T16:49:15.241+08:00  WARN 28276 --- [           main] com.hmdp.cache.MultiLevelCache           : 缓存重建锁等待超时，降级为无锁回源。key=cache:shop:43
2026-10-10T16:49:15.866+08:00  WARN 28276 --- [           main] com.hmdp.cache.MultiLevelCache           : 缓存重建锁等待超时，降级为无锁回源。key=cache:shop:44
2026-10-10T16:49:16.491+08:00  WARN 28276 --- [           main] com.hmdp.cache.MultiLevelCache           : 缓存重建锁等待超时，降级为无锁回源。key=cache:shop:45
2026-10-10T16:49:17.112+08:00  WARN 28276 --- [           main] com.hmdp.cache.MultiLevelCache           : 缓存重建锁等待超时，降级为无锁回源。key=cache:shop:46
2026-10-10T16:49:17.735+08:00  WARN 28276 --- [           main] com.hmdp.cache.MultiLevelCache           : 缓存重建锁等待超时，降级为无锁回源。key=cache:shop:47
2026-10-10T16:49:18.358+08:00  WARN 28276 --- [           main] com.hmdp.cache.MultiLevelCache           : 缓存重建锁等待超时，降级为无锁回源。key=cache:shop:48
2026-10-10T16:49:18.977+08:00  WARN 28276 --- [           main] com.hmdp.cache.MultiLevelCache           : 缓存重建锁等待超时，降级为无锁回源。key=cache:shop:49
2026-10-10T16:49:19.603+08:00  WARN 28276 --- [           main] com.hmdp.cache.MultiLevelCache           : 缓存重建锁等待超时，降级为无锁回源。key=cache:shop:50
2026-10-10T16:49:20.226+08:00  WARN 28276 --- [           main] com.hmdp.cache.MultiLevelCache           : 缓存重建锁等待超时，降级为无锁回源。key=cache:shop:51
2026-10-10T16:49:20.852+08:00  WARN 28276 --- [           main] com.hmdp.cache.MultiLevelCache           : 缓存重建锁等待超时，降级为无锁回源。key=cache:shop:52
2026-10-10T16:49:21.476+08:00  WARN 28276 --- [           main] com.hmdp.cache.MultiLevelCache           : 缓存重建锁等待超时，降级为无锁回源。key=cache:shop:53
2026-10-10T16:49:22.100+08:00  WARN 28276 --- [           main] com.hmdp.cache.MultiLevelCache           : 缓存重建锁等待超时，降级为无锁回源。key=cache:shop:54
2026-10-10T16:49:22.725+08:00  WARN 28276 --- [           main] com.hmdp.cache.MultiLevelCache           : 缓存重建锁等待超时，降级为无锁回源。key=cache:shop:55
2026-10-10T16:49:23.350+08:00  WARN 28276 --- [           main] com.hmdp.cache.MultiLevelCache           : 缓存重建锁等待超时，降级为无锁回源。key=cache:shop:56
2026-10-10T16:49:23.977+08:00  WARN 28276 --- [           main] com.hmdp.cache.MultiLevelCache           : 缓存重建锁等待超时，降级为无锁回源。key=cache:shop:57
2026-10-10T16:49:24.601+08:00  WARN 28276 --- [           main] com.hmdp.cache.MultiLevelCache           : 缓存重建锁等待超时，降级为无锁回源。key=cache:shop:58
2026-10-10T16:49:25.225+08:00  WARN 28276 --- [           main] com.hmdp.cache.MultiLevelCache           : 缓存重建锁等待超时，降级为无锁回源。key=cache:shop:59
2026-10-10T16:49:25.852+08:00  WARN 28276 --- [           main] com.hmdp.cache.MultiLevelCache           : 缓存重建锁等待超时，降级为无锁回源。key=cache:shop:60
2026-10-10T16:49:26.473+08:00  WARN 28276 --- [           main] com.hmdp.cache.MultiLevelCache           : 缓存重建锁等待超时，降级为无锁回源。key=cache:shop:61
2026-10-10T16:49:27.099+08:00  WARN 28276 --- [           main] com.hmdp.cache.MultiLevelCache           : 缓存重建锁等待超时，降级为无锁回源。key=cache:shop:62
2026-10-10T16:49:27.721+08:00  WARN 28276 --- [           main] com.hmdp.cache.MultiLevelCache           : 缓存重建锁等待超时，降级为无锁回源。key=cache:shop:63
2026-10-10T16:49:28.343+08:00  WARN 28276 --- [           main] com.hmdp.cache.MultiLevelCache           : 缓存重建锁等待超时，降级为无锁回源。key=cache:shop:64
2026-10-10T16:49:28.966+08:00  WARN 28276 --- [           main] com.hmdp.cache.MultiLevelCache           : 缓存重建锁等待超时，降级为无锁回源。key=cache:shop:65
2026-10-10T16:49:29.587+08:00  WARN 28276 --- [           main] com.hmdp.cache.MultiLevelCache           : 缓存重建锁等待超时，降级为无锁回源。key=cache:shop:66
2026-10-10T16:49:30.209+08:00  WARN 28276 --- [           main] com.hmdp.cache.MultiLevelCache           : 缓存重建锁等待超时，降级为无锁回源。key=cache:shop:67
2026-10-10T16:49:30.830+08:00  WARN 28276 --- [           main] com.hmdp.cache.MultiLevelCache           : 缓存重建锁等待超时，降级为无锁回源。key=cache:shop:68
2026-10-10T16:49:31.452+08:00  WARN 28276 --- [           main] com.hmdp.cache.MultiLevelCache           : 缓存重建锁等待超时，降级为无锁回源。key=cache:shop:69
2026-10-10T16:49:32.075+08:00  WARN 28276 --- [           main] com.hmdp.cache.MultiLevelCache           : 缓存重建锁等待超时，降级为无锁回源。key=cache:shop:70
2026-10-10T16:49:32.694+08:00  WARN 28276 --- [           main] com.hmdp.cache.MultiLevelCache           : 缓存重建锁等待超时，降级为无锁回源。key=cache:shop:71
2026-10-10T16:49:33.314+08:00  WARN 28276 --- [           main] com.hmdp.cache.MultiLevelCache           : 缓存重建锁等待超时，降级为无锁回源。key=cache:shop:72
2026-10-10T16:49:33.935+08:00  WARN 28276 --- [           main] com.hmdp.cache.MultiLevelCache           : 缓存重建锁等待超时，降级为无锁回源。key=cache:shop:73
2026-10-10T16:49:34.555+08:00  WARN 28276 --- [           main] com.hmdp.cache.MultiLevelCache           : 缓存重建锁等待超时，降级为无锁回源。key=cache:shop:74
2026-10-10T16:49:35.178+08:00  WARN 28276 --- [           main] com.hmdp.cache.MultiLevelCache           : 缓存重建锁等待超时，降级为无锁回源。key=cache:shop:75
2026-10-10T16:49:35.802+08:00  WARN 28276 --- [           main] com.hmdp.cache.MultiLevelCache           : 缓存重建锁等待超时，降级为无锁回源。key=cache:shop:76
2026-10-10T16:49:36.419+08:00  WARN 28276 --- [           main] com.hmdp.cache.MultiLevelCache           : 缓存重建锁等待超时，降级为无锁回源。key=cache:shop:77
2026-10-10T16:49:37.047+08:00  WARN 28276 --- [           main] com.hmdp.cache.MultiLevelCache           : 缓存重建锁等待超时，降级为无锁回源。key=cache:shop:78
2026-10-10T16:49:37.669+08:00  WARN 28276 --- [           main] com.hmdp.cache.MultiLevelCache           : 缓存重建锁等待超时，降级为无锁回源。key=cache:shop:79
2026-10-10T16:49:38.293+08:00  WARN 28276 --- [           main] com.hmdp.cache.MultiLevelCache           : 缓存重建锁等待超时，降级为无锁回源。key=cache:shop:80
2026-10-10T16:49:38.920+08:00  WARN 28276 --- [           main] com.hmdp.cache.MultiLevelCache           : 缓存重建锁等待超时，降级为无锁回源。key=cache:shop:81
2026-10-10T16:49:39.545+08:00  WARN 28276 --- [           main] com.hmdp.cache.MultiLevelCache           : 缓存重建锁等待超时，降级为无锁回源。key=cache:shop:82
2026-10-10T16:49:40.167+08:00  WARN 28276 --- [           main] com.hmdp.cache.MultiLevelCache           : 缓存重建锁等待超时，降级为无锁回源。key=cache:shop:83
2026-10-10T16:49:40.790+08:00  WARN 28276 --- [           main] com.hmdp.cache.MultiLevelCache           : 缓存重建锁等待超时，降级为无锁回源。key=cache:shop:84
2026-10-10T16:49:41.409+08:00  WARN 28276 --- [           main] com.hmdp.cache.MultiLevelCache           : 缓存重建锁等待超时，降级为无锁回源。key=cache:shop:85
2026-10-10T16:49:42.031+08:00  WARN 28276 --- [           main] com.hmdp.cache.MultiLevelCache           : 缓存重建锁等待超时，降级为无锁回源。key=cache:shop:86
2026-10-10T16:49:42.653+08:00  WARN 28276 --- [           main] com.hmdp.cache.MultiLevelCache           : 缓存重建锁等待超时，降级为无锁回源。key=cache:shop:87
2026-10-10T16:49:43.277+08:00  WARN 28276 --- [           main] com.hmdp.cache.MultiLevelCache           : 缓存重建锁等待超时，降级为无锁回源。key=cache:shop:88
2026-10-10T16:49:43.905+08:00  WARN 28276 --- [           main] com.hmdp.cache.MultiLevelCache           : 缓存重建锁等待超时，降级为无锁回源。key=cache:shop:89
2026-10-10T16:49:44.523+08:00  WARN 28276 --- [           main] com.hmdp.cache.MultiLevelCache           : 缓存重建锁等待超时，降级为无锁回源。key=cache:shop:90
2026-10-10T16:49:45.145+08:00  WARN 28276 --- [           main] com.hmdp.cache.MultiLevelCache           : 缓存重建锁等待超时，降级为无锁回源。key=cache:shop:91
2026-10-10T16:49:45.770+08:00  WARN 28276 --- [           main] com.hmdp.cache.MultiLevelCache           : 缓存重建锁等待超时，降级为无锁回源。key=cache:shop:92
2026-10-10T16:49:46.393+08:00  WARN 28276 --- [           main] com.hmdp.cache.MultiLevelCache           : 缓存重建锁等待超时，降级为无锁回源。key=cache:shop:93
2026-10-10T16:49:47.014+08:00  WARN 28276 --- [           main] com.hmdp.cache.MultiLevelCache           : 缓存重建锁等待超时，降级为无锁回源。key=cache:shop:94
2026-10-10T16:49:47.638+08:00  WARN 28276 --- [           main] com.hmdp.cache.MultiLevelCache           : 缓存重建锁等待超时，降级为无锁回源。key=cache:shop:95
2026-10-10T16:49:48.259+08:00  WARN 28276 --- [           main] com.hmdp.cache.MultiLevelCache           : 缓存重建锁等待超时，降级为无锁回源。key=cache:shop:96
2026-10-10T16:49:48.877+08:00  WARN 28276 --- [           main] com.hmdp.cache.MultiLevelCache           : 缓存重建锁等待超时，降级为无锁回源。key=cache:shop:97
2026-10-10T16:49:49.503+08:00  WARN 28276 --- [           main] com.hmdp.cache.MultiLevelCache           : 缓存重建锁等待超时，降级为无锁回源。key=cache:shop:98
2026-10-10T16:49:50.122+08:00  WARN 28276 --- [           main] com.hmdp.cache.MultiLevelCache           : 缓存重建锁等待超时，降级为无锁回源。key=cache:shop:99
2026-10-10T16:49:50.743+08:00  WARN 28276 --- [           main] com.hmdp.cache.MultiLevelCache           : 缓存重建锁等待超时，降级为无锁回源。key=cache:shop:100
2026-10-10T16:49:50.756+08:00  INFO 28276 --- [           main] com.hmdp.cache.LocalCacheRegistry        : L1 本地缓存已注册：shop
2026-10-10T16:49:51.380+08:00  WARN 28276 --- [           main] com.hmdp.cache.MultiLevelCache           : 缓存重建锁等待超时，降级为无锁回源。key=cache:shop:42
2026-10-10T16:49:51.383+08:00  INFO 28276 --- [           main] com.hmdp.cache.LocalCacheRegistry        : L1 本地缓存已注册：shop
2026-10-10T16:49:52.003+08:00  WARN 28276 --- [           main] com.hmdp.cache.MultiLevelCache           : 缓存重建锁等待超时，降级为无锁回源。key=cache:shop:7
2026-10-10T16:49:52.007+08:00  INFO 28276 --- [           main] com.hmdp.cache.LocalCacheRegistry        : L1 本地缓存已注册：shop
2026-10-10T16:49:52.010+08:00  INFO 28276 --- [           main] com.hmdp.cache.LocalCacheRegistry        : L1 本地缓存已注册：shop
2026-10-10T16:49:52.013+08:00  INFO 28276 --- [           main] com.hmdp.cache.LocalCacheRegistry        : L1 本地缓存已注册：shop
2026-10-10T16:49:52.016+08:00  INFO 28276 --- [           main] com.hmdp.cache.LocalCacheRegistry        : L1 本地缓存已注册：shop
2026-10-10T16:49:52.642+08:00  WARN 28276 --- [           main] com.hmdp.cache.MultiLevelCache           : 缓存重建锁等待超时，降级为无锁回源。key=cache:shop:99999
2026-10-10T16:49:52.644+08:00  INFO 28276 --- [           main] com.hmdp.cache.LocalCacheRegistry        : L1 本地缓存已注册：shop
2026-10-10T16:49:52.647+08:00  INFO 28276 --- [           main] com.hmdp.cache.LocalCacheRegistry        : L1 本地缓存已注册：shop
[INFO] Tests run: 9, Failures: 0, Errors: 0, Skipped: 0, Time elapsed: 64.535 s - in com.hmdp.shop.service.ShopCacheServiceTest
[INFO] Running com.hmdp.shop.service.ShopCacheWarmUpTest
2026-10-10T16:49:52.662+08:00  INFO 28276 --- [op-cache-warmup] com.hmdp.shop.service.ShopCacheWarmUp    : 热门店铺缓存预热完成，共 0 个
2026-10-10T16:49:52.663+08:00  INFO 28276 --- [           main] com.hmdp.shop.service.ShopCacheWarmUp    : 热门店铺缓存预热完成，共 2 个
[INFO] Tests run: 2, Failures: 0, Errors: 0, Skipped: 0, Time elapsed: 0.016 s - in com.hmdp.shop.service.ShopCacheWarmUpTest
[INFO] Running com.hmdp.shop.service.ShopGeoIndexWarmUpTest
2026-10-10T16:49:52.671+08:00  INFO 28276 --- [           main] c.hmdp.shop.service.ShopGeoIndexWarmUp   : GEO 索引预热完成，共写入 499 个店铺坐标，覆盖 1 种类型
2026-10-10T16:49:52.676+08:00  INFO 28276 --- [           main] c.hmdp.shop.service.ShopGeoIndexWarmUp   : GEO 索引预热完成，共写入 501 个店铺坐标，覆盖 1 种类型
[INFO] Tests run: 2, Failures: 0, Errors: 0, Skipped: 0, Time elapsed: 0.011 s - in com.hmdp.shop.service.ShopGeoIndexWarmUpTest
[INFO] Running com.hmdp.shop.service.ShopTypeServiceImplTest
2026-10-10T16:49:52.735+08:00  INFO 28276 --- [           main] com.hmdp.cache.LocalCacheRegistry        : L1 本地缓存已注册：shopTypeList
2026-10-10T16:49:52.736+08:00  INFO 28276 --- [           main] c.h.s.service.impl.ShopTypeServiceImpl   : 开始查询商铺分类列表
2026-10-10T16:49:53.359+08:00  WARN 28276 --- [           main] com.hmdp.cache.MultiLevelCache           : 缓存重建锁等待超时，降级为无锁回源。key=shop:list:
2026-10-10T16:49:53.359+08:00  INFO 28276 --- [           main] c.h.s.service.impl.ShopTypeServiceImpl   : 本地缓存与 Redis 均未命中，开始查询数据库
2026-10-10T16:49:53.368+08:00  INFO 28276 --- [           main] c.h.s.service.impl.ShopTypeServiceImpl   : 从数据库中查询到1个商铺分类
2026-10-10T16:49:53.371+08:00 DEBUG 28276 --- [           main] c.h.s.service.impl.ShopTypeServiceImpl   : 商铺分类详情 - ID: 1, 名称: 美食, 图标: null, 排序: null
2026-10-10T16:49:53.371+08:00  INFO 28276 --- [           main] c.h.s.service.impl.ShopTypeServiceImpl   : 商铺分类查询完成，共返回1个分类
2026-10-10T16:49:53.373+08:00  INFO 28276 --- [           main] com.hmdp.cache.LocalCacheRegistry        : L1 本地缓存已注册：shopTypeList
2026-10-10T16:49:53.375+08:00  INFO 28276 --- [           main] c.h.s.service.impl.ShopTypeServiceImpl   : 开始查询商铺分类列表
2026-10-10T16:49:53.995+08:00  WARN 28276 --- [           main] com.hmdp.cache.MultiLevelCache           : 缓存重建锁等待超时，降级为无锁回源。key=shop:list:
2026-10-10T16:49:53.995+08:00  INFO 28276 --- [           main] c.h.s.service.impl.ShopTypeServiceImpl   : 本地缓存与 Redis 均未命中，开始查询数据库
2026-10-10T16:49:53.995+08:00  WARN 28276 --- [           main] c.h.s.service.impl.ShopTypeServiceImpl   : 数据库中未找到任何商铺分类信息
2026-10-10T16:49:53.996+08:00  WARN 28276 --- [           main] com.hmdp.cache.MultiLevelCache           : 写入 Redis 二级缓存失败，忽略。key=shop:list:

java.lang.RuntimeException: Redis 连接失败
	at com.hmdp.cache.MultiLevelCache.redisSet(MultiLevelCache.java:206) ~[classes/:na]
	at com.hmdp.cache.MultiLevelCache.loadFromSource(MultiLevelCache.java:137) ~[classes/:na]
	at com.hmdp.cache.MultiLevelCache.get(MultiLevelCache.java:109) ~[classes/:na]
	at com.hmdp.shop.service.impl.ShopTypeServiceImpl.queryList(ShopTypeServiceImpl.java:45) ~[classes/:na]
	at com.hmdp.shop.service.ShopTypeServiceImplTest.lambda$空值标记写入失败时仍返回失败结果$2(ShopTypeServiceImplTest.java:116) ~[test-classes/:na]
	at org.junit.jupiter.api.AssertDoesNotThrow.assertDoesNotThrow(AssertDoesNotThrow.java:71) ~[junit-jupiter-api-5.9.3.jar:5.9.3]
	at org.junit.jupiter.api.AssertDoesNotThrow.assertDoesNotThrow(AssertDoesNotThrow.java:62) ~[junit-jupiter-api-5.9.3.jar:5.9.3]
	at org.junit.jupiter.api.Assertions.assertDoesNotThrow(Assertions.java:3217) ~[junit-jupiter-api-5.9.3.jar:5.9.3]
	at com.hmdp.shop.service.ShopTypeServiceImplTest.空值标记写入失败时仍返回失败结果(ShopTypeServiceImplTest.java:116) ~[test-classes/:na]
	at java.base/jdk.internal.reflect.DirectMethodHandleAccessor.invoke(DirectMethodHandleAccessor.java:103) ~[na:na]
	at java.base/java.lang.reflect.Method.invoke(Method.java:580) ~[na:na]
	at org.junit.platform.commons.util.ReflectionUtils.invokeMethod(ReflectionUtils.java:727) ~[junit-platform-commons-1.9.3.jar:1.9.3]
	at org.junit.jupiter.engine.execution.MethodInvocation.proceed(MethodInvocation.java:60) ~[junit-jupiter-engine-5.9.3.jar:5.9.3]
	at org.junit.jupiter.engine.execution.InvocationInterceptorChain$ValidatingInvocation.proceed(InvocationInterceptorChain.java:131) ~[junit-jupiter-engine-5.9.3.jar:5.9.3]
	at org.junit.jupiter.engine.extension.TimeoutExtension.intercept(TimeoutExtension.java:156) ~[junit-jupiter-engine-5.9.3.jar:5.9.3]
	at org.junit.jupiter.engine.extension.TimeoutExtension.interceptTestableMethod(TimeoutExtension.java:147) ~[junit-jupiter-engine-5.9.3.jar:5.9.3]
	at org.junit.jupiter.engine.extension.TimeoutExtension.interceptTestMethod(TimeoutExtension.java:86) ~[junit-jupiter-engine-5.9.3.jar:5.9.3]
	at org.junit.jupiter.engine.execution.InterceptingExecutableInvoker$ReflectiveInterceptorCall.lambda$ofVoidMethod$0(InterceptingExecutableInvoker.java:103) ~[junit-jupiter-engine-5.9.3.jar:5.9.3]
	at org.junit.jupiter.engine.execution.InterceptingExecutableInvoker.lambda$invoke$0(InterceptingExecutableInvoker.java:93) ~[junit-jupiter-engine-5.9.3.jar:5.9.3]
	at org.junit.jupiter.engine.execution.InvocationInterceptorChain$InterceptedInvocation.proceed(InvocationInterceptorChain.java:106) ~[junit-jupiter-engine-5.9.3.jar:5.9.3]
	at org.junit.jupiter.engine.execution.InvocationInterceptorChain.proceed(InvocationInterceptorChain.java:64) ~[junit-jupiter-engine-5.9.3.jar:5.9.3]
	at org.junit.jupiter.engine.execution.InvocationInterceptorChain.chainAndInvoke(InvocationInterceptorChain.java:45) ~[junit-jupiter-engine-5.9.3.jar:5.9.3]
	at org.junit.jupiter.engine.execution.InvocationInterceptorChain.invoke(InvocationInterceptorChain.java:37) ~[junit-jupiter-engine-5.9.3.jar:5.9.3]
	at org.junit.jupiter.engine.execution.InterceptingExecutableInvoker.invoke(InterceptingExecutableInvoker.java:92) ~[junit-jupiter-engine-5.9.3.jar:5.9.3]
	at org.junit.jupiter.engine.execution.InterceptingExecutableInvoker.invoke(InterceptingExecutableInvoker.java:86) ~[junit-jupiter-engine-5.9.3.jar:5.9.3]
	at org.junit.jupiter.engine.descriptor.TestMethodTestDescriptor.lambda$invokeTestMethod$7(TestMethodTestDescriptor.java:217) ~[junit-jupiter-engine-5.9.3.jar:5.9.3]
	at org.junit.platform.engine.support.hierarchical.ThrowableCollector.execute(ThrowableCollector.java:73) ~[junit-platform-engine-1.9.3.jar:1.9.3]
	at org.junit.jupiter.engine.descriptor.TestMethodTestDescriptor.invokeTestMethod(TestMethodTestDescriptor.java:213) ~[junit-jupiter-engine-5.9.3.jar:5.9.3]
	at org.junit.jupiter.engine.descriptor.TestMethodTestDescriptor.execute(TestMethodTestDescriptor.java:138) ~[junit-jupiter-engine-5.9.3.jar:5.9.3]
	at org.junit.jupiter.engine.descriptor.TestMethodTestDescriptor.execute(TestMethodTestDescriptor.java:68) ~[junit-jupiter-engine-5.9.3.jar:5.9.3]
	at org.junit.platform.engine.support.hierarchical.NodeTestTask.lambda$executeRecursively$6(NodeTestTask.java:151) ~[junit-platform-engine-1.9.3.jar:1.9.3]
	at org.junit.platform.engine.support.hierarchical.ThrowableCollector.execute(ThrowableCollector.java:73) ~[junit-platform-engine-1.9.3.jar:1.9.3]
	at org.junit.platform.engine.support.hierarchical.NodeTestTask.lambda$executeRecursively$8(NodeTestTask.java:141) ~[junit-platform-engine-1.9.3.jar:1.9.3]
	at org.junit.platform.engine.support.hierarchical.Node.around(Node.java:137) ~[junit-platform-engine-1.9.3.jar:1.9.3]
	at org.junit.platform.engine.support.hierarchical.NodeTestTask.lambda$executeRecursively$9(NodeTestTask.java:139) ~[junit-platform-engine-1.9.3.jar:1.9.3]
	at org.junit.platform.engine.support.hierarchical.ThrowableCollector.execute(ThrowableCollector.java:73) ~[junit-platform-engine-1.9.3.jar:1.9.3]
	at org.junit.platform.engine.support.hierarchical.NodeTestTask.executeRecursively(NodeTestTask.java:138) ~[junit-platform-engine-1.9.3.jar:1.9.3]
	at org.junit.platform.engine.support.hierarchical.NodeTestTask.execute(NodeTestTask.java:95) ~[junit-platform-engine-1.9.3.jar:1.9.3]
	at java.base/java.util.ArrayList.forEach(ArrayList.java:1596) ~[na:na]
	at org.junit.platform.engine.support.hierarchical.SameThreadHierarchicalTestExecutorService.invokeAll(SameThreadHierarchicalTestExecutorService.java:41) ~[junit-platform-engine-1.9.3.jar:1.9.3]
	at org.junit.platform.engine.support.hierarchical.NodeTestTask.lambda$executeRecursively$6(NodeTestTask.java:155) ~[junit-platform-engine-1.9.3.jar:1.9.3]
	at org.junit.platform.engine.support.hierarchical.ThrowableCollector.execute(ThrowableCollector.java:73) ~[junit-platform-engine-1.9.3.jar:1.9.3]
	at org.junit.platform.engine.support.hierarchical.NodeTestTask.lambda$executeRecursively$8(NodeTestTask.java:141) ~[junit-platform-engine-1.9.3.jar:1.9.3]
	at org.junit.platform.engine.support.hierarchical.Node.around(Node.java:137) ~[junit-platform-engine-1.9.3.jar:1.9.3]
	at org.junit.platform.engine.support.hierarchical.NodeTestTask.lambda$executeRecursively$9(NodeTestTask.java:139) ~[junit-platform-engine-1.9.3.jar:1.9.3]
	at org.junit.platform.engine.support.hierarchical.ThrowableCollector.execute(ThrowableCollector.java:73) ~[junit-platform-engine-1.9.3.jar:1.9.3]
	at org.junit.platform.engine.support.hierarchical.NodeTestTask.executeRecursively(NodeTestTask.java:138) ~[junit-platform-engine-1.9.3.jar:1.9.3]
	at org.junit.platform.engine.support.hierarchical.NodeTestTask.execute(NodeTestTask.java:95) ~[junit-platform-engine-1.9.3.jar:1.9.3]
	at java.base/java.util.ArrayList.forEach(ArrayList.java:1596) ~[na:na]
	at org.junit.platform.engine.support.hierarchical.SameThreadHierarchicalTestExecutorService.invokeAll(SameThreadHierarchicalTestExecutorService.java:41) ~[junit-platform-engine-1.9.3.jar:1.9.3]
	at org.junit.platform.engine.support.hierarchical.NodeTestTask.lambda$executeRecursively$6(NodeTestTask.java:155) ~[junit-platform-engine-1.9.3.jar:1.9.3]
	at org.junit.platform.engine.support.hierarchical.ThrowableCollector.execute(ThrowableCollector.java:73) ~[junit-platform-engine-1.9.3.jar:1.9.3]
	at org.junit.platform.engine.support.hierarchical.NodeTestTask.lambda$executeRecursively$8(NodeTestTask.java:141) ~[junit-platform-engine-1.9.3.jar:1.9.3]
	at org.junit.platform.engine.support.hierarchical.Node.around(Node.java:137) ~[junit-platform-engine-1.9.3.jar:1.9.3]
	at org.junit.platform.engine.support.hierarchical.NodeTestTask.lambda$executeRecursively$9(NodeTestTask.java:139) ~[junit-platform-engine-1.9.3.jar:1.9.3]
	at org.junit.platform.engine.support.hierarchical.ThrowableCollector.execute(ThrowableCollector.java:73) ~[junit-platform-engine-1.9.3.jar:1.9.3]
	at org.junit.platform.engine.support.hierarchical.NodeTestTask.executeRecursively(NodeTestTask.java:138) ~[junit-platform-engine-1.9.3.jar:1.9.3]
	at org.junit.platform.engine.support.hierarchical.NodeTestTask.execute(NodeTestTask.java:95) ~[junit-platform-engine-1.9.3.jar:1.9.3]
	at org.junit.platform.engine.support.hierarchical.SameThreadHierarchicalTestExecutorService.submit(SameThreadHierarchicalTestExecutorService.java:35) ~[junit-platform-engine-1.9.3.jar:1.9.3]
	at org.junit.platform.engine.support.hierarchical.HierarchicalTestExecutor.execute(HierarchicalTestExecutor.java:57) ~[junit-platform-engine-1.9.3.jar:1.9.3]
	at org.junit.platform.engine.support.hierarchical.HierarchicalTestEngine.execute(HierarchicalTestEngine.java:54) ~[junit-platform-engine-1.9.3.jar:1.9.3]
	at org.junit.platform.launcher.core.EngineExecutionOrchestrator.execute(EngineExecutionOrchestrator.java:147) ~[junit-platform-launcher-1.9.3.jar:1.9.3]
	at org.junit.platform.launcher.core.EngineExecutionOrchestrator.execute(EngineExecutionOrchestrator.java:127) ~[junit-platform-launcher-1.9.3.jar:1.9.3]
	at org.junit.platform.launcher.core.EngineExecutionOrchestrator.execute(EngineExecutionOrchestrator.java:90) ~[junit-platform-launcher-1.9.3.jar:1.9.3]
	at org.junit.platform.launcher.core.EngineExecutionOrchestrator.lambda$execute$0(EngineExecutionOrchestrator.java:55) ~[junit-platform-launcher-1.9.3.jar:1.9.3]
	at org.junit.platform.launcher.core.EngineExecutionOrchestrator.withInterceptedStreams(EngineExecutionOrchestrator.java:102) ~[junit-platform-launcher-1.9.3.jar:1.9.3]
	at org.junit.platform.launcher.core.EngineExecutionOrchestrator.execute(EngineExecutionOrchestrator.java:54) ~[junit-platform-launcher-1.9.3.jar:1.9.3]
	at org.junit.platform.launcher.core.DefaultLauncher.execute(DefaultLauncher.java:114) ~[junit-platform-launcher-1.9.3.jar:1.9.3]
	at org.junit.platform.launcher.core.DefaultLauncher.execute(DefaultLauncher.java:86) ~[junit-platform-launcher-1.9.3.jar:1.9.3]
	at org.junit.platform.launcher.core.DefaultLauncherSession$DelegatingLauncher.execute(DefaultLauncherSession.java:86) ~[junit-platform-launcher-1.9.3.jar:1.9.3]
	at org.apache.maven.surefire.junitplatform.LazyLauncher.execute(LazyLauncher.java:50) ~[surefire-junit-platform-3.0.0.jar:3.0.0]
	at org.apache.maven.surefire.junitplatform.JUnitPlatformProvider.execute(JUnitPlatformProvider.java:184) ~[surefire-junit-platform-3.0.0.jar:3.0.0]
	at org.apache.maven.surefire.junitplatform.JUnitPlatformProvider.invokeAllTests(JUnitPlatformProvider.java:148) ~[surefire-junit-platform-3.0.0.jar:3.0.0]
	at org.apache.maven.surefire.junitplatform.JUnitPlatformProvider.invoke(JUnitPlatformProvider.java:122) ~[surefire-junit-platform-3.0.0.jar:3.0.0]
	at org.apache.maven.surefire.booter.ForkedBooter.runSuitesInProcess(ForkedBooter.java:385) ~[surefire-booter-3.0.0.jar:3.0.0]
	at org.apache.maven.surefire.booter.ForkedBooter.execute(ForkedBooter.java:162) ~[surefire-booter-3.0.0.jar:3.0.0]
	at org.apache.maven.surefire.booter.ForkedBooter.run(ForkedBooter.java:507) ~[surefire-booter-3.0.0.jar:3.0.0]
	at org.apache.maven.surefire.booter.ForkedBooter.main(ForkedBooter.java:495) ~[surefire-booter-3.0.0.jar:3.0.0]

2026-10-10T16:49:54.000+08:00  INFO 28276 --- [           main] c.h.s.service.impl.ShopTypeServiceImpl   : 商铺分类为空（命中空值标记或库中确无数据）
2026-10-10T16:49:54.002+08:00  INFO 28276 --- [           main] com.hmdp.cache.LocalCacheRegistry        : L1 本地缓存已注册：shopTypeList
2026-10-10T16:49:54.003+08:00  INFO 28276 --- [           main] c.h.s.service.impl.ShopTypeServiceImpl   : 开始查询商铺分类列表
2026-10-10T16:49:54.617+08:00  WARN 28276 --- [           main] com.hmdp.cache.MultiLevelCache           : 缓存重建锁等待超时，降级为无锁回源。key=shop:list:
2026-10-10T16:49:54.617+08:00  INFO 28276 --- [           main] c.h.s.service.impl.ShopTypeServiceImpl   : 本地缓存与 Redis 均未命中，开始查询数据库
2026-10-10T16:49:54.617+08:00  WARN 28276 --- [           main] c.h.s.service.impl.ShopTypeServiceImpl   : 数据库中未找到任何商铺分类信息
2026-10-10T16:49:54.617+08:00  INFO 28276 --- [           main] c.h.s.service.impl.ShopTypeServiceImpl   : 商铺分类为空（命中空值标记或库中确无数据）
2026-10-10T16:49:54.617+08:00  INFO 28276 --- [           main] c.h.s.service.impl.ShopTypeServiceImpl   : 开始查询商铺分类列表
2026-10-10T16:49:54.617+08:00  INFO 28276 --- [           main] c.h.s.service.impl.ShopTypeServiceImpl   : 商铺分类为空（命中空值标记或库中确无数据）
2026-10-10T16:49:54.617+08:00  INFO 28276 --- [           main] c.h.s.service.impl.ShopTypeServiceImpl   : 开始查询商铺分类列表
2026-10-10T16:49:54.617+08:00  INFO 28276 --- [           main] c.h.s.service.impl.ShopTypeServiceImpl   : 商铺分类为空（命中空值标记或库中确无数据）
2026-10-10T16:49:54.617+08:00  INFO 28276 --- [           main] c.h.s.service.impl.ShopTypeServiceImpl   : 开始查询商铺分类列表
2026-10-10T16:49:54.617+08:00  INFO 28276 --- [           main] c.h.s.service.impl.ShopTypeServiceImpl   : 商铺分类为空（命中空值标记或库中确无数据）
2026-10-10T16:49:54.617+08:00  INFO 28276 --- [           main] c.h.s.service.impl.ShopTypeServiceImpl   : 开始查询商铺分类列表
2026-10-10T16:49:54.618+08:00  INFO 28276 --- [           main] c.h.s.service.impl.ShopTypeServiceImpl   : 商铺分类为空（命中空值标记或库中确无数据）
2026-10-10T16:49:54.618+08:00  INFO 28276 --- [           main] c.h.s.service.impl.ShopTypeServiceImpl   : 开始查询商铺分类列表
2026-10-10T16:49:54.618+08:00  INFO 28276 --- [           main] c.h.s.service.impl.ShopTypeServiceImpl   : 商铺分类为空（命中空值标记或库中确无数据）
2026-10-10T16:49:54.618+08:00  INFO 28276 --- [           main] c.h.s.service.impl.ShopTypeServiceImpl   : 开始查询商铺分类列表
2026-10-10T16:49:54.618+08:00  INFO 28276 --- [           main] c.h.s.service.impl.ShopTypeServiceImpl   : 商铺分类为空（命中空值标记或库中确无数据）
2026-10-10T16:49:54.618+08:00  INFO 28276 --- [           main] c.h.s.service.impl.ShopTypeServiceImpl   : 开始查询商铺分类列表
2026-10-10T16:49:54.618+08:00  INFO 28276 --- [           main] c.h.s.service.impl.ShopTypeServiceImpl   : 商铺分类为空（命中空值标记或库中确无数据）
2026-10-10T16:49:54.618+08:00  INFO 28276 --- [           main] c.h.s.service.impl.ShopTypeServiceImpl   : 开始查询商铺分类列表
2026-10-10T16:49:54.618+08:00  INFO 28276 --- [           main] c.h.s.service.impl.ShopTypeServiceImpl   : 商铺分类为空（命中空值标记或库中确无数据）
2026-10-10T16:49:54.619+08:00  INFO 28276 --- [           main] c.h.s.service.impl.ShopTypeServiceImpl   : 开始查询商铺分类列表
2026-10-10T16:49:54.619+08:00  INFO 28276 --- [           main] c.h.s.service.impl.ShopTypeServiceImpl   : 商铺分类为空（命中空值标记或库中确无数据）
2026-10-10T16:49:54.621+08:00  INFO 28276 --- [           main] com.hmdp.cache.LocalCacheRegistry        : L1 本地缓存已注册：shopTypeList
2026-10-10T16:49:54.622+08:00  INFO 28276 --- [           main] c.h.s.service.impl.ShopTypeServiceImpl   : 开始查询商铺分类列表
2026-10-10T16:49:54.622+08:00 DEBUG 28276 --- [           main] c.h.s.service.impl.ShopTypeServiceImpl   : 商铺分类详情 - ID: 1, 名称: 美食, 图标: null, 排序: null
2026-10-10T16:49:54.622+08:00  INFO 28276 --- [           main] c.h.s.service.impl.ShopTypeServiceImpl   : 商铺分类查询完成，共返回1个分类
[INFO] Tests run: 4, Failures: 0, Errors: 0, Skipped: 0, Time elapsed: 1.943 s - in com.hmdp.shop.service.ShopTypeServiceImplTest
[INFO] 
[INFO] Results:
[INFO] 
[INFO] Tests run: 31, Failures: 0, Errors: 0, Skipped: 0
[INFO] 
[INFO] 
[INFO] ----------------------< com.hmdp:voucher-service >----------------------
[INFO] Building voucher-service 0.0.1-SNAPSHOT                            [5/6]
[INFO]   from voucher-service\pom.xml
[INFO] --------------------------------[ jar ]---------------------------------
[INFO] 
[INFO] --- resources:3.3.1:resources (default-resources) @ voucher-service ---
[INFO] Copying 1 resource from src\main\resources to target\classes
[INFO] Copying 1 resource from src\main\resources to target\classes
[INFO] 
[INFO] --- compiler:3.11.0:compile (default-compile) @ voucher-service ---
[INFO] Nothing to compile - all classes are up to date
[INFO] 
[INFO] --- resources:3.3.1:testResources (default-testResources) @ voucher-service ---
[INFO] skip non existing resourceDirectory D:\hm-dianping\voucher-service\src\test\resources
[INFO] 
[INFO] --- compiler:3.11.0:testCompile (default-testCompile) @ voucher-service ---
[INFO] Nothing to compile - all classes are up to date
[INFO] 
[INFO] --- surefire:3.0.0:test (default-test) @ voucher-service ---
[INFO] Using auto detected provider org.apache.maven.surefire.junitplatform.JUnitPlatformProvider
[INFO] 
[INFO] -------------------------------------------------------
[INFO]  T E S T S
[INFO] -------------------------------------------------------
[INFO] Running com.hmdp.voucher.SeckillStockNoCacheContractTest
[INFO] Tests run: 2, Failures: 0, Errors: 0, Skipped: 0, Time elapsed: 0.062 s - in com.hmdp.voucher.SeckillStockNoCacheContractTest
[INFO] Running com.hmdp.voucher.service.SeckillWindowActiveContractTest
WARNING: A Java agent has been loaded dynamically (D:\apache-maven-3.9.9\mvn_repo\net\bytebuddy\byte-buddy-agent\1.14.16\byte-buddy-agent-1.14.16.jar)
WARNING: If a serviceability tool is in use, please run with -XX:+EnableDynamicAgentLoading to hide this warning
WARNING: If a serviceability tool is not in use, please run with -Djdk.instrument.traceUsage for more information
WARNING: Dynamic loading of agents will be disallowed by default in a future release
Java HotSpot(TM) 64-Bit Server VM warning: Sharing is only supported for boot loader classes because bootstrap classpath has been appended
[INFO] Tests run: 1, Failures: 0, Errors: 0, Skipped: 0, Time elapsed: 1.784 s - in com.hmdp.voucher.service.SeckillWindowActiveContractTest
[INFO] Running com.hmdp.voucher.service.VoucherCacheServiceTest
[INFO] Tests run: 2, Failures: 0, Errors: 0, Skipped: 0, Time elapsed: 0.222 s - in com.hmdp.voucher.service.VoucherCacheServiceTest
[INFO] Running com.hmdp.voucher.service.VoucherServiceImplDeductStockTest
[INFO] Tests run: 4, Failures: 0, Errors: 0, Skipped: 0, Time elapsed: 0.478 s - in com.hmdp.voucher.service.VoucherServiceImplDeductStockTest
[INFO] Running com.hmdp.voucher.service.VoucherServiceImplWindowTest
[INFO] Tests run: 3, Failures: 0, Errors: 0, Skipped: 0, Time elapsed: 0.202 s - in com.hmdp.voucher.service.VoucherServiceImplWindowTest
[INFO] 
[INFO] Results:
[INFO] 
[INFO] Tests run: 12, Failures: 0, Errors: 0, Skipped: 0
[INFO] 
[INFO] 
[INFO] -----------------------< com.hmdp:order-service >-----------------------
[INFO] Building order-service 0.0.1-SNAPSHOT                              [6/6]
[INFO]   from order-service\pom.xml
[INFO] --------------------------------[ jar ]---------------------------------
[WARNING] 1 problem was encountered while building the effective model for org.javassist:javassist:jar:3.21.0-GA during dependency collection step for project (use -X to see details)
[INFO] 
[INFO] --- resources:3.3.1:resources (default-resources) @ order-service ---
[INFO] Copying 1 resource from src\main\resources to target\classes
[INFO] Copying 2 resources from src\main\resources to target\classes
[INFO] 
[INFO] --- compiler:3.11.0:compile (default-compile) @ order-service ---
[INFO] Nothing to compile - all classes are up to date
[INFO] 
[INFO] --- resources:3.3.1:testResources (default-testResources) @ order-service ---
[INFO] skip non existing resourceDirectory D:\hm-dianping\order-service\src\test\resources
[INFO] 
[INFO] --- compiler:3.11.0:testCompile (default-testCompile) @ order-service ---
[INFO] Nothing to compile - all classes are up to date
[INFO] 
[INFO] --- surefire:3.0.0:test (default-test) @ order-service ---
[INFO] Using auto detected provider org.apache.maven.surefire.junitplatform.JUnitPlatformProvider
[INFO] 
[INFO] -------------------------------------------------------
[INFO]  T E S T S
[INFO] -------------------------------------------------------
[INFO] Running com.hmdp.order.config.PoolAndFeignConfigContractTest
Standard Commons Logging discovery in action with spring-jcl: please remove commons-logging.jar from classpath in order to avoid potential conflicts
[INFO] Tests run: 4, Failures: 0, Errors: 0, Skipped: 0, Time elapsed: 0.258 s - in com.hmdp.order.config.PoolAndFeignConfigContractTest
[INFO] Running com.hmdp.order.consistency.SeckillConsistencyServiceImplTest
WARNING: A Java agent has been loaded dynamically (D:\apache-maven-3.9.9\mvn_repo\net\bytebuddy\byte-buddy-agent\1.14.16\byte-buddy-agent-1.14.16.jar)
WARNING: If a serviceability tool is in use, please run with -XX:+EnableDynamicAgentLoading to hide this warning
WARNING: If a serviceability tool is not in use, please run with -Djdk.instrument.traceUsage for more information
WARNING: Dynamic loading of agents will be disallowed by default in a future release
Java HotSpot(TM) 64-Bit Server VM warning: Sharing is only supported for boot loader classes because bootstrap classpath has been appended
16:50:03.539 [main] INFO com.hmdp.order.service.impl.SeckillConsistencyServiceImpl -- 开始检查订单一致性: orderId=123, voucherId=1
16:50:03.614 [main] INFO com.hmdp.order.service.impl.SeckillConsistencyServiceImpl -- 订单一致性检查通过: orderId=123, voucherId=1
16:50:03.637 [main] INFO com.hmdp.order.service.impl.SeckillConsistencyServiceImpl -- 开始检查订单一致性: orderId=123, voucherId=1
16:50:03.638 [main] INFO com.hmdp.order.service.impl.SeckillConsistencyServiceImpl -- 订单一致性检查通过: orderId=123, voucherId=1
16:50:03.701 [main] WARN com.hmdp.order.service.impl.SeckillConsistencyServiceImpl -- 秒杀库存已修复: {voucherId=1, dbStock=10, redisStockBefore=null, expectedRedisStock=10, repaired=true, action=REBUILD_STOCK_KEY, redisStockAfter=10}
16:50:03.712 [main] INFO com.hmdp.order.service.impl.SeckillConsistencyServiceImpl -- 开始检查订单一致性: orderId=123, voucherId=1
16:50:03.713 [main] INFO com.hmdp.order.service.impl.SeckillConsistencyServiceImpl -- 订单一致性检查通过: orderId=123, voucherId=1
16:50:03.721 [main] INFO com.hmdp.order.service.impl.SeckillConsistencyServiceImpl -- 开始检查订单一致性: orderId=123, voucherId=1
16:50:03.723 [main] WARN com.hmdp.order.service.impl.SeckillConsistencyServiceImpl -- 库存状态未知，判为不一致: {orderId=123, voucherId=1, dbOrderExists=false, redisDetailExists=false, dbStock=10, redisStock=null, consistent=false, reason=Redis 秒杀库存 key 缺失（需预热）}
16:50:03.735 [main] WARN com.hmdp.order.service.impl.SeckillConsistencyServiceImpl -- 库存已按 Redis 回写 DB: voucherId=1, before=0, after=7
16:50:03.747 [main] WARN com.hmdp.order.service.impl.SeckillConsistencyServiceImpl -- 秒杀库存已修复: {voucherId=1, dbStock=10, redisStockBefore=7, expectedRedisStock=10, repaired=true, action=DB_TO_REDIS, redisStockAfter=10}
16:50:03.758 [main] INFO com.hmdp.order.service.impl.SeckillConsistencyServiceImpl -- 秒杀库存无需修复: {voucherId=1, dbStock=7, redisStockBefore=7, expectedRedisStock=7, repaired=false, action=NOOP, redisStockAfter=7}
16:50:03.768 [main] ERROR com.hmdp.order.service.impl.SeckillConsistencyServiceImpl -- 库存同步写入 DB 失败: voucherId=1, target=7, reason=秒杀券不存在
16:50:03.778 [main] INFO com.hmdp.order.service.impl.SeckillConsistencyServiceImpl -- 待处理订单数量: 1
16:50:03.785 [main] INFO com.hmdp.order.service.impl.SeckillConsistencyServiceImpl -- 开始检查订单一致性: orderId=123, voucherId=1
16:50:03.787 [main] WARN com.hmdp.order.service.impl.SeckillConsistencyServiceImpl -- 发现不一致订单: {orderId=123, voucherId=1, dbOrderExists=false, redisDetailExists=true, consistent=false, reason=Redis 存在预扣明细但数据库无订单（消息未落库）}
16:50:03.795 [main] INFO com.hmdp.order.service.impl.SeckillConsistencyServiceImpl -- 开始检查订单一致性: orderId=123, voucherId=1
16:50:03.807 [main] WARN com.hmdp.order.service.impl.SeckillConsistencyServiceImpl -- 发现库存分歧: {orderId=123, voucherId=1, dbOrderExists=false, redisDetailExists=false, dbStock=10, redisStock=7, expectedRedisStock=10, consistent=false, reason=Redis 可售数 7 与期望值 10（DB 余量 10 ? 在途）不一致}
16:50:03.823 [main] WARN com.hmdp.order.service.impl.SeckillConsistencyServiceImpl -- 秒杀库存已修复: {voucherId=1, dbStock=10, redisStockBefore=7, expectedRedisStock=10, repaired=true, action=DB_TO_REDIS, redisStockAfter=10}
16:50:03.830 [main] WARN com.hmdp.order.service.impl.SeckillConsistencyServiceImpl -- 库存已按 Redis 回写 DB: voucherId=1, before=0, after=7
[INFO] Tests run: 16, Failures: 0, Errors: 0, Skipped: 0, Time elapsed: 2.625 s - in com.hmdp.order.consistency.SeckillConsistencyServiceImplTest
[INFO] Running com.hmdp.order.consistency.SeckillDetailJsonContractTest
[INFO] Tests run: 3, Failures: 0, Errors: 0, Skipped: 0, Time elapsed: 0.014 s - in com.hmdp.order.consistency.SeckillDetailJsonContractTest
[INFO] Running com.hmdp.order.consistency.SeckillKeyContractTest
[INFO] Tests run: 1, Failures: 0, Errors: 0, Skipped: 0, Time elapsed: 0.01 s - in com.hmdp.order.consistency.SeckillKeyContractTest
[INFO] Running com.hmdp.order.controller.SeckillPathParamValidationTest
2026-10-10T16:50:04.988+08:00  WARN 45852 --- [           main] c.a.nacos.client.logging.NacosLogging    : Load Logback Configuration of Nacos fail, message: Could not initialize Logback Nacos logging from classpath:nacos-logback.xml
2026-10-10T16:50:05.132+08:00  WARN 45852 --- [           main] c.a.nacos.client.logging.NacosLogging    : Load Logback Configuration of Nacos fail, message: Could not initialize Logback Nacos logging from classpath:nacos-logback.xml
2026-10-10T16:50:05.772+08:00  WARN 45852 --- [           main] c.a.nacos.client.logging.NacosLogging    : Load Logback Configuration of Nacos fail, message: Could not initialize Logback Nacos logging from classpath:nacos-logback.xml

  .   ____          _            __ _ _
 /\\ / ___'_ __ _ _(_)_ __  __ _ \ \ \ \
( ( )\___ | '_ | '_| | '_ \/ _` | \ \ \ \
 \\/  ___)| |_)| | | | | || (_| |  ) ) ) )
  '  |____| .__|_| |_|_| |_\__, | / / / /
 =========|_|==============|___/=/_/_/_/
 :: Spring Boot ::               (v3.1.12)

2026-10-10T16:50:05.819+08:00  WARN 45852 --- [           main] c.a.nacos.client.logging.NacosLogging    : Load Logback Configuration of Nacos fail, message: Could not initialize Logback Nacos logging from classpath:nacos-logback.xml
2026-10-10T16:50:05.820+08:00  INFO 45852 --- [           main] c.h.o.c.SeckillPathParamValidationTest   : No active profile set, falling back to 1 default profile: "default"
2026-10-10T16:50:07.423+08:00  INFO 45852 --- [           main] o.s.b.t.m.w.SpringBootMockServletContext : Initializing Spring TestDispatcherServlet ''
2026-10-10T16:50:07.424+08:00  INFO 45852 --- [           main] o.s.t.web.servlet.TestDispatcherServlet  : Initializing Servlet ''
2026-10-10T16:50:07.428+08:00  INFO 45852 --- [           main] o.s.t.web.servlet.TestDispatcherServlet  : Completed initialization in 1 ms
2026-10-10T16:50:07.457+08:00  INFO 45852 --- [           main] c.h.o.c.SeckillPathParamValidationTest   : Started SeckillPathParamValidationTest in 3.023 seconds (process running for 7.395)
2026-10-10T16:50:07.767+08:00  WARN 45852 --- [           main] .h.o.h.SeckillValidationExceptionHandler : 秒杀入参类型非法: name=id, value=99999999999999999999
2026-10-10T16:50:07.782+08:00  WARN 45852 --- [           main] .h.o.h.SeckillValidationExceptionHandler : 秒杀入参校验失败: 券ID必须为正数
2026-10-10T16:50:07.790+08:00  WARN 45852 --- [           main] .h.o.h.SeckillValidationExceptionHandler : 秒杀入参校验失败: 券ID必须为正数
[INFO] Tests run: 4, Failures: 0, Errors: 0, Skipped: 0, Time elapsed: 3.901 s - in com.hmdp.order.controller.SeckillPathParamValidationTest
[INFO] Running com.hmdp.order.metrics.FeignFailureRateMonitorTest
2026-10-10T16:50:07.861+08:00  WARN 45852 --- [           main] c.h.o.metrics.FeignFailureRateMonitor    : Feign 失败率超阈值: 10/10 = 100%（阈值 50%）——voucher-service 可能已劣化，消费端将快速失败而非线性堆积。明细指标见 seckill.feign.call
2026-10-10T16:50:07.864+08:00  WARN 45852 --- [           main] c.h.o.metrics.FeignFailureRateMonitor    : Feign 失败率超阈值: 10/10 = 100%（阈值 50%）——voucher-service 可能已劣化，消费端将快速失败而非线性堆积。明细指标见 seckill.feign.call
2026-10-10T16:50:07.869+08:00  WARN 45852 --- [           main] c.h.o.metrics.FeignFailureRateMonitor    : Feign 失败率超阈值: 10/10 = 100%（阈值 50%）——voucher-service 可能已劣化，消费端将快速失败而非线性堆积。明细指标见 seckill.feign.call
[INFO] Tests run: 6, Failures: 0, Errors: 0, Skipped: 0, Time elapsed: 0.068 s - in com.hmdp.order.metrics.FeignFailureRateMonitorTest
[INFO] Running com.hmdp.order.metrics.SeckillMetricsTest
2026-10-10T16:50:08.013+08:00  INFO 45852 --- [           main] com.hmdp.order.metrics.SeckillMetrics    : 秒杀监控指标初始化完成
2026-10-10T16:50:08.022+08:00  INFO 45852 --- [           main] com.hmdp.order.metrics.SeckillMetrics    : 秒杀监控指标初始化完成
2026-10-10T16:50:08.025+08:00  INFO 45852 --- [           main] com.hmdp.order.metrics.SeckillMetrics    : 秒杀监控指标初始化完成
2026-10-10T16:50:08.028+08:00  INFO 45852 --- [           main] com.hmdp.order.metrics.SeckillMetrics    : 秒杀监控指标初始化完成
2026-10-10T16:50:08.031+08:00  INFO 45852 --- [           main] com.hmdp.order.metrics.SeckillMetrics    : 秒杀监控指标初始化完成
[INFO] Tests run: 5, Failures: 0, Errors: 0, Skipped: 0, Time elapsed: 0.156 s - in com.hmdp.order.metrics.SeckillMetricsTest
[INFO] Running com.hmdp.order.mq.SeckillOrderConsumerTest
2026-10-10T16:50:08.090+08:00  INFO 45852 --- [           main] com.hmdp.order.mq.SeckillOrderConsumer   : 开始处理秒杀订单消息: orderId=9001, userId=7, voucherId=1, reconsumeTimes=3
2026-10-10T16:50:08.094+08:00 ERROR 45852 --- [           main] com.hmdp.order.mq.SeckillOrderConsumer   : 调用库存扣减失败，触发重试: voucherId=1, orderId=9001

java.lang.RuntimeException: voucher-service 不可达
	at com.hmdp.order.mq.SeckillOrderConsumer.handleOrder(SeckillOrderConsumer.java:162) ~[classes/:na]
	at com.hmdp.order.mq.SeckillOrderConsumerTest.lambda$重试次数达上限时必须告警并计指标$7(SeckillOrderConsumerTest.java:190) ~[test-classes/:na]
	at org.junit.jupiter.api.AssertThrows.assertThrows(AssertThrows.java:53) ~[junit-jupiter-api-5.9.3.jar:5.9.3]
	at org.junit.jupiter.api.AssertThrows.assertThrows(AssertThrows.java:35) ~[junit-jupiter-api-5.9.3.jar:5.9.3]
	at org.junit.jupiter.api.Assertions.assertThrows(Assertions.java:3083) ~[junit-jupiter-api-5.9.3.jar:5.9.3]
	at com.hmdp.order.mq.SeckillOrderConsumerTest.重试次数达上限时必须告警并计指标(SeckillOrderConsumerTest.java:190) ~[test-classes/:na]
	at java.base/jdk.internal.reflect.DirectMethodHandleAccessor.invoke(DirectMethodHandleAccessor.java:103) ~[na:na]
	at java.base/java.lang.reflect.Method.invoke(Method.java:580) ~[na:na]
	at org.junit.platform.commons.util.ReflectionUtils.invokeMethod(ReflectionUtils.java:727) ~[junit-platform-commons-1.9.3.jar:1.9.3]
	at org.junit.jupiter.engine.execution.MethodInvocation.proceed(MethodInvocation.java:60) ~[junit-jupiter-engine-5.9.3.jar:5.9.3]
	at org.junit.jupiter.engine.execution.InvocationInterceptorChain$ValidatingInvocation.proceed(InvocationInterceptorChain.java:131) ~[junit-jupiter-engine-5.9.3.jar:5.9.3]
	at org.junit.jupiter.engine.extension.TimeoutExtension.intercept(TimeoutExtension.java:156) ~[junit-jupiter-engine-5.9.3.jar:5.9.3]
	at org.junit.jupiter.engine.extension.TimeoutExtension.interceptTestableMethod(TimeoutExtension.java:147) ~[junit-jupiter-engine-5.9.3.jar:5.9.3]
	at org.junit.jupiter.engine.extension.TimeoutExtension.interceptTestMethod(TimeoutExtension.java:86) ~[junit-jupiter-engine-5.9.3.jar:5.9.3]
	at org.junit.jupiter.engine.execution.InterceptingExecutableInvoker$ReflectiveInterceptorCall.lambda$ofVoidMethod$0(InterceptingExecutableInvoker.java:103) ~[junit-jupiter-engine-5.9.3.jar:5.9.3]
	at org.junit.jupiter.engine.execution.InterceptingExecutableInvoker.lambda$invoke$0(InterceptingExecutableInvoker.java:93) ~[junit-jupiter-engine-5.9.3.jar:5.9.3]
	at org.junit.jupiter.engine.execution.InvocationInterceptorChain$InterceptedInvocation.proceed(InvocationInterceptorChain.java:106) ~[junit-jupiter-engine-5.9.3.jar:5.9.3]
	at org.junit.jupiter.engine.execution.InvocationInterceptorChain.proceed(InvocationInterceptorChain.java:64) ~[junit-jupiter-engine-5.9.3.jar:5.9.3]
	at org.junit.jupiter.engine.execution.InvocationInterceptorChain.chainAndInvoke(InvocationInterceptorChain.java:45) ~[junit-jupiter-engine-5.9.3.jar:5.9.3]
	at org.junit.jupiter.engine.execution.InvocationInterceptorChain.invoke(InvocationInterceptorChain.java:37) ~[junit-jupiter-engine-5.9.3.jar:5.9.3]
	at org.junit.jupiter.engine.execution.InterceptingExecutableInvoker.invoke(InterceptingExecutableInvoker.java:92) ~[junit-jupiter-engine-5.9.3.jar:5.9.3]
	at org.junit.jupiter.engine.execution.InterceptingExecutableInvoker.invoke(InterceptingExecutableInvoker.java:86) ~[junit-jupiter-engine-5.9.3.jar:5.9.3]
	at org.junit.jupiter.engine.descriptor.TestMethodTestDescriptor.lambda$invokeTestMethod$7(TestMethodTestDescriptor.java:217) ~[junit-jupiter-engine-5.9.3.jar:5.9.3]
	at org.junit.platform.engine.support.hierarchical.ThrowableCollector.execute(ThrowableCollector.java:73) ~[junit-platform-engine-1.9.3.jar:1.9.3]
	at org.junit.jupiter.engine.descriptor.TestMethodTestDescriptor.invokeTestMethod(TestMethodTestDescriptor.java:213) ~[junit-jupiter-engine-5.9.3.jar:5.9.3]
	at org.junit.jupiter.engine.descriptor.TestMethodTestDescriptor.execute(TestMethodTestDescriptor.java:138) ~[junit-jupiter-engine-5.9.3.jar:5.9.3]
	at org.junit.jupiter.engine.descriptor.TestMethodTestDescriptor.execute(TestMethodTestDescriptor.java:68) ~[junit-jupiter-engine-5.9.3.jar:5.9.3]
	at org.junit.platform.engine.support.hierarchical.NodeTestTask.lambda$executeRecursively$6(NodeTestTask.java:151) ~[junit-platform-engine-1.9.3.jar:1.9.3]
	at org.junit.platform.engine.support.hierarchical.ThrowableCollector.execute(ThrowableCollector.java:73) ~[junit-platform-engine-1.9.3.jar:1.9.3]
	at org.junit.platform.engine.support.hierarchical.NodeTestTask.lambda$executeRecursively$8(NodeTestTask.java:141) ~[junit-platform-engine-1.9.3.jar:1.9.3]
	at org.junit.platform.engine.support.hierarchical.Node.around(Node.java:137) ~[junit-platform-engine-1.9.3.jar:1.9.3]
	at org.junit.platform.engine.support.hierarchical.NodeTestTask.lambda$executeRecursively$9(NodeTestTask.java:139) ~[junit-platform-engine-1.9.3.jar:1.9.3]
	at org.junit.platform.engine.support.hierarchical.ThrowableCollector.execute(ThrowableCollector.java:73) ~[junit-platform-engine-1.9.3.jar:1.9.3]
	at org.junit.platform.engine.support.hierarchical.NodeTestTask.executeRecursively(NodeTestTask.java:138) ~[junit-platform-engine-1.9.3.jar:1.9.3]
	at org.junit.platform.engine.support.hierarchical.NodeTestTask.execute(NodeTestTask.java:95) ~[junit-platform-engine-1.9.3.jar:1.9.3]
	at java.base/java.util.ArrayList.forEach(ArrayList.java:1596) ~[na:na]
	at org.junit.platform.engine.support.hierarchical.SameThreadHierarchicalTestExecutorService.invokeAll(SameThreadHierarchicalTestExecutorService.java:41) ~[junit-platform-engine-1.9.3.jar:1.9.3]
	at org.junit.platform.engine.support.hierarchical.NodeTestTask.lambda$executeRecursively$6(NodeTestTask.java:155) ~[junit-platform-engine-1.9.3.jar:1.9.3]
	at org.junit.platform.engine.support.hierarchical.ThrowableCollector.execute(ThrowableCollector.java:73) ~[junit-platform-engine-1.9.3.jar:1.9.3]
	at org.junit.platform.engine.support.hierarchical.NodeTestTask.lambda$executeRecursively$8(NodeTestTask.java:141) ~[junit-platform-engine-1.9.3.jar:1.9.3]
	at org.junit.platform.engine.support.hierarchical.Node.around(Node.java:137) ~[junit-platform-engine-1.9.3.jar:1.9.3]
	at org.junit.platform.engine.support.hierarchical.NodeTestTask.lambda$executeRecursively$9(NodeTestTask.java:139) ~[junit-platform-engine-1.9.3.jar:1.9.3]
	at org.junit.platform.engine.support.hierarchical.ThrowableCollector.execute(ThrowableCollector.java:73) ~[junit-platform-engine-1.9.3.jar:1.9.3]
	at org.junit.platform.engine.support.hierarchical.NodeTestTask.executeRecursively(NodeTestTask.java:138) ~[junit-platform-engine-1.9.3.jar:1.9.3]
	at org.junit.platform.engine.support.hierarchical.NodeTestTask.execute(NodeTestTask.java:95) ~[junit-platform-engine-1.9.3.jar:1.9.3]
	at java.base/java.util.ArrayList.forEach(ArrayList.java:1596) ~[na:na]
	at org.junit.platform.engine.support.hierarchical.SameThreadHierarchicalTestExecutorService.invokeAll(SameThreadHierarchicalTestExecutorService.java:41) ~[junit-platform-engine-1.9.3.jar:1.9.3]
	at org.junit.platform.engine.support.hierarchical.NodeTestTask.lambda$executeRecursively$6(NodeTestTask.java:155) ~[junit-platform-engine-1.9.3.jar:1.9.3]
	at org.junit.platform.engine.support.hierarchical.ThrowableCollector.execute(ThrowableCollector.java:73) ~[junit-platform-engine-1.9.3.jar:1.9.3]
	at org.junit.platform.engine.support.hierarchical.NodeTestTask.lambda$executeRecursively$8(NodeTestTask.java:141) ~[junit-platform-engine-1.9.3.jar:1.9.3]
	at org.junit.platform.engine.support.hierarchical.Node.around(Node.java:137) ~[junit-platform-engine-1.9.3.jar:1.9.3]
	at org.junit.platform.engine.support.hierarchical.NodeTestTask.lambda$executeRecursively$9(NodeTestTask.java:139) ~[junit-platform-engine-1.9.3.jar:1.9.3]
	at org.junit.platform.engine.support.hierarchical.ThrowableCollector.execute(ThrowableCollector.java:73) ~[junit-platform-engine-1.9.3.jar:1.9.3]
	at org.junit.platform.engine.support.hierarchical.NodeTestTask.executeRecursively(NodeTestTask.java:138) ~[junit-platform-engine-1.9.3.jar:1.9.3]
	at org.junit.platform.engine.support.hierarchical.NodeTestTask.execute(NodeTestTask.java:95) ~[junit-platform-engine-1.9.3.jar:1.9.3]
	at org.junit.platform.engine.support.hierarchical.SameThreadHierarchicalTestExecutorService.submit(SameThreadHierarchicalTestExecutorService.java:35) ~[junit-platform-engine-1.9.3.jar:1.9.3]
	at org.junit.platform.engine.support.hierarchical.HierarchicalTestExecutor.execute(HierarchicalTestExecutor.java:57) ~[junit-platform-engine-1.9.3.jar:1.9.3]
	at org.junit.platform.engine.support.hierarchical.HierarchicalTestEngine.execute(HierarchicalTestEngine.java:54) ~[junit-platform-engine-1.9.3.jar:1.9.3]
	at org.junit.platform.launcher.core.EngineExecutionOrchestrator.execute(EngineExecutionOrchestrator.java:147) ~[junit-platform-launcher-1.9.3.jar:1.9.3]
	at org.junit.platform.launcher.core.EngineExecutionOrchestrator.execute(EngineExecutionOrchestrator.java:127) ~[junit-platform-launcher-1.9.3.jar:1.9.3]
	at org.junit.platform.launcher.core.EngineExecutionOrchestrator.execute(EngineExecutionOrchestrator.java:90) ~[junit-platform-launcher-1.9.3.jar:1.9.3]
	at org.junit.platform.launcher.core.EngineExecutionOrchestrator.lambda$execute$0(EngineExecutionOrchestrator.java:55) ~[junit-platform-launcher-1.9.3.jar:1.9.3]
	at org.junit.platform.launcher.core.EngineExecutionOrchestrator.withInterceptedStreams(EngineExecutionOrchestrator.java:102) ~[junit-platform-launcher-1.9.3.jar:1.9.3]
	at org.junit.platform.launcher.core.EngineExecutionOrchestrator.execute(EngineExecutionOrchestrator.java:54) ~[junit-platform-launcher-1.9.3.jar:1.9.3]
	at org.junit.platform.launcher.core.DefaultLauncher.execute(DefaultLauncher.java:114) ~[junit-platform-launcher-1.9.3.jar:1.9.3]
	at org.junit.platform.launcher.core.DefaultLauncher.execute(DefaultLauncher.java:86) ~[junit-platform-launcher-1.9.3.jar:1.9.3]
	at org.junit.platform.launcher.core.DefaultLauncherSession$DelegatingLauncher.execute(DefaultLauncherSession.java:86) ~[junit-platform-launcher-1.9.3.jar:1.9.3]
	at org.apache.maven.surefire.junitplatform.LazyLauncher.execute(LazyLauncher.java:50) ~[surefire-junit-platform-3.0.0.jar:3.0.0]
	at org.apache.maven.surefire.junitplatform.JUnitPlatformProvider.execute(JUnitPlatformProvider.java:184) ~[surefire-junit-platform-3.0.0.jar:3.0.0]
	at org.apache.maven.surefire.junitplatform.JUnitPlatformProvider.invokeAllTests(JUnitPlatformProvider.java:148) ~[surefire-junit-platform-3.0.0.jar:3.0.0]
	at org.apache.maven.surefire.junitplatform.JUnitPlatformProvider.invoke(JUnitPlatformProvider.java:122) ~[surefire-junit-platform-3.0.0.jar:3.0.0]
	at org.apache.maven.surefire.booter.ForkedBooter.runSuitesInProcess(ForkedBooter.java:385) ~[surefire-booter-3.0.0.jar:3.0.0]
	at org.apache.maven.surefire.booter.ForkedBooter.execute(ForkedBooter.java:162) ~[surefire-booter-3.0.0.jar:3.0.0]
	at org.apache.maven.surefire.booter.ForkedBooter.run(ForkedBooter.java:507) ~[surefire-booter-3.0.0.jar:3.0.0]
	at org.apache.maven.surefire.booter.ForkedBooter.main(ForkedBooter.java:495) ~[surefire-booter-3.0.0.jar:3.0.0]

2026-10-10T16:50:08.114+08:00 ERROR 45852 --- [           main] com.hmdp.order.mq.SeckillOrderConsumer   : 处理秒杀订单消息异常: orderId=9001, error=库存服务调用失败

java.lang.RuntimeException: 库存服务调用失败
	at com.hmdp.order.mq.SeckillOrderConsumer.handleOrder(SeckillOrderConsumer.java:170) ~[classes/:na]
	at com.hmdp.order.mq.SeckillOrderConsumerTest.lambda$重试次数达上限时必须告警并计指标$7(SeckillOrderConsumerTest.java:190) ~[test-classes/:na]
	at org.junit.jupiter.api.AssertThrows.assertThrows(AssertThrows.java:53) ~[junit-jupiter-api-5.9.3.jar:5.9.3]
	at org.junit.jupiter.api.AssertThrows.assertThrows(AssertThrows.java:35) ~[junit-jupiter-api-5.9.3.jar:5.9.3]
	at org.junit.jupiter.api.Assertions.assertThrows(Assertions.java:3083) ~[junit-jupiter-api-5.9.3.jar:5.9.3]
	at com.hmdp.order.mq.SeckillOrderConsumerTest.重试次数达上限时必须告警并计指标(SeckillOrderConsumerTest.java:190) ~[test-classes/:na]
	at java.base/jdk.internal.reflect.DirectMethodHandleAccessor.invoke(DirectMethodHandleAccessor.java:103) ~[na:na]
	at java.base/java.lang.reflect.Method.invoke(Method.java:580) ~[na:na]
	at org.junit.platform.commons.util.ReflectionUtils.invokeMethod(ReflectionUtils.java:727) ~[junit-platform-commons-1.9.3.jar:1.9.3]
	at org.junit.jupiter.engine.execution.MethodInvocation.proceed(MethodInvocation.java:60) ~[junit-jupiter-engine-5.9.3.jar:5.9.3]
	at org.junit.jupiter.engine.execution.InvocationInterceptorChain$ValidatingInvocation.proceed(InvocationInterceptorChain.java:131) ~[junit-jupiter-engine-5.9.3.jar:5.9.3]
	at org.junit.jupiter.engine.extension.TimeoutExtension.intercept(TimeoutExtension.java:156) ~[junit-jupiter-engine-5.9.3.jar:5.9.3]
	at org.junit.jupiter.engine.extension.TimeoutExtension.interceptTestableMethod(TimeoutExtension.java:147) ~[junit-jupiter-engine-5.9.3.jar:5.9.3]
	at org.junit.jupiter.engine.extension.TimeoutExtension.interceptTestMethod(TimeoutExtension.java:86) ~[junit-jupiter-engine-5.9.3.jar:5.9.3]
	at org.junit.jupiter.engine.execution.InterceptingExecutableInvoker$ReflectiveInterceptorCall.lambda$ofVoidMethod$0(InterceptingExecutableInvoker.java:103) ~[junit-jupiter-engine-5.9.3.jar:5.9.3]
	at org.junit.jupiter.engine.execution.InterceptingExecutableInvoker.lambda$invoke$0(InterceptingExecutableInvoker.java:93) ~[junit-jupiter-engine-5.9.3.jar:5.9.3]
	at org.junit.jupiter.engine.execution.InvocationInterceptorChain$InterceptedInvocation.proceed(InvocationInterceptorChain.java:106) ~[junit-jupiter-engine-5.9.3.jar:5.9.3]
	at org.junit.jupiter.engine.execution.InvocationInterceptorChain.proceed(InvocationInterceptorChain.java:64) ~[junit-jupiter-engine-5.9.3.jar:5.9.3]
	at org.junit.jupiter.engine.execution.InvocationInterceptorChain.chainAndInvoke(InvocationInterceptorChain.java:45) ~[junit-jupiter-engine-5.9.3.jar:5.9.3]
	at org.junit.jupiter.engine.execution.InvocationInterceptorChain.invoke(InvocationInterceptorChain.java:37) ~[junit-jupiter-engine-5.9.3.jar:5.9.3]
	at org.junit.jupiter.engine.execution.InterceptingExecutableInvoker.invoke(InterceptingExecutableInvoker.java:92) ~[junit-jupiter-engine-5.9.3.jar:5.9.3]
	at org.junit.jupiter.engine.execution.InterceptingExecutableInvoker.invoke(InterceptingExecutableInvoker.java:86) ~[junit-jupiter-engine-5.9.3.jar:5.9.3]
	at org.junit.jupiter.engine.descriptor.TestMethodTestDescriptor.lambda$invokeTestMethod$7(TestMethodTestDescriptor.java:217) ~[junit-jupiter-engine-5.9.3.jar:5.9.3]
	at org.junit.platform.engine.support.hierarchical.ThrowableCollector.execute(ThrowableCollector.java:73) ~[junit-platform-engine-1.9.3.jar:1.9.3]
	at org.junit.jupiter.engine.descriptor.TestMethodTestDescriptor.invokeTestMethod(TestMethodTestDescriptor.java:213) ~[junit-jupiter-engine-5.9.3.jar:5.9.3]
	at org.junit.jupiter.engine.descriptor.TestMethodTestDescriptor.execute(TestMethodTestDescriptor.java:138) ~[junit-jupiter-engine-5.9.3.jar:5.9.3]
	at org.junit.jupiter.engine.descriptor.TestMethodTestDescriptor.execute(TestMethodTestDescriptor.java:68) ~[junit-jupiter-engine-5.9.3.jar:5.9.3]
	at org.junit.platform.engine.support.hierarchical.NodeTestTask.lambda$executeRecursively$6(NodeTestTask.java:151) ~[junit-platform-engine-1.9.3.jar:1.9.3]
	at org.junit.platform.engine.support.hierarchical.ThrowableCollector.execute(ThrowableCollector.java:73) ~[junit-platform-engine-1.9.3.jar:1.9.3]
	at org.junit.platform.engine.support.hierarchical.NodeTestTask.lambda$executeRecursively$8(NodeTestTask.java:141) ~[junit-platform-engine-1.9.3.jar:1.9.3]
	at org.junit.platform.engine.support.hierarchical.Node.around(Node.java:137) ~[junit-platform-engine-1.9.3.jar:1.9.3]
	at org.junit.platform.engine.support.hierarchical.NodeTestTask.lambda$executeRecursively$9(NodeTestTask.java:139) ~[junit-platform-engine-1.9.3.jar:1.9.3]
	at org.junit.platform.engine.support.hierarchical.ThrowableCollector.execute(ThrowableCollector.java:73) ~[junit-platform-engine-1.9.3.jar:1.9.3]
	at org.junit.platform.engine.support.hierarchical.NodeTestTask.executeRecursively(NodeTestTask.java:138) ~[junit-platform-engine-1.9.3.jar:1.9.3]
	at org.junit.platform.engine.support.hierarchical.NodeTestTask.execute(NodeTestTask.java:95) ~[junit-platform-engine-1.9.3.jar:1.9.3]
	at java.base/java.util.ArrayList.forEach(ArrayList.java:1596) ~[na:na]
	at org.junit.platform.engine.support.hierarchical.SameThreadHierarchicalTestExecutorService.invokeAll(SameThreadHierarchicalTestExecutorService.java:41) ~[junit-platform-engine-1.9.3.jar:1.9.3]
	at org.junit.platform.engine.support.hierarchical.NodeTestTask.lambda$executeRecursively$6(NodeTestTask.java:155) ~[junit-platform-engine-1.9.3.jar:1.9.3]
	at org.junit.platform.engine.support.hierarchical.ThrowableCollector.execute(ThrowableCollector.java:73) ~[junit-platform-engine-1.9.3.jar:1.9.3]
	at org.junit.platform.engine.support.hierarchical.NodeTestTask.lambda$executeRecursively$8(NodeTestTask.java:141) ~[junit-platform-engine-1.9.3.jar:1.9.3]
	at org.junit.platform.engine.support.hierarchical.Node.around(Node.java:137) ~[junit-platform-engine-1.9.3.jar:1.9.3]
	at org.junit.platform.engine.support.hierarchical.NodeTestTask.lambda$executeRecursively$9(NodeTestTask.java:139) ~[junit-platform-engine-1.9.3.jar:1.9.3]
	at org.junit.platform.engine.support.hierarchical.ThrowableCollector.execute(ThrowableCollector.java:73) ~[junit-platform-engine-1.9.3.jar:1.9.3]
	at org.junit.platform.engine.support.hierarchical.NodeTestTask.executeRecursively(NodeTestTask.java:138) ~[junit-platform-engine-1.9.3.jar:1.9.3]
	at org.junit.platform.engine.support.hierarchical.NodeTestTask.execute(NodeTestTask.java:95) ~[junit-platform-engine-1.9.3.jar:1.9.3]
	at java.base/java.util.ArrayList.forEach(ArrayList.java:1596) ~[na:na]
	at org.junit.platform.engine.support.hierarchical.SameThreadHierarchicalTestExecutorService.invokeAll(SameThreadHierarchicalTestExecutorService.java:41) ~[junit-platform-engine-1.9.3.jar:1.9.3]
	at org.junit.platform.engine.support.hierarchical.NodeTestTask.lambda$executeRecursively$6(NodeTestTask.java:155) ~[junit-platform-engine-1.9.3.jar:1.9.3]
	at org.junit.platform.engine.support.hierarchical.ThrowableCollector.execute(ThrowableCollector.java:73) ~[junit-platform-engine-1.9.3.jar:1.9.3]
	at org.junit.platform.engine.support.hierarchical.NodeTestTask.lambda$executeRecursively$8(NodeTestTask.java:141) ~[junit-platform-engine-1.9.3.jar:1.9.3]
	at org.junit.platform.engine.support.hierarchical.Node.around(Node.java:137) ~[junit-platform-engine-1.9.3.jar:1.9.3]
	at org.junit.platform.engine.support.hierarchical.NodeTestTask.lambda$executeRecursively$9(NodeTestTask.java:139) ~[junit-platform-engine-1.9.3.jar:1.9.3]
	at org.junit.platform.engine.support.hierarchical.ThrowableCollector.execute(ThrowableCollector.java:73) ~[junit-platform-engine-1.9.3.jar:1.9.3]
	at org.junit.platform.engine.support.hierarchical.NodeTestTask.executeRecursively(NodeTestTask.java:138) ~[junit-platform-engine-1.9.3.jar:1.9.3]
	at org.junit.platform.engine.support.hierarchical.NodeTestTask.execute(NodeTestTask.java:95) ~[junit-platform-engine-1.9.3.jar:1.9.3]
	at org.junit.platform.engine.support.hierarchical.SameThreadHierarchicalTestExecutorService.submit(SameThreadHierarchicalTestExecutorService.java:35) ~[junit-platform-engine-1.9.3.jar:1.9.3]
	at org.junit.platform.engine.support.hierarchical.HierarchicalTestExecutor.execute(HierarchicalTestExecutor.java:57) ~[junit-platform-engine-1.9.3.jar:1.9.3]
	at org.junit.platform.engine.support.hierarchical.HierarchicalTestEngine.execute(HierarchicalTestEngine.java:54) ~[junit-platform-engine-1.9.3.jar:1.9.3]
	at org.junit.platform.launcher.core.EngineExecutionOrchestrator.execute(EngineExecutionOrchestrator.java:147) ~[junit-platform-launcher-1.9.3.jar:1.9.3]
	at org.junit.platform.launcher.core.EngineExecutionOrchestrator.execute(EngineExecutionOrchestrator.java:127) ~[junit-platform-launcher-1.9.3.jar:1.9.3]
	at org.junit.platform.launcher.core.EngineExecutionOrchestrator.execute(EngineExecutionOrchestrator.java:90) ~[junit-platform-launcher-1.9.3.jar:1.9.3]
	at org.junit.platform.launcher.core.EngineExecutionOrchestrator.lambda$execute$0(EngineExecutionOrchestrator.java:55) ~[junit-platform-launcher-1.9.3.jar:1.9.3]
	at org.junit.platform.launcher.core.EngineExecutionOrchestrator.withInterceptedStreams(EngineExecutionOrchestrator.java:102) ~[junit-platform-launcher-1.9.3.jar:1.9.3]
	at org.junit.platform.launcher.core.EngineExecutionOrchestrator.execute(EngineExecutionOrchestrator.java:54) ~[junit-platform-launcher-1.9.3.jar:1.9.3]
	at org.junit.platform.launcher.core.DefaultLauncher.execute(DefaultLauncher.java:114) ~[junit-platform-launcher-1.9.3.jar:1.9.3]
	at org.junit.platform.launcher.core.DefaultLauncher.execute(DefaultLauncher.java:86) ~[junit-platform-launcher-1.9.3.jar:1.9.3]
	at org.junit.platform.launcher.core.DefaultLauncherSession$DelegatingLauncher.execute(DefaultLauncherSession.java:86) ~[junit-platform-launcher-1.9.3.jar:1.9.3]
	at org.apache.maven.surefire.junitplatform.LazyLauncher.execute(LazyLauncher.java:50) ~[surefire-junit-platform-3.0.0.jar:3.0.0]
	at org.apache.maven.surefire.junitplatform.JUnitPlatformProvider.execute(JUnitPlatformProvider.java:184) ~[surefire-junit-platform-3.0.0.jar:3.0.0]
	at org.apache.maven.surefire.junitplatform.JUnitPlatformProvider.invokeAllTests(JUnitPlatformProvider.java:148) ~[surefire-junit-platform-3.0.0.jar:3.0.0]
	at org.apache.maven.surefire.junitplatform.JUnitPlatformProvider.invoke(JUnitPlatformProvider.java:122) ~[surefire-junit-platform-3.0.0.jar:3.0.0]
	at org.apache.maven.surefire.booter.ForkedBooter.runSuitesInProcess(ForkedBooter.java:385) ~[surefire-booter-3.0.0.jar:3.0.0]
	at org.apache.maven.surefire.booter.ForkedBooter.execute(ForkedBooter.java:162) ~[surefire-booter-3.0.0.jar:3.0.0]
	at org.apache.maven.surefire.booter.ForkedBooter.run(ForkedBooter.java:507) ~[surefire-booter-3.0.0.jar:3.0.0]
	at org.apache.maven.surefire.booter.ForkedBooter.main(ForkedBooter.java:495) ~[surefire-booter-3.0.0.jar:3.0.0]
Caused by: java.lang.RuntimeException: voucher-service 不可达
	at com.hmdp.order.mq.SeckillOrderConsumer.handleOrder(SeckillOrderConsumer.java:162) ~[classes/:na]
	... 74 common frames omitted

2026-10-10T16:50:08.118+08:00 ERROR 45852 --- [           main] com.hmdp.order.mq.SeckillOrderConsumer   : 订单处理重试次数已达上限，需要人工干预: orderId=9001, reconsumeTimes=3
2026-10-10T16:50:08.126+08:00  INFO 45852 --- [           main] com.hmdp.order.mq.SeckillOrderConsumer   : 开始处理秒杀订单消息: orderId=9001, userId=7, voucherId=1, reconsumeTimes=0
2026-10-10T16:50:08.127+08:00  INFO 45852 --- [           main] com.hmdp.order.mq.SeckillOrderConsumer   : 订单创建成功: orderId=9001, userId=7, voucherId=1
2026-10-10T16:50:08.190+08:00  INFO 45852 --- [           main] com.hmdp.order.mq.SeckillOrderConsumer   : 开始处理秒杀订单消息: orderId=9001, userId=7, voucherId=1, reconsumeTimes=3
2026-10-10T16:50:08.191+08:00 ERROR 45852 --- [           main] com.hmdp.order.mq.SeckillOrderConsumer   : 调用库存扣减失败，触发重试: voucherId=1, orderId=9001

java.lang.RuntimeException: voucher-service 不可达
	at com.hmdp.order.mq.SeckillOrderConsumer.handleOrder(SeckillOrderConsumer.java:162) ~[classes/:na]
	at com.hmdp.order.mq.SeckillOrderConsumer.onMessage(SeckillOrderConsumer.java:89) ~[classes/:na]
	at com.hmdp.order.mq.SeckillOrderConsumerTest.lambda$onMessage从MessageExt解析出业务消息并透传真实重试次数$9(SeckillOrderConsumerTest.java:212) ~[test-classes/:na]
	at org.junit.jupiter.api.AssertThrows.assertThrows(AssertThrows.java:53) ~[junit-jupiter-api-5.9.3.jar:5.9.3]
	at org.junit.jupiter.api.AssertThrows.assertThrows(AssertThrows.java:35) ~[junit-jupiter-api-5.9.3.jar:5.9.3]
	at org.junit.jupiter.api.Assertions.assertThrows(Assertions.java:3083) ~[junit-jupiter-api-5.9.3.jar:5.9.3]
	at com.hmdp.order.mq.SeckillOrderConsumerTest.onMessage从MessageExt解析出业务消息并透传真实重试次数(SeckillOrderConsumerTest.java:212) ~[test-classes/:na]
	at java.base/jdk.internal.reflect.DirectMethodHandleAccessor.invoke(DirectMethodHandleAccessor.java:103) ~[na:na]
	at java.base/java.lang.reflect.Method.invoke(Method.java:580) ~[na:na]
	at org.junit.platform.commons.util.ReflectionUtils.invokeMethod(ReflectionUtils.java:727) ~[junit-platform-commons-1.9.3.jar:1.9.3]
	at org.junit.jupiter.engine.execution.MethodInvocation.proceed(MethodInvocation.java:60) ~[junit-jupiter-engine-5.9.3.jar:5.9.3]
	at org.junit.jupiter.engine.execution.InvocationInterceptorChain$ValidatingInvocation.proceed(InvocationInterceptorChain.java:131) ~[junit-jupiter-engine-5.9.3.jar:5.9.3]
	at org.junit.jupiter.engine.extension.TimeoutExtension.intercept(TimeoutExtension.java:156) ~[junit-jupiter-engine-5.9.3.jar:5.9.3]
	at org.junit.jupiter.engine.extension.TimeoutExtension.interceptTestableMethod(TimeoutExtension.java:147) ~[junit-jupiter-engine-5.9.3.jar:5.9.3]
	at org.junit.jupiter.engine.extension.TimeoutExtension.interceptTestMethod(TimeoutExtension.java:86) ~[junit-jupiter-engine-5.9.3.jar:5.9.3]
	at org.junit.jupiter.engine.execution.InterceptingExecutableInvoker$ReflectiveInterceptorCall.lambda$ofVoidMethod$0(InterceptingExecutableInvoker.java:103) ~[junit-jupiter-engine-5.9.3.jar:5.9.3]
	at org.junit.jupiter.engine.execution.InterceptingExecutableInvoker.lambda$invoke$0(InterceptingExecutableInvoker.java:93) ~[junit-jupiter-engine-5.9.3.jar:5.9.3]
	at org.junit.jupiter.engine.execution.InvocationInterceptorChain$InterceptedInvocation.proceed(InvocationInterceptorChain.java:106) ~[junit-jupiter-engine-5.9.3.jar:5.9.3]
	at org.junit.jupiter.engine.execution.InvocationInterceptorChain.proceed(InvocationInterceptorChain.java:64) ~[junit-jupiter-engine-5.9.3.jar:5.9.3]
	at org.junit.jupiter.engine.execution.InvocationInterceptorChain.chainAndInvoke(InvocationInterceptorChain.java:45) ~[junit-jupiter-engine-5.9.3.jar:5.9.3]
	at org.junit.jupiter.engine.execution.InvocationInterceptorChain.invoke(InvocationInterceptorChain.java:37) ~[junit-jupiter-engine-5.9.3.jar:5.9.3]
	at org.junit.jupiter.engine.execution.InterceptingExecutableInvoker.invoke(InterceptingExecutableInvoker.java:92) ~[junit-jupiter-engine-5.9.3.jar:5.9.3]
	at org.junit.jupiter.engine.execution.InterceptingExecutableInvoker.invoke(InterceptingExecutableInvoker.java:86) ~[junit-jupiter-engine-5.9.3.jar:5.9.3]
	at org.junit.jupiter.engine.descriptor.TestMethodTestDescriptor.lambda$invokeTestMethod$7(TestMethodTestDescriptor.java:217) ~[junit-jupiter-engine-5.9.3.jar:5.9.3]
	at org.junit.platform.engine.support.hierarchical.ThrowableCollector.execute(ThrowableCollector.java:73) ~[junit-platform-engine-1.9.3.jar:1.9.3]
	at org.junit.jupiter.engine.descriptor.TestMethodTestDescriptor.invokeTestMethod(TestMethodTestDescriptor.java:213) ~[junit-jupiter-engine-5.9.3.jar:5.9.3]
	at org.junit.jupiter.engine.descriptor.TestMethodTestDescriptor.execute(TestMethodTestDescriptor.java:138) ~[junit-jupiter-engine-5.9.3.jar:5.9.3]
	at org.junit.jupiter.engine.descriptor.TestMethodTestDescriptor.execute(TestMethodTestDescriptor.java:68) ~[junit-jupiter-engine-5.9.3.jar:5.9.3]
	at org.junit.platform.engine.support.hierarchical.NodeTestTask.lambda$executeRecursively$6(NodeTestTask.java:151) ~[junit-platform-engine-1.9.3.jar:1.9.3]
	at org.junit.platform.engine.support.hierarchical.ThrowableCollector.execute(ThrowableCollector.java:73) ~[junit-platform-engine-1.9.3.jar:1.9.3]
	at org.junit.platform.engine.support.hierarchical.NodeTestTask.lambda$executeRecursively$8(NodeTestTask.java:141) ~[junit-platform-engine-1.9.3.jar:1.9.3]
	at org.junit.platform.engine.support.hierarchical.Node.around(Node.java:137) ~[junit-platform-engine-1.9.3.jar:1.9.3]
	at org.junit.platform.engine.support.hierarchical.NodeTestTask.lambda$executeRecursively$9(NodeTestTask.java:139) ~[junit-platform-engine-1.9.3.jar:1.9.3]
	at org.junit.platform.engine.support.hierarchical.ThrowableCollector.execute(ThrowableCollector.java:73) ~[junit-platform-engine-1.9.3.jar:1.9.3]
	at org.junit.platform.engine.support.hierarchical.NodeTestTask.executeRecursively(NodeTestTask.java:138) ~[junit-platform-engine-1.9.3.jar:1.9.3]
	at org.junit.platform.engine.support.hierarchical.NodeTestTask.execute(NodeTestTask.java:95) ~[junit-platform-engine-1.9.3.jar:1.9.3]
	at java.base/java.util.ArrayList.forEach(ArrayList.java:1596) ~[na:na]
	at org.junit.platform.engine.support.hierarchical.SameThreadHierarchicalTestExecutorService.invokeAll(SameThreadHierarchicalTestExecutorService.java:41) ~[junit-platform-engine-1.9.3.jar:1.9.3]
	at org.junit.platform.engine.support.hierarchical.NodeTestTask.lambda$executeRecursively$6(NodeTestTask.java:155) ~[junit-platform-engine-1.9.3.jar:1.9.3]
	at org.junit.platform.engine.support.hierarchical.ThrowableCollector.execute(ThrowableCollector.java:73) ~[junit-platform-engine-1.9.3.jar:1.9.3]
	at org.junit.platform.engine.support.hierarchical.NodeTestTask.lambda$executeRecursively$8(NodeTestTask.java:141) ~[junit-platform-engine-1.9.3.jar:1.9.3]
	at org.junit.platform.engine.support.hierarchical.Node.around(Node.java:137) ~[junit-platform-engine-1.9.3.jar:1.9.3]
	at org.junit.platform.engine.support.hierarchical.NodeTestTask.lambda$executeRecursively$9(NodeTestTask.java:139) ~[junit-platform-engine-1.9.3.jar:1.9.3]
	at org.junit.platform.engine.support.hierarchical.ThrowableCollector.execute(ThrowableCollector.java:73) ~[junit-platform-engine-1.9.3.jar:1.9.3]
	at org.junit.platform.engine.support.hierarchical.NodeTestTask.executeRecursively(NodeTestTask.java:138) ~[junit-platform-engine-1.9.3.jar:1.9.3]
	at org.junit.platform.engine.support.hierarchical.NodeTestTask.execute(NodeTestTask.java:95) ~[junit-platform-engine-1.9.3.jar:1.9.3]
	at java.base/java.util.ArrayList.forEach(ArrayList.java:1596) ~[na:na]
	at org.junit.platform.engine.support.hierarchical.SameThreadHierarchicalTestExecutorService.invokeAll(SameThreadHierarchicalTestExecutorService.java:41) ~[junit-platform-engine-1.9.3.jar:1.9.3]
	at org.junit.platform.engine.support.hierarchical.NodeTestTask.lambda$executeRecursively$6(NodeTestTask.java:155) ~[junit-platform-engine-1.9.3.jar:1.9.3]
	at org.junit.platform.engine.support.hierarchical.ThrowableCollector.execute(ThrowableCollector.java:73) ~[junit-platform-engine-1.9.3.jar:1.9.3]
	at org.junit.platform.engine.support.hierarchical.NodeTestTask.lambda$executeRecursively$8(NodeTestTask.java:141) ~[junit-platform-engine-1.9.3.jar:1.9.3]
	at org.junit.platform.engine.support.hierarchical.Node.around(Node.java:137) ~[junit-platform-engine-1.9.3.jar:1.9.3]
	at org.junit.platform.engine.support.hierarchical.NodeTestTask.lambda$executeRecursively$9(NodeTestTask.java:139) ~[junit-platform-engine-1.9.3.jar:1.9.3]
	at org.junit.platform.engine.support.hierarchical.ThrowableCollector.execute(ThrowableCollector.java:73) ~[junit-platform-engine-1.9.3.jar:1.9.3]
	at org.junit.platform.engine.support.hierarchical.NodeTestTask.executeRecursively(NodeTestTask.java:138) ~[junit-platform-engine-1.9.3.jar:1.9.3]
	at org.junit.platform.engine.support.hierarchical.NodeTestTask.execute(NodeTestTask.java:95) ~[junit-platform-engine-1.9.3.jar:1.9.3]
	at org.junit.platform.engine.support.hierarchical.SameThreadHierarchicalTestExecutorService.submit(SameThreadHierarchicalTestExecutorService.java:35) ~[junit-platform-engine-1.9.3.jar:1.9.3]
	at org.junit.platform.engine.support.hierarchical.HierarchicalTestExecutor.execute(HierarchicalTestExecutor.java:57) ~[junit-platform-engine-1.9.3.jar:1.9.3]
	at org.junit.platform.engine.support.hierarchical.HierarchicalTestEngine.execute(HierarchicalTestEngine.java:54) ~[junit-platform-engine-1.9.3.jar:1.9.3]
	at org.junit.platform.launcher.core.EngineExecutionOrchestrator.execute(EngineExecutionOrchestrator.java:147) ~[junit-platform-launcher-1.9.3.jar:1.9.3]
	at org.junit.platform.launcher.core.EngineExecutionOrchestrator.execute(EngineExecutionOrchestrator.java:127) ~[junit-platform-launcher-1.9.3.jar:1.9.3]
	at org.junit.platform.launcher.core.EngineExecutionOrchestrator.execute(EngineExecutionOrchestrator.java:90) ~[junit-platform-launcher-1.9.3.jar:1.9.3]
	at org.junit.platform.launcher.core.EngineExecutionOrchestrator.lambda$execute$0(EngineExecutionOrchestrator.java:55) ~[junit-platform-launcher-1.9.3.jar:1.9.3]
	at org.junit.platform.launcher.core.EngineExecutionOrchestrator.withInterceptedStreams(EngineExecutionOrchestrator.java:102) ~[junit-platform-launcher-1.9.3.jar:1.9.3]
	at org.junit.platform.launcher.core.EngineExecutionOrchestrator.execute(EngineExecutionOrchestrator.java:54) ~[junit-platform-launcher-1.9.3.jar:1.9.3]
	at org.junit.platform.launcher.core.DefaultLauncher.execute(DefaultLauncher.java:114) ~[junit-platform-launcher-1.9.3.jar:1.9.3]
	at org.junit.platform.launcher.core.DefaultLauncher.execute(DefaultLauncher.java:86) ~[junit-platform-launcher-1.9.3.jar:1.9.3]
	at org.junit.platform.launcher.core.DefaultLauncherSession$DelegatingLauncher.execute(DefaultLauncherSession.java:86) ~[junit-platform-launcher-1.9.3.jar:1.9.3]
	at org.apache.maven.surefire.junitplatform.LazyLauncher.execute(LazyLauncher.java:50) ~[surefire-junit-platform-3.0.0.jar:3.0.0]
	at org.apache.maven.surefire.junitplatform.JUnitPlatformProvider.execute(JUnitPlatformProvider.java:184) ~[surefire-junit-platform-3.0.0.jar:3.0.0]
	at org.apache.maven.surefire.junitplatform.JUnitPlatformProvider.invokeAllTests(JUnitPlatformProvider.java:148) ~[surefire-junit-platform-3.0.0.jar:3.0.0]
	at org.apache.maven.surefire.junitplatform.JUnitPlatformProvider.invoke(JUnitPlatformProvider.java:122) ~[surefire-junit-platform-3.0.0.jar:3.0.0]
	at org.apache.maven.surefire.booter.ForkedBooter.runSuitesInProcess(ForkedBooter.java:385) ~[surefire-booter-3.0.0.jar:3.0.0]
	at org.apache.maven.surefire.booter.ForkedBooter.execute(ForkedBooter.java:162) ~[surefire-booter-3.0.0.jar:3.0.0]
	at org.apache.maven.surefire.booter.ForkedBooter.run(ForkedBooter.java:507) ~[surefire-booter-3.0.0.jar:3.0.0]
	at org.apache.maven.surefire.booter.ForkedBooter.main(ForkedBooter.java:495) ~[surefire-booter-3.0.0.jar:3.0.0]

2026-10-10T16:50:08.193+08:00 ERROR 45852 --- [           main] com.hmdp.order.mq.SeckillOrderConsumer   : 处理秒杀订单消息异常: orderId=9001, error=库存服务调用失败

java.lang.RuntimeException: 库存服务调用失败
	at com.hmdp.order.mq.SeckillOrderConsumer.handleOrder(SeckillOrderConsumer.java:170) ~[classes/:na]
	at com.hmdp.order.mq.SeckillOrderConsumer.onMessage(SeckillOrderConsumer.java:89) ~[classes/:na]
	at com.hmdp.order.mq.SeckillOrderConsumerTest.lambda$onMessage从MessageExt解析出业务消息并透传真实重试次数$9(SeckillOrderConsumerTest.java:212) ~[test-classes/:na]
	at org.junit.jupiter.api.AssertThrows.assertThrows(AssertThrows.java:53) ~[junit-jupiter-api-5.9.3.jar:5.9.3]
	at org.junit.jupiter.api.AssertThrows.assertThrows(AssertThrows.java:35) ~[junit-jupiter-api-5.9.3.jar:5.9.3]
	at org.junit.jupiter.api.Assertions.assertThrows(Assertions.java:3083) ~[junit-jupiter-api-5.9.3.jar:5.9.3]
	at com.hmdp.order.mq.SeckillOrderConsumerTest.onMessage从MessageExt解析出业务消息并透传真实重试次数(SeckillOrderConsumerTest.java:212) ~[test-classes/:na]
	at java.base/jdk.internal.reflect.DirectMethodHandleAccessor.invoke(DirectMethodHandleAccessor.java:103) ~[na:na]
	at java.base/java.lang.reflect.Method.invoke(Method.java:580) ~[na:na]
	at org.junit.platform.commons.util.ReflectionUtils.invokeMethod(ReflectionUtils.java:727) ~[junit-platform-commons-1.9.3.jar:1.9.3]
	at org.junit.jupiter.engine.execution.MethodInvocation.proceed(MethodInvocation.java:60) ~[junit-jupiter-engine-5.9.3.jar:5.9.3]
	at org.junit.jupiter.engine.execution.InvocationInterceptorChain$ValidatingInvocation.proceed(InvocationInterceptorChain.java:131) ~[junit-jupiter-engine-5.9.3.jar:5.9.3]
	at org.junit.jupiter.engine.extension.TimeoutExtension.intercept(TimeoutExtension.java:156) ~[junit-jupiter-engine-5.9.3.jar:5.9.3]
	at org.junit.jupiter.engine.extension.TimeoutExtension.interceptTestableMethod(TimeoutExtension.java:147) ~[junit-jupiter-engine-5.9.3.jar:5.9.3]
	at org.junit.jupiter.engine.extension.TimeoutExtension.interceptTestMethod(TimeoutExtension.java:86) ~[junit-jupiter-engine-5.9.3.jar:5.9.3]
	at org.junit.jupiter.engine.execution.InterceptingExecutableInvoker$ReflectiveInterceptorCall.lambda$ofVoidMethod$0(InterceptingExecutableInvoker.java:103) ~[junit-jupiter-engine-5.9.3.jar:5.9.3]
	at org.junit.jupiter.engine.execution.InterceptingExecutableInvoker.lambda$invoke$0(InterceptingExecutableInvoker.java:93) ~[junit-jupiter-engine-5.9.3.jar:5.9.3]
	at org.junit.jupiter.engine.execution.InvocationInterceptorChain$InterceptedInvocation.proceed(InvocationInterceptorChain.java:106) ~[junit-jupiter-engine-5.9.3.jar:5.9.3]
	at org.junit.jupiter.engine.execution.InvocationInterceptorChain.proceed(InvocationInterceptorChain.java:64) ~[junit-jupiter-engine-5.9.3.jar:5.9.3]
	at org.junit.jupiter.engine.execution.InvocationInterceptorChain.chainAndInvoke(InvocationInterceptorChain.java:45) ~[junit-jupiter-engine-5.9.3.jar:5.9.3]
	at org.junit.jupiter.engine.execution.InvocationInterceptorChain.invoke(InvocationInterceptorChain.java:37) ~[junit-jupiter-engine-5.9.3.jar:5.9.3]
	at org.junit.jupiter.engine.execution.InterceptingExecutableInvoker.invoke(InterceptingExecutableInvoker.java:92) ~[junit-jupiter-engine-5.9.3.jar:5.9.3]
	at org.junit.jupiter.engine.execution.InterceptingExecutableInvoker.invoke(InterceptingExecutableInvoker.java:86) ~[junit-jupiter-engine-5.9.3.jar:5.9.3]
	at org.junit.jupiter.engine.descriptor.TestMethodTestDescriptor.lambda$invokeTestMethod$7(TestMethodTestDescriptor.java:217) ~[junit-jupiter-engine-5.9.3.jar:5.9.3]
	at org.junit.platform.engine.support.hierarchical.ThrowableCollector.execute(ThrowableCollector.java:73) ~[junit-platform-engine-1.9.3.jar:1.9.3]
	at org.junit.jupiter.engine.descriptor.TestMethodTestDescriptor.invokeTestMethod(TestMethodTestDescriptor.java:213) ~[junit-jupiter-engine-5.9.3.jar:5.9.3]
	at org.junit.jupiter.engine.descriptor.TestMethodTestDescriptor.execute(TestMethodTestDescriptor.java:138) ~[junit-jupiter-engine-5.9.3.jar:5.9.3]
	at org.junit.jupiter.engine.descriptor.TestMethodTestDescriptor.execute(TestMethodTestDescriptor.java:68) ~[junit-jupiter-engine-5.9.3.jar:5.9.3]
	at org.junit.platform.engine.support.hierarchical.NodeTestTask.lambda$executeRecursively$6(NodeTestTask.java:151) ~[junit-platform-engine-1.9.3.jar:1.9.3]
	at org.junit.platform.engine.support.hierarchical.ThrowableCollector.execute(ThrowableCollector.java:73) ~[junit-platform-engine-1.9.3.jar:1.9.3]
	at org.junit.platform.engine.support.hierarchical.NodeTestTask.lambda$executeRecursively$8(NodeTestTask.java:141) ~[junit-platform-engine-1.9.3.jar:1.9.3]
	at org.junit.platform.engine.support.hierarchical.Node.around(Node.java:137) ~[junit-platform-engine-1.9.3.jar:1.9.3]
	at org.junit.platform.engine.support.hierarchical.NodeTestTask.lambda$executeRecursively$9(NodeTestTask.java:139) ~[junit-platform-engine-1.9.3.jar:1.9.3]
	at org.junit.platform.engine.support.hierarchical.ThrowableCollector.execute(ThrowableCollector.java:73) ~[junit-platform-engine-1.9.3.jar:1.9.3]
	at org.junit.platform.engine.support.hierarchical.NodeTestTask.executeRecursively(NodeTestTask.java:138) ~[junit-platform-engine-1.9.3.jar:1.9.3]
	at org.junit.platform.engine.support.hierarchical.NodeTestTask.execute(NodeTestTask.java:95) ~[junit-platform-engine-1.9.3.jar:1.9.3]
	at java.base/java.util.ArrayList.forEach(ArrayList.java:1596) ~[na:na]
	at org.junit.platform.engine.support.hierarchical.SameThreadHierarchicalTestExecutorService.invokeAll(SameThreadHierarchicalTestExecutorService.java:41) ~[junit-platform-engine-1.9.3.jar:1.9.3]
	at org.junit.platform.engine.support.hierarchical.NodeTestTask.lambda$executeRecursively$6(NodeTestTask.java:155) ~[junit-platform-engine-1.9.3.jar:1.9.3]
	at org.junit.platform.engine.support.hierarchical.ThrowableCollector.execute(ThrowableCollector.java:73) ~[junit-platform-engine-1.9.3.jar:1.9.3]
	at org.junit.platform.engine.support.hierarchical.NodeTestTask.lambda$executeRecursively$8(NodeTestTask.java:141) ~[junit-platform-engine-1.9.3.jar:1.9.3]
	at org.junit.platform.engine.support.hierarchical.Node.around(Node.java:137) ~[junit-platform-engine-1.9.3.jar:1.9.3]
	at org.junit.platform.engine.support.hierarchical.NodeTestTask.lambda$executeRecursively$9(NodeTestTask.java:139) ~[junit-platform-engine-1.9.3.jar:1.9.3]
	at org.junit.platform.engine.support.hierarchical.ThrowableCollector.execute(ThrowableCollector.java:73) ~[junit-platform-engine-1.9.3.jar:1.9.3]
	at org.junit.platform.engine.support.hierarchical.NodeTestTask.executeRecursively(NodeTestTask.java:138) ~[junit-platform-engine-1.9.3.jar:1.9.3]
	at org.junit.platform.engine.support.hierarchical.NodeTestTask.execute(NodeTestTask.java:95) ~[junit-platform-engine-1.9.3.jar:1.9.3]
	at java.base/java.util.ArrayList.forEach(ArrayList.java:1596) ~[na:na]
	at org.junit.platform.engine.support.hierarchical.SameThreadHierarchicalTestExecutorService.invokeAll(SameThreadHierarchicalTestExecutorService.java:41) ~[junit-platform-engine-1.9.3.jar:1.9.3]
	at org.junit.platform.engine.support.hierarchical.NodeTestTask.lambda$executeRecursively$6(NodeTestTask.java:155) ~[junit-platform-engine-1.9.3.jar:1.9.3]
	at org.junit.platform.engine.support.hierarchical.ThrowableCollector.execute(ThrowableCollector.java:73) ~[junit-platform-engine-1.9.3.jar:1.9.3]
	at org.junit.platform.engine.support.hierarchical.NodeTestTask.lambda$executeRecursively$8(NodeTestTask.java:141) ~[junit-platform-engine-1.9.3.jar:1.9.3]
	at org.junit.platform.engine.support.hierarchical.Node.around(Node.java:137) ~[junit-platform-engine-1.9.3.jar:1.9.3]
	at org.junit.platform.engine.support.hierarchical.NodeTestTask.lambda$executeRecursively$9(NodeTestTask.java:139) ~[junit-platform-engine-1.9.3.jar:1.9.3]
	at org.junit.platform.engine.support.hierarchical.ThrowableCollector.execute(ThrowableCollector.java:73) ~[junit-platform-engine-1.9.3.jar:1.9.3]
	at org.junit.platform.engine.support.hierarchical.NodeTestTask.executeRecursively(NodeTestTask.java:138) ~[junit-platform-engine-1.9.3.jar:1.9.3]
	at org.junit.platform.engine.support.hierarchical.NodeTestTask.execute(NodeTestTask.java:95) ~[junit-platform-engine-1.9.3.jar:1.9.3]
	at org.junit.platform.engine.support.hierarchical.SameThreadHierarchicalTestExecutorService.submit(SameThreadHierarchicalTestExecutorService.java:35) ~[junit-platform-engine-1.9.3.jar:1.9.3]
	at org.junit.platform.engine.support.hierarchical.HierarchicalTestExecutor.execute(HierarchicalTestExecutor.java:57) ~[junit-platform-engine-1.9.3.jar:1.9.3]
	at org.junit.platform.engine.support.hierarchical.HierarchicalTestEngine.execute(HierarchicalTestEngine.java:54) ~[junit-platform-engine-1.9.3.jar:1.9.3]
	at org.junit.platform.launcher.core.EngineExecutionOrchestrator.execute(EngineExecutionOrchestrator.java:147) ~[junit-platform-launcher-1.9.3.jar:1.9.3]
	at org.junit.platform.launcher.core.EngineExecutionOrchestrator.execute(EngineExecutionOrchestrator.java:127) ~[junit-platform-launcher-1.9.3.jar:1.9.3]
	at org.junit.platform.launcher.core.EngineExecutionOrchestrator.execute(EngineExecutionOrchestrator.java:90) ~[junit-platform-launcher-1.9.3.jar:1.9.3]
	at org.junit.platform.launcher.core.EngineExecutionOrchestrator.lambda$execute$0(EngineExecutionOrchestrator.java:55) ~[junit-platform-launcher-1.9.3.jar:1.9.3]
	at org.junit.platform.launcher.core.EngineExecutionOrchestrator.withInterceptedStreams(EngineExecutionOrchestrator.java:102) ~[junit-platform-launcher-1.9.3.jar:1.9.3]
	at org.junit.platform.launcher.core.EngineExecutionOrchestrator.execute(EngineExecutionOrchestrator.java:54) ~[junit-platform-launcher-1.9.3.jar:1.9.3]
	at org.junit.platform.launcher.core.DefaultLauncher.execute(DefaultLauncher.java:114) ~[junit-platform-launcher-1.9.3.jar:1.9.3]
	at org.junit.platform.launcher.core.DefaultLauncher.execute(DefaultLauncher.java:86) ~[junit-platform-launcher-1.9.3.jar:1.9.3]
	at org.junit.platform.launcher.core.DefaultLauncherSession$DelegatingLauncher.execute(DefaultLauncherSession.java:86) ~[junit-platform-launcher-1.9.3.jar:1.9.3]
	at org.apache.maven.surefire.junitplatform.LazyLauncher.execute(LazyLauncher.java:50) ~[surefire-junit-platform-3.0.0.jar:3.0.0]
	at org.apache.maven.surefire.junitplatform.JUnitPlatformProvider.execute(JUnitPlatformProvider.java:184) ~[surefire-junit-platform-3.0.0.jar:3.0.0]
	at org.apache.maven.surefire.junitplatform.JUnitPlatformProvider.invokeAllTests(JUnitPlatformProvider.java:148) ~[surefire-junit-platform-3.0.0.jar:3.0.0]
	at org.apache.maven.surefire.junitplatform.JUnitPlatformProvider.invoke(JUnitPlatformProvider.java:122) ~[surefire-junit-platform-3.0.0.jar:3.0.0]
	at org.apache.maven.surefire.booter.ForkedBooter.runSuitesInProcess(ForkedBooter.java:385) ~[surefire-booter-3.0.0.jar:3.0.0]
	at org.apache.maven.surefire.booter.ForkedBooter.execute(ForkedBooter.java:162) ~[surefire-booter-3.0.0.jar:3.0.0]
	at org.apache.maven.surefire.booter.ForkedBooter.run(ForkedBooter.java:507) ~[surefire-booter-3.0.0.jar:3.0.0]
	at org.apache.maven.surefire.booter.ForkedBooter.main(ForkedBooter.java:495) ~[surefire-booter-3.0.0.jar:3.0.0]
Caused by: java.lang.RuntimeException: voucher-service 不可达
	at com.hmdp.order.mq.SeckillOrderConsumer.handleOrder(SeckillOrderConsumer.java:162) ~[classes/:na]
	... 75 common frames omitted

2026-10-10T16:50:08.195+08:00 ERROR 45852 --- [           main] com.hmdp.order.mq.SeckillOrderConsumer   : 订单处理重试次数已达上限，需要人工干预: orderId=9001, reconsumeTimes=3
2026-10-10T16:50:08.201+08:00  INFO 45852 --- [           main] com.hmdp.order.mq.SeckillOrderConsumer   : 开始处理秒杀订单消息: orderId=9001, userId=7, voucherId=1, reconsumeTimes=0
2026-10-10T16:50:08.201+08:00 ERROR 45852 --- [           main] com.hmdp.order.mq.SeckillOrderConsumer   : 处理秒杀订单消息异常: orderId=9001, error=获取订单锁失败，触发重试: orderId=9001

java.lang.IllegalStateException: 获取订单锁失败，触发重试: orderId=9001
	at com.hmdp.order.mq.SeckillOrderConsumer.handleOrder(SeckillOrderConsumer.java:126) ~[classes/:na]
	at com.hmdp.order.mq.SeckillOrderConsumerTest.lambda$获取锁失败时抛出异常触发重试_而非静默ACK丢弃$0(SeckillOrderConsumerTest.java:57) ~[test-classes/:na]
	at org.junit.jupiter.api.AssertThrows.assertThrows(AssertThrows.java:53) ~[junit-jupiter-api-5.9.3.jar:5.9.3]
	at org.junit.jupiter.api.AssertThrows.assertThrows(AssertThrows.java:35) ~[junit-jupiter-api-5.9.3.jar:5.9.3]
	at org.junit.jupiter.api.Assertions.assertThrows(Assertions.java:3083) ~[junit-jupiter-api-5.9.3.jar:5.9.3]
	at com.hmdp.order.mq.SeckillOrderConsumerTest.获取锁失败时抛出异常触发重试_而非静默ACK丢弃(SeckillOrderConsumerTest.java:57) ~[test-classes/:na]
	at java.base/jdk.internal.reflect.DirectMethodHandleAccessor.invoke(DirectMethodHandleAccessor.java:103) ~[na:na]
	at java.base/java.lang.reflect.Method.invoke(Method.java:580) ~[na:na]
	at org.junit.platform.commons.util.ReflectionUtils.invokeMethod(ReflectionUtils.java:727) ~[junit-platform-commons-1.9.3.jar:1.9.3]
	at org.junit.jupiter.engine.execution.MethodInvocation.proceed(MethodInvocation.java:60) ~[junit-jupiter-engine-5.9.3.jar:5.9.3]
	at org.junit.jupiter.engine.execution.InvocationInterceptorChain$ValidatingInvocation.proceed(InvocationInterceptorChain.java:131) ~[junit-jupiter-engine-5.9.3.jar:5.9.3]
	at org.junit.jupiter.engine.extension.TimeoutExtension.intercept(TimeoutExtension.java:156) ~[junit-jupiter-engine-5.9.3.jar:5.9.3]
	at org.junit.jupiter.engine.extension.TimeoutExtension.interceptTestableMethod(TimeoutExtension.java:147) ~[junit-jupiter-engine-5.9.3.jar:5.9.3]
	at org.junit.jupiter.engine.extension.TimeoutExtension.interceptTestMethod(TimeoutExtension.java:86) ~[junit-jupiter-engine-5.9.3.jar:5.9.3]
	at org.junit.jupiter.engine.execution.InterceptingExecutableInvoker$ReflectiveInterceptorCall.lambda$ofVoidMethod$0(InterceptingExecutableInvoker.java:103) ~[junit-jupiter-engine-5.9.3.jar:5.9.3]
	at org.junit.jupiter.engine.execution.InterceptingExecutableInvoker.lambda$invoke$0(InterceptingExecutableInvoker.java:93) ~[junit-jupiter-engine-5.9.3.jar:5.9.3]
	at org.junit.jupiter.engine.execution.InvocationInterceptorChain$InterceptedInvocation.proceed(InvocationInterceptorChain.java:106) ~[junit-jupiter-engine-5.9.3.jar:5.9.3]
	at org.junit.jupiter.engine.execution.InvocationInterceptorChain.proceed(InvocationInterceptorChain.java:64) ~[junit-jupiter-engine-5.9.3.jar:5.9.3]
	at org.junit.jupiter.engine.execution.InvocationInterceptorChain.chainAndInvoke(InvocationInterceptorChain.java:45) ~[junit-jupiter-engine-5.9.3.jar:5.9.3]
	at org.junit.jupiter.engine.execution.InvocationInterceptorChain.invoke(InvocationInterceptorChain.java:37) ~[junit-jupiter-engine-5.9.3.jar:5.9.3]
	at org.junit.jupiter.engine.execution.InterceptingExecutableInvoker.invoke(InterceptingExecutableInvoker.java:92) ~[junit-jupiter-engine-5.9.3.jar:5.9.3]
	at org.junit.jupiter.engine.execution.InterceptingExecutableInvoker.invoke(InterceptingExecutableInvoker.java:86) ~[junit-jupiter-engine-5.9.3.jar:5.9.3]
	at org.junit.jupiter.engine.descriptor.TestMethodTestDescriptor.lambda$invokeTestMethod$7(TestMethodTestDescriptor.java:217) ~[junit-jupiter-engine-5.9.3.jar:5.9.3]
	at org.junit.platform.engine.support.hierarchical.ThrowableCollector.execute(ThrowableCollector.java:73) ~[junit-platform-engine-1.9.3.jar:1.9.3]
	at org.junit.jupiter.engine.descriptor.TestMethodTestDescriptor.invokeTestMethod(TestMethodTestDescriptor.java:213) ~[junit-jupiter-engine-5.9.3.jar:5.9.3]
	at org.junit.jupiter.engine.descriptor.TestMethodTestDescriptor.execute(TestMethodTestDescriptor.java:138) ~[junit-jupiter-engine-5.9.3.jar:5.9.3]
	at org.junit.jupiter.engine.descriptor.TestMethodTestDescriptor.execute(TestMethodTestDescriptor.java:68) ~[junit-jupiter-engine-5.9.3.jar:5.9.3]
	at org.junit.platform.engine.support.hierarchical.NodeTestTask.lambda$executeRecursively$6(NodeTestTask.java:151) ~[junit-platform-engine-1.9.3.jar:1.9.3]
	at org.junit.platform.engine.support.hierarchical.ThrowableCollector.execute(ThrowableCollector.java:73) ~[junit-platform-engine-1.9.3.jar:1.9.3]
	at org.junit.platform.engine.support.hierarchical.NodeTestTask.lambda$executeRecursively$8(NodeTestTask.java:141) ~[junit-platform-engine-1.9.3.jar:1.9.3]
	at org.junit.platform.engine.support.hierarchical.Node.around(Node.java:137) ~[junit-platform-engine-1.9.3.jar:1.9.3]
	at org.junit.platform.engine.support.hierarchical.NodeTestTask.lambda$executeRecursively$9(NodeTestTask.java:139) ~[junit-platform-engine-1.9.3.jar:1.9.3]
	at org.junit.platform.engine.support.hierarchical.ThrowableCollector.execute(ThrowableCollector.java:73) ~[junit-platform-engine-1.9.3.jar:1.9.3]
	at org.junit.platform.engine.support.hierarchical.NodeTestTask.executeRecursively(NodeTestTask.java:138) ~[junit-platform-engine-1.9.3.jar:1.9.3]
	at org.junit.platform.engine.support.hierarchical.NodeTestTask.execute(NodeTestTask.java:95) ~[junit-platform-engine-1.9.3.jar:1.9.3]
	at java.base/java.util.ArrayList.forEach(ArrayList.java:1596) ~[na:na]
	at org.junit.platform.engine.support.hierarchical.SameThreadHierarchicalTestExecutorService.invokeAll(SameThreadHierarchicalTestExecutorService.java:41) ~[junit-platform-engine-1.9.3.jar:1.9.3]
	at org.junit.platform.engine.support.hierarchical.NodeTestTask.lambda$executeRecursively$6(NodeTestTask.java:155) ~[junit-platform-engine-1.9.3.jar:1.9.3]
	at org.junit.platform.engine.support.hierarchical.ThrowableCollector.execute(ThrowableCollector.java:73) ~[junit-platform-engine-1.9.3.jar:1.9.3]
	at org.junit.platform.engine.support.hierarchical.NodeTestTask.lambda$executeRecursively$8(NodeTestTask.java:141) ~[junit-platform-engine-1.9.3.jar:1.9.3]
	at org.junit.platform.engine.support.hierarchical.Node.around(Node.java:137) ~[junit-platform-engine-1.9.3.jar:1.9.3]
	at org.junit.platform.engine.support.hierarchical.NodeTestTask.lambda$executeRecursively$9(NodeTestTask.java:139) ~[junit-platform-engine-1.9.3.jar:1.9.3]
	at org.junit.platform.engine.support.hierarchical.ThrowableCollector.execute(ThrowableCollector.java:73) ~[junit-platform-engine-1.9.3.jar:1.9.3]
	at org.junit.platform.engine.support.hierarchical.NodeTestTask.executeRecursively(NodeTestTask.java:138) ~[junit-platform-engine-1.9.3.jar:1.9.3]
	at org.junit.platform.engine.support.hierarchical.NodeTestTask.execute(NodeTestTask.java:95) ~[junit-platform-engine-1.9.3.jar:1.9.3]
	at java.base/java.util.ArrayList.forEach(ArrayList.java:1596) ~[na:na]
	at org.junit.platform.engine.support.hierarchical.SameThreadHierarchicalTestExecutorService.invokeAll(SameThreadHierarchicalTestExecutorService.java:41) ~[junit-platform-engine-1.9.3.jar:1.9.3]
	at org.junit.platform.engine.support.hierarchical.NodeTestTask.lambda$executeRecursively$6(NodeTestTask.java:155) ~[junit-platform-engine-1.9.3.jar:1.9.3]
	at org.junit.platform.engine.support.hierarchical.ThrowableCollector.execute(ThrowableCollector.java:73) ~[junit-platform-engine-1.9.3.jar:1.9.3]
	at org.junit.platform.engine.support.hierarchical.NodeTestTask.lambda$executeRecursively$8(NodeTestTask.java:141) ~[junit-platform-engine-1.9.3.jar:1.9.3]
	at org.junit.platform.engine.support.hierarchical.Node.around(Node.java:137) ~[junit-platform-engine-1.9.3.jar:1.9.3]
	at org.junit.platform.engine.support.hierarchical.NodeTestTask.lambda$executeRecursively$9(NodeTestTask.java:139) ~[junit-platform-engine-1.9.3.jar:1.9.3]
	at org.junit.platform.engine.support.hierarchical.ThrowableCollector.execute(ThrowableCollector.java:73) ~[junit-platform-engine-1.9.3.jar:1.9.3]
	at org.junit.platform.engine.support.hierarchical.NodeTestTask.executeRecursively(NodeTestTask.java:138) ~[junit-platform-engine-1.9.3.jar:1.9.3]
	at org.junit.platform.engine.support.hierarchical.NodeTestTask.execute(NodeTestTask.java:95) ~[junit-platform-engine-1.9.3.jar:1.9.3]
	at org.junit.platform.engine.support.hierarchical.SameThreadHierarchicalTestExecutorService.submit(SameThreadHierarchicalTestExecutorService.java:35) ~[junit-platform-engine-1.9.3.jar:1.9.3]
	at org.junit.platform.engine.support.hierarchical.HierarchicalTestExecutor.execute(HierarchicalTestExecutor.java:57) ~[junit-platform-engine-1.9.3.jar:1.9.3]
	at org.junit.platform.engine.support.hierarchical.HierarchicalTestEngine.execute(HierarchicalTestEngine.java:54) ~[junit-platform-engine-1.9.3.jar:1.9.3]
	at org.junit.platform.launcher.core.EngineExecutionOrchestrator.execute(EngineExecutionOrchestrator.java:147) ~[junit-platform-launcher-1.9.3.jar:1.9.3]
	at org.junit.platform.launcher.core.EngineExecutionOrchestrator.execute(EngineExecutionOrchestrator.java:127) ~[junit-platform-launcher-1.9.3.jar:1.9.3]
	at org.junit.platform.launcher.core.EngineExecutionOrchestrator.execute(EngineExecutionOrchestrator.java:90) ~[junit-platform-launcher-1.9.3.jar:1.9.3]
	at org.junit.platform.launcher.core.EngineExecutionOrchestrator.lambda$execute$0(EngineExecutionOrchestrator.java:55) ~[junit-platform-launcher-1.9.3.jar:1.9.3]
	at org.junit.platform.launcher.core.EngineExecutionOrchestrator.withInterceptedStreams(EngineExecutionOrchestrator.java:102) ~[junit-platform-launcher-1.9.3.jar:1.9.3]
	at org.junit.platform.launcher.core.EngineExecutionOrchestrator.execute(EngineExecutionOrchestrator.java:54) ~[junit-platform-launcher-1.9.3.jar:1.9.3]
	at org.junit.platform.launcher.core.DefaultLauncher.execute(DefaultLauncher.java:114) ~[junit-platform-launcher-1.9.3.jar:1.9.3]
	at org.junit.platform.launcher.core.DefaultLauncher.execute(DefaultLauncher.java:86) ~[junit-platform-launcher-1.9.3.jar:1.9.3]
	at org.junit.platform.launcher.core.DefaultLauncherSession$DelegatingLauncher.execute(DefaultLauncherSession.java:86) ~[junit-platform-launcher-1.9.3.jar:1.9.3]
	at org.apache.maven.surefire.junitplatform.LazyLauncher.execute(LazyLauncher.java:50) ~[surefire-junit-platform-3.0.0.jar:3.0.0]
	at org.apache.maven.surefire.junitplatform.JUnitPlatformProvider.execute(JUnitPlatformProvider.java:184) ~[surefire-junit-platform-3.0.0.jar:3.0.0]
	at org.apache.maven.surefire.junitplatform.JUnitPlatformProvider.invokeAllTests(JUnitPlatformProvider.java:148) ~[surefire-junit-platform-3.0.0.jar:3.0.0]
	at org.apache.maven.surefire.junitplatform.JUnitPlatformProvider.invoke(JUnitPlatformProvider.java:122) ~[surefire-junit-platform-3.0.0.jar:3.0.0]
	at org.apache.maven.surefire.booter.ForkedBooter.runSuitesInProcess(ForkedBooter.java:385) ~[surefire-booter-3.0.0.jar:3.0.0]
	at org.apache.maven.surefire.booter.ForkedBooter.execute(ForkedBooter.java:162) ~[surefire-booter-3.0.0.jar:3.0.0]
	at org.apache.maven.surefire.booter.ForkedBooter.run(ForkedBooter.java:507) ~[surefire-booter-3.0.0.jar:3.0.0]
	at org.apache.maven.surefire.booter.ForkedBooter.main(ForkedBooter.java:495) ~[surefire-booter-3.0.0.jar:3.0.0]

2026-10-10T16:50:08.209+08:00  INFO 45852 --- [           main] com.hmdp.order.mq.SeckillOrderConsumer   : 开始处理秒杀订单消息: orderId=9001, userId=7, voucherId=1, reconsumeTimes=0
2026-10-10T16:50:08.210+08:00 ERROR 45852 --- [           main] com.hmdp.order.mq.SeckillOrderConsumer   : 调用库存扣减失败，触发重试: voucherId=1, orderId=9001

java.lang.RuntimeException: voucher-service 不可达
	at com.hmdp.order.mq.SeckillOrderConsumer.handleOrder(SeckillOrderConsumer.java:162) ~[classes/:na]
	at com.hmdp.order.mq.SeckillOrderConsumerTest.lambda$扣库存抛Feign异常时抛出触发重试_不当作业务失败丢弃$1(SeckillOrderConsumerTest.java:71) ~[test-classes/:na]
	at org.junit.jupiter.api.AssertThrows.assertThrows(AssertThrows.java:53) ~[junit-jupiter-api-5.9.3.jar:5.9.3]
	at org.junit.jupiter.api.AssertThrows.assertThrows(AssertThrows.java:35) ~[junit-jupiter-api-5.9.3.jar:5.9.3]
	at org.junit.jupiter.api.Assertions.assertThrows(Assertions.java:3083) ~[junit-jupiter-api-5.9.3.jar:5.9.3]
	at com.hmdp.order.mq.SeckillOrderConsumerTest.扣库存抛Feign异常时抛出触发重试_不当作业务失败丢弃(SeckillOrderConsumerTest.java:71) ~[test-classes/:na]
	at java.base/jdk.internal.reflect.DirectMethodHandleAccessor.invoke(DirectMethodHandleAccessor.java:103) ~[na:na]
	at java.base/java.lang.reflect.Method.invoke(Method.java:580) ~[na:na]
	at org.junit.platform.commons.util.ReflectionUtils.invokeMethod(ReflectionUtils.java:727) ~[junit-platform-commons-1.9.3.jar:1.9.3]
	at org.junit.jupiter.engine.execution.MethodInvocation.proceed(MethodInvocation.java:60) ~[junit-jupiter-engine-5.9.3.jar:5.9.3]
	at org.junit.jupiter.engine.execution.InvocationInterceptorChain$ValidatingInvocation.proceed(InvocationInterceptorChain.java:131) ~[junit-jupiter-engine-5.9.3.jar:5.9.3]
	at org.junit.jupiter.engine.extension.TimeoutExtension.intercept(TimeoutExtension.java:156) ~[junit-jupiter-engine-5.9.3.jar:5.9.3]
	at org.junit.jupiter.engine.extension.TimeoutExtension.interceptTestableMethod(TimeoutExtension.java:147) ~[junit-jupiter-engine-5.9.3.jar:5.9.3]
	at org.junit.jupiter.engine.extension.TimeoutExtension.interceptTestMethod(TimeoutExtension.java:86) ~[junit-jupiter-engine-5.9.3.jar:5.9.3]
	at org.junit.jupiter.engine.execution.InterceptingExecutableInvoker$ReflectiveInterceptorCall.lambda$ofVoidMethod$0(InterceptingExecutableInvoker.java:103) ~[junit-jupiter-engine-5.9.3.jar:5.9.3]
	at org.junit.jupiter.engine.execution.InterceptingExecutableInvoker.lambda$invoke$0(InterceptingExecutableInvoker.java:93) ~[junit-jupiter-engine-5.9.3.jar:5.9.3]
	at org.junit.jupiter.engine.execution.InvocationInterceptorChain$InterceptedInvocation.proceed(InvocationInterceptorChain.java:106) ~[junit-jupiter-engine-5.9.3.jar:5.9.3]
	at org.junit.jupiter.engine.execution.InvocationInterceptorChain.proceed(InvocationInterceptorChain.java:64) ~[junit-jupiter-engine-5.9.3.jar:5.9.3]
	at org.junit.jupiter.engine.execution.InvocationInterceptorChain.chainAndInvoke(InvocationInterceptorChain.java:45) ~[junit-jupiter-engine-5.9.3.jar:5.9.3]
	at org.junit.jupiter.engine.execution.InvocationInterceptorChain.invoke(InvocationInterceptorChain.java:37) ~[junit-jupiter-engine-5.9.3.jar:5.9.3]
	at org.junit.jupiter.engine.execution.InterceptingExecutableInvoker.invoke(InterceptingExecutableInvoker.java:92) ~[junit-jupiter-engine-5.9.3.jar:5.9.3]
	at org.junit.jupiter.engine.execution.InterceptingExecutableInvoker.invoke(InterceptingExecutableInvoker.java:86) ~[junit-jupiter-engine-5.9.3.jar:5.9.3]
	at org.junit.jupiter.engine.descriptor.TestMethodTestDescriptor.lambda$invokeTestMethod$7(TestMethodTestDescriptor.java:217) ~[junit-jupiter-engine-5.9.3.jar:5.9.3]
	at org.junit.platform.engine.support.hierarchical.ThrowableCollector.execute(ThrowableCollector.java:73) ~[junit-platform-engine-1.9.3.jar:1.9.3]
	at org.junit.jupiter.engine.descriptor.TestMethodTestDescriptor.invokeTestMethod(TestMethodTestDescriptor.java:213) ~[junit-jupiter-engine-5.9.3.jar:5.9.3]
	at org.junit.jupiter.engine.descriptor.TestMethodTestDescriptor.execute(TestMethodTestDescriptor.java:138) ~[junit-jupiter-engine-5.9.3.jar:5.9.3]
	at org.junit.jupiter.engine.descriptor.TestMethodTestDescriptor.execute(TestMethodTestDescriptor.java:68) ~[junit-jupiter-engine-5.9.3.jar:5.9.3]
	at org.junit.platform.engine.support.hierarchical.NodeTestTask.lambda$executeRecursively$6(NodeTestTask.java:151) ~[junit-platform-engine-1.9.3.jar:1.9.3]
	at org.junit.platform.engine.support.hierarchical.ThrowableCollector.execute(ThrowableCollector.java:73) ~[junit-platform-engine-1.9.3.jar:1.9.3]
	at org.junit.platform.engine.support.hierarchical.NodeTestTask.lambda$executeRecursively$8(NodeTestTask.java:141) ~[junit-platform-engine-1.9.3.jar:1.9.3]
	at org.junit.platform.engine.support.hierarchical.Node.around(Node.java:137) ~[junit-platform-engine-1.9.3.jar:1.9.3]
	at org.junit.platform.engine.support.hierarchical.NodeTestTask.lambda$executeRecursively$9(NodeTestTask.java:139) ~[junit-platform-engine-1.9.3.jar:1.9.3]
	at org.junit.platform.engine.support.hierarchical.ThrowableCollector.execute(ThrowableCollector.java:73) ~[junit-platform-engine-1.9.3.jar:1.9.3]
	at org.junit.platform.engine.support.hierarchical.NodeTestTask.executeRecursively(NodeTestTask.java:138) ~[junit-platform-engine-1.9.3.jar:1.9.3]
	at org.junit.platform.engine.support.hierarchical.NodeTestTask.execute(NodeTestTask.java:95) ~[junit-platform-engine-1.9.3.jar:1.9.3]
	at java.base/java.util.ArrayList.forEach(ArrayList.java:1596) ~[na:na]
	at org.junit.platform.engine.support.hierarchical.SameThreadHierarchicalTestExecutorService.invokeAll(SameThreadHierarchicalTestExecutorService.java:41) ~[junit-platform-engine-1.9.3.jar:1.9.3]
	at org.junit.platform.engine.support.hierarchical.NodeTestTask.lambda$executeRecursively$6(NodeTestTask.java:155) ~[junit-platform-engine-1.9.3.jar:1.9.3]
	at org.junit.platform.engine.support.hierarchical.ThrowableCollector.execute(ThrowableCollector.java:73) ~[junit-platform-engine-1.9.3.jar:1.9.3]
	at org.junit.platform.engine.support.hierarchical.NodeTestTask.lambda$executeRecursively$8(NodeTestTask.java:141) ~[junit-platform-engine-1.9.3.jar:1.9.3]
	at org.junit.platform.engine.support.hierarchical.Node.around(Node.java:137) ~[junit-platform-engine-1.9.3.jar:1.9.3]
	at org.junit.platform.engine.support.hierarchical.NodeTestTask.lambda$executeRecursively$9(NodeTestTask.java:139) ~[junit-platform-engine-1.9.3.jar:1.9.3]
	at org.junit.platform.engine.support.hierarchical.ThrowableCollector.execute(ThrowableCollector.java:73) ~[junit-platform-engine-1.9.3.jar:1.9.3]
	at org.junit.platform.engine.support.hierarchical.NodeTestTask.executeRecursively(NodeTestTask.java:138) ~[junit-platform-engine-1.9.3.jar:1.9.3]
	at org.junit.platform.engine.support.hierarchical.NodeTestTask.execute(NodeTestTask.java:95) ~[junit-platform-engine-1.9.3.jar:1.9.3]
	at java.base/java.util.ArrayList.forEach(ArrayList.java:1596) ~[na:na]
	at org.junit.platform.engine.support.hierarchical.SameThreadHierarchicalTestExecutorService.invokeAll(SameThreadHierarchicalTestExecutorService.java:41) ~[junit-platform-engine-1.9.3.jar:1.9.3]
	at org.junit.platform.engine.support.hierarchical.NodeTestTask.lambda$executeRecursively$6(NodeTestTask.java:155) ~[junit-platform-engine-1.9.3.jar:1.9.3]
	at org.junit.platform.engine.support.hierarchical.ThrowableCollector.execute(ThrowableCollector.java:73) ~[junit-platform-engine-1.9.3.jar:1.9.3]
	at org.junit.platform.engine.support.hierarchical.NodeTestTask.lambda$executeRecursively$8(NodeTestTask.java:141) ~[junit-platform-engine-1.9.3.jar:1.9.3]
	at org.junit.platform.engine.support.hierarchical.Node.around(Node.java:137) ~[junit-platform-engine-1.9.3.jar:1.9.3]
	at org.junit.platform.engine.support.hierarchical.NodeTestTask.lambda$executeRecursively$9(NodeTestTask.java:139) ~[junit-platform-engine-1.9.3.jar:1.9.3]
	at org.junit.platform.engine.support.hierarchical.ThrowableCollector.execute(ThrowableCollector.java:73) ~[junit-platform-engine-1.9.3.jar:1.9.3]
	at org.junit.platform.engine.support.hierarchical.NodeTestTask.executeRecursively(NodeTestTask.java:138) ~[junit-platform-engine-1.9.3.jar:1.9.3]
	at org.junit.platform.engine.support.hierarchical.NodeTestTask.execute(NodeTestTask.java:95) ~[junit-platform-engine-1.9.3.jar:1.9.3]
	at org.junit.platform.engine.support.hierarchical.SameThreadHierarchicalTestExecutorService.submit(SameThreadHierarchicalTestExecutorService.java:35) ~[junit-platform-engine-1.9.3.jar:1.9.3]
	at org.junit.platform.engine.support.hierarchical.HierarchicalTestExecutor.execute(HierarchicalTestExecutor.java:57) ~[junit-platform-engine-1.9.3.jar:1.9.3]
	at org.junit.platform.engine.support.hierarchical.HierarchicalTestEngine.execute(HierarchicalTestEngine.java:54) ~[junit-platform-engine-1.9.3.jar:1.9.3]
	at org.junit.platform.launcher.core.EngineExecutionOrchestrator.execute(EngineExecutionOrchestrator.java:147) ~[junit-platform-launcher-1.9.3.jar:1.9.3]
	at org.junit.platform.launcher.core.EngineExecutionOrchestrator.execute(EngineExecutionOrchestrator.java:127) ~[junit-platform-launcher-1.9.3.jar:1.9.3]
	at org.junit.platform.launcher.core.EngineExecutionOrchestrator.execute(EngineExecutionOrchestrator.java:90) ~[junit-platform-launcher-1.9.3.jar:1.9.3]
	at org.junit.platform.launcher.core.EngineExecutionOrchestrator.lambda$execute$0(EngineExecutionOrchestrator.java:55) ~[junit-platform-launcher-1.9.3.jar:1.9.3]
	at org.junit.platform.launcher.core.EngineExecutionOrchestrator.withInterceptedStreams(EngineExecutionOrchestrator.java:102) ~[junit-platform-launcher-1.9.3.jar:1.9.3]
	at org.junit.platform.launcher.core.EngineExecutionOrchestrator.execute(EngineExecutionOrchestrator.java:54) ~[junit-platform-launcher-1.9.3.jar:1.9.3]
	at org.junit.platform.launcher.core.DefaultLauncher.execute(DefaultLauncher.java:114) ~[junit-platform-launcher-1.9.3.jar:1.9.3]
	at org.junit.platform.launcher.core.DefaultLauncher.execute(DefaultLauncher.java:86) ~[junit-platform-launcher-1.9.3.jar:1.9.3]
	at org.junit.platform.launcher.core.DefaultLauncherSession$DelegatingLauncher.execute(DefaultLauncherSession.java:86) ~[junit-platform-launcher-1.9.3.jar:1.9.3]
	at org.apache.maven.surefire.junitplatform.LazyLauncher.execute(LazyLauncher.java:50) ~[surefire-junit-platform-3.0.0.jar:3.0.0]
	at org.apache.maven.surefire.junitplatform.JUnitPlatformProvider.execute(JUnitPlatformProvider.java:184) ~[surefire-junit-platform-3.0.0.jar:3.0.0]
	at org.apache.maven.surefire.junitplatform.JUnitPlatformProvider.invokeAllTests(JUnitPlatformProvider.java:148) ~[surefire-junit-platform-3.0.0.jar:3.0.0]
	at org.apache.maven.surefire.junitplatform.JUnitPlatformProvider.invoke(JUnitPlatformProvider.java:122) ~[surefire-junit-platform-3.0.0.jar:3.0.0]
	at org.apache.maven.surefire.booter.ForkedBooter.runSuitesInProcess(ForkedBooter.java:385) ~[surefire-booter-3.0.0.jar:3.0.0]
	at org.apache.maven.surefire.booter.ForkedBooter.execute(ForkedBooter.java:162) ~[surefire-booter-3.0.0.jar:3.0.0]
	at org.apache.maven.surefire.booter.ForkedBooter.run(ForkedBooter.java:507) ~[surefire-booter-3.0.0.jar:3.0.0]
	at org.apache.maven.surefire.booter.ForkedBooter.main(ForkedBooter.java:495) ~[surefire-booter-3.0.0.jar:3.0.0]

2026-10-10T16:50:08.212+08:00 ERROR 45852 --- [           main] com.hmdp.order.mq.SeckillOrderConsumer   : 处理秒杀订单消息异常: orderId=9001, error=库存服务调用失败

java.lang.RuntimeException: 库存服务调用失败
	at com.hmdp.order.mq.SeckillOrderConsumer.handleOrder(SeckillOrderConsumer.java:170) ~[classes/:na]
	at com.hmdp.order.mq.SeckillOrderConsumerTest.lambda$扣库存抛Feign异常时抛出触发重试_不当作业务失败丢弃$1(SeckillOrderConsumerTest.java:71) ~[test-classes/:na]
	at org.junit.jupiter.api.AssertThrows.assertThrows(AssertThrows.java:53) ~[junit-jupiter-api-5.9.3.jar:5.9.3]
	at org.junit.jupiter.api.AssertThrows.assertThrows(AssertThrows.java:35) ~[junit-jupiter-api-5.9.3.jar:5.9.3]
	at org.junit.jupiter.api.Assertions.assertThrows(Assertions.java:3083) ~[junit-jupiter-api-5.9.3.jar:5.9.3]
	at com.hmdp.order.mq.SeckillOrderConsumerTest.扣库存抛Feign异常时抛出触发重试_不当作业务失败丢弃(SeckillOrderConsumerTest.java:71) ~[test-classes/:na]
	at java.base/jdk.internal.reflect.DirectMethodHandleAccessor.invoke(DirectMethodHandleAccessor.java:103) ~[na:na]
	at java.base/java.lang.reflect.Method.invoke(Method.java:580) ~[na:na]
	at org.junit.platform.commons.util.ReflectionUtils.invokeMethod(ReflectionUtils.java:727) ~[junit-platform-commons-1.9.3.jar:1.9.3]
	at org.junit.jupiter.engine.execution.MethodInvocation.proceed(MethodInvocation.java:60) ~[junit-jupiter-engine-5.9.3.jar:5.9.3]
	at org.junit.jupiter.engine.execution.InvocationInterceptorChain$ValidatingInvocation.proceed(InvocationInterceptorChain.java:131) ~[junit-jupiter-engine-5.9.3.jar:5.9.3]
	at org.junit.jupiter.engine.extension.TimeoutExtension.intercept(TimeoutExtension.java:156) ~[junit-jupiter-engine-5.9.3.jar:5.9.3]
	at org.junit.jupiter.engine.extension.TimeoutExtension.interceptTestableMethod(TimeoutExtension.java:147) ~[junit-jupiter-engine-5.9.3.jar:5.9.3]
	at org.junit.jupiter.engine.extension.TimeoutExtension.interceptTestMethod(TimeoutExtension.java:86) ~[junit-jupiter-engine-5.9.3.jar:5.9.3]
	at org.junit.jupiter.engine.execution.InterceptingExecutableInvoker$ReflectiveInterceptorCall.lambda$ofVoidMethod$0(InterceptingExecutableInvoker.java:103) ~[junit-jupiter-engine-5.9.3.jar:5.9.3]
	at org.junit.jupiter.engine.execution.InterceptingExecutableInvoker.lambda$invoke$0(InterceptingExecutableInvoker.java:93) ~[junit-jupiter-engine-5.9.3.jar:5.9.3]
	at org.junit.jupiter.engine.execution.InvocationInterceptorChain$InterceptedInvocation.proceed(InvocationInterceptorChain.java:106) ~[junit-jupiter-engine-5.9.3.jar:5.9.3]
	at org.junit.jupiter.engine.execution.InvocationInterceptorChain.proceed(InvocationInterceptorChain.java:64) ~[junit-jupiter-engine-5.9.3.jar:5.9.3]
	at org.junit.jupiter.engine.execution.InvocationInterceptorChain.chainAndInvoke(InvocationInterceptorChain.java:45) ~[junit-jupiter-engine-5.9.3.jar:5.9.3]
	at org.junit.jupiter.engine.execution.InvocationInterceptorChain.invoke(InvocationInterceptorChain.java:37) ~[junit-jupiter-engine-5.9.3.jar:5.9.3]
	at org.junit.jupiter.engine.execution.InterceptingExecutableInvoker.invoke(InterceptingExecutableInvoker.java:92) ~[junit-jupiter-engine-5.9.3.jar:5.9.3]
	at org.junit.jupiter.engine.execution.InterceptingExecutableInvoker.invoke(InterceptingExecutableInvoker.java:86) ~[junit-jupiter-engine-5.9.3.jar:5.9.3]
	at org.junit.jupiter.engine.descriptor.TestMethodTestDescriptor.lambda$invokeTestMethod$7(TestMethodTestDescriptor.java:217) ~[junit-jupiter-engine-5.9.3.jar:5.9.3]
	at org.junit.platform.engine.support.hierarchical.ThrowableCollector.execute(ThrowableCollector.java:73) ~[junit-platform-engine-1.9.3.jar:1.9.3]
	at org.junit.jupiter.engine.descriptor.TestMethodTestDescriptor.invokeTestMethod(TestMethodTestDescriptor.java:213) ~[junit-jupiter-engine-5.9.3.jar:5.9.3]
	at org.junit.jupiter.engine.descriptor.TestMethodTestDescriptor.execute(TestMethodTestDescriptor.java:138) ~[junit-jupiter-engine-5.9.3.jar:5.9.3]
	at org.junit.jupiter.engine.descriptor.TestMethodTestDescriptor.execute(TestMethodTestDescriptor.java:68) ~[junit-jupiter-engine-5.9.3.jar:5.9.3]
	at org.junit.platform.engine.support.hierarchical.NodeTestTask.lambda$executeRecursively$6(NodeTestTask.java:151) ~[junit-platform-engine-1.9.3.jar:1.9.3]
	at org.junit.platform.engine.support.hierarchical.ThrowableCollector.execute(ThrowableCollector.java:73) ~[junit-platform-engine-1.9.3.jar:1.9.3]
	at org.junit.platform.engine.support.hierarchical.NodeTestTask.lambda$executeRecursively$8(NodeTestTask.java:141) ~[junit-platform-engine-1.9.3.jar:1.9.3]
	at org.junit.platform.engine.support.hierarchical.Node.around(Node.java:137) ~[junit-platform-engine-1.9.3.jar:1.9.3]
	at org.junit.platform.engine.support.hierarchical.NodeTestTask.lambda$executeRecursively$9(NodeTestTask.java:139) ~[junit-platform-engine-1.9.3.jar:1.9.3]
	at org.junit.platform.engine.support.hierarchical.ThrowableCollector.execute(ThrowableCollector.java:73) ~[junit-platform-engine-1.9.3.jar:1.9.3]
	at org.junit.platform.engine.support.hierarchical.NodeTestTask.executeRecursively(NodeTestTask.java:138) ~[junit-platform-engine-1.9.3.jar:1.9.3]
	at org.junit.platform.engine.support.hierarchical.NodeTestTask.execute(NodeTestTask.java:95) ~[junit-platform-engine-1.9.3.jar:1.9.3]
	at java.base/java.util.ArrayList.forEach(ArrayList.java:1596) ~[na:na]
	at org.junit.platform.engine.support.hierarchical.SameThreadHierarchicalTestExecutorService.invokeAll(SameThreadHierarchicalTestExecutorService.java:41) ~[junit-platform-engine-1.9.3.jar:1.9.3]
	at org.junit.platform.engine.support.hierarchical.NodeTestTask.lambda$executeRecursively$6(NodeTestTask.java:155) ~[junit-platform-engine-1.9.3.jar:1.9.3]
	at org.junit.platform.engine.support.hierarchical.ThrowableCollector.execute(ThrowableCollector.java:73) ~[junit-platform-engine-1.9.3.jar:1.9.3]
	at org.junit.platform.engine.support.hierarchical.NodeTestTask.lambda$executeRecursively$8(NodeTestTask.java:141) ~[junit-platform-engine-1.9.3.jar:1.9.3]
	at org.junit.platform.engine.support.hierarchical.Node.around(Node.java:137) ~[junit-platform-engine-1.9.3.jar:1.9.3]
	at org.junit.platform.engine.support.hierarchical.NodeTestTask.lambda$executeRecursively$9(NodeTestTask.java:139) ~[junit-platform-engine-1.9.3.jar:1.9.3]
	at org.junit.platform.engine.support.hierarchical.ThrowableCollector.execute(ThrowableCollector.java:73) ~[junit-platform-engine-1.9.3.jar:1.9.3]
	at org.junit.platform.engine.support.hierarchical.NodeTestTask.executeRecursively(NodeTestTask.java:138) ~[junit-platform-engine-1.9.3.jar:1.9.3]
	at org.junit.platform.engine.support.hierarchical.NodeTestTask.execute(NodeTestTask.java:95) ~[junit-platform-engine-1.9.3.jar:1.9.3]
	at java.base/java.util.ArrayList.forEach(ArrayList.java:1596) ~[na:na]
	at org.junit.platform.engine.support.hierarchical.SameThreadHierarchicalTestExecutorService.invokeAll(SameThreadHierarchicalTestExecutorService.java:41) ~[junit-platform-engine-1.9.3.jar:1.9.3]
	at org.junit.platform.engine.support.hierarchical.NodeTestTask.lambda$executeRecursively$6(NodeTestTask.java:155) ~[junit-platform-engine-1.9.3.jar:1.9.3]
	at org.junit.platform.engine.support.hierarchical.ThrowableCollector.execute(ThrowableCollector.java:73) ~[junit-platform-engine-1.9.3.jar:1.9.3]
	at org.junit.platform.engine.support.hierarchical.NodeTestTask.lambda$executeRecursively$8(NodeTestTask.java:141) ~[junit-platform-engine-1.9.3.jar:1.9.3]
	at org.junit.platform.engine.support.hierarchical.Node.around(Node.java:137) ~[junit-platform-engine-1.9.3.jar:1.9.3]
	at org.junit.platform.engine.support.hierarchical.NodeTestTask.lambda$executeRecursively$9(NodeTestTask.java:139) ~[junit-platform-engine-1.9.3.jar:1.9.3]
	at org.junit.platform.engine.support.hierarchical.ThrowableCollector.execute(ThrowableCollector.java:73) ~[junit-platform-engine-1.9.3.jar:1.9.3]
	at org.junit.platform.engine.support.hierarchical.NodeTestTask.executeRecursively(NodeTestTask.java:138) ~[junit-platform-engine-1.9.3.jar:1.9.3]
	at org.junit.platform.engine.support.hierarchical.NodeTestTask.execute(NodeTestTask.java:95) ~[junit-platform-engine-1.9.3.jar:1.9.3]
	at org.junit.platform.engine.support.hierarchical.SameThreadHierarchicalTestExecutorService.submit(SameThreadHierarchicalTestExecutorService.java:35) ~[junit-platform-engine-1.9.3.jar:1.9.3]
	at org.junit.platform.engine.support.hierarchical.HierarchicalTestExecutor.execute(HierarchicalTestExecutor.java:57) ~[junit-platform-engine-1.9.3.jar:1.9.3]
	at org.junit.platform.engine.support.hierarchical.HierarchicalTestEngine.execute(HierarchicalTestEngine.java:54) ~[junit-platform-engine-1.9.3.jar:1.9.3]
	at org.junit.platform.launcher.core.EngineExecutionOrchestrator.execute(EngineExecutionOrchestrator.java:147) ~[junit-platform-launcher-1.9.3.jar:1.9.3]
	at org.junit.platform.launcher.core.EngineExecutionOrchestrator.execute(EngineExecutionOrchestrator.java:127) ~[junit-platform-launcher-1.9.3.jar:1.9.3]
	at org.junit.platform.launcher.core.EngineExecutionOrchestrator.execute(EngineExecutionOrchestrator.java:90) ~[junit-platform-launcher-1.9.3.jar:1.9.3]
	at org.junit.platform.launcher.core.EngineExecutionOrchestrator.lambda$execute$0(EngineExecutionOrchestrator.java:55) ~[junit-platform-launcher-1.9.3.jar:1.9.3]
	at org.junit.platform.launcher.core.EngineExecutionOrchestrator.withInterceptedStreams(EngineExecutionOrchestrator.java:102) ~[junit-platform-launcher-1.9.3.jar:1.9.3]
	at org.junit.platform.launcher.core.EngineExecutionOrchestrator.execute(EngineExecutionOrchestrator.java:54) ~[junit-platform-launcher-1.9.3.jar:1.9.3]
	at org.junit.platform.launcher.core.DefaultLauncher.execute(DefaultLauncher.java:114) ~[junit-platform-launcher-1.9.3.jar:1.9.3]
	at org.junit.platform.launcher.core.DefaultLauncher.execute(DefaultLauncher.java:86) ~[junit-platform-launcher-1.9.3.jar:1.9.3]
	at org.junit.platform.launcher.core.DefaultLauncherSession$DelegatingLauncher.execute(DefaultLauncherSession.java:86) ~[junit-platform-launcher-1.9.3.jar:1.9.3]
	at org.apache.maven.surefire.junitplatform.LazyLauncher.execute(LazyLauncher.java:50) ~[surefire-junit-platform-3.0.0.jar:3.0.0]
	at org.apache.maven.surefire.junitplatform.JUnitPlatformProvider.execute(JUnitPlatformProvider.java:184) ~[surefire-junit-platform-3.0.0.jar:3.0.0]
	at org.apache.maven.surefire.junitplatform.JUnitPlatformProvider.invokeAllTests(JUnitPlatformProvider.java:148) ~[surefire-junit-platform-3.0.0.jar:3.0.0]
	at org.apache.maven.surefire.junitplatform.JUnitPlatformProvider.invoke(JUnitPlatformProvider.java:122) ~[surefire-junit-platform-3.0.0.jar:3.0.0]
	at org.apache.maven.surefire.booter.ForkedBooter.runSuitesInProcess(ForkedBooter.java:385) ~[surefire-booter-3.0.0.jar:3.0.0]
	at org.apache.maven.surefire.booter.ForkedBooter.execute(ForkedBooter.java:162) ~[surefire-booter-3.0.0.jar:3.0.0]
	at org.apache.maven.surefire.booter.ForkedBooter.run(ForkedBooter.java:507) ~[surefire-booter-3.0.0.jar:3.0.0]
	at org.apache.maven.surefire.booter.ForkedBooter.main(ForkedBooter.java:495) ~[surefire-booter-3.0.0.jar:3.0.0]
Caused by: java.lang.RuntimeException: voucher-service 不可达
	at com.hmdp.order.mq.SeckillOrderConsumer.handleOrder(SeckillOrderConsumer.java:162) ~[classes/:na]
	... 74 common frames omitted

2026-10-10T16:50:08.224+08:00  INFO 45852 --- [           main] com.hmdp.order.mq.SeckillOrderConsumer   : 开始处理秒杀订单消息: orderId=9001, userId=7, voucherId=1, reconsumeTimes=0
2026-10-10T16:50:08.225+08:00  WARN 45852 --- [           main] com.hmdp.order.mq.SeckillOrderConsumer   : 用户已购买过该优惠券，一人一单校验失败: userId=7, voucherId=1
2026-10-10T16:50:08.231+08:00  INFO 45852 --- [           main] com.hmdp.order.mq.SeckillOrderConsumer   : 开始处理秒杀订单消息: orderId=9001, userId=7, voucherId=1, reconsumeTimes=0
2026-10-10T16:50:08.232+08:00  INFO 45852 --- [           main] com.hmdp.order.mq.SeckillOrderConsumer   : 订单创建成功: orderId=9001, userId=7, voucherId=1
2026-10-10T16:50:08.239+08:00  INFO 45852 --- [           main] com.hmdp.order.mq.SeckillOrderConsumer   : 开始处理秒杀订单消息: orderId=9001, userId=7, voucherId=1, reconsumeTimes=0
2026-10-10T16:50:08.240+08:00  WARN 45852 --- [           main] com.hmdp.order.mq.SeckillOrderConsumer   : 订单已被安全释放，丢弃迟到消息: orderId=9001, userId=7, voucherId=1
2026-10-10T16:50:08.246+08:00  INFO 45852 --- [           main] com.hmdp.order.mq.SeckillOrderConsumer   : 开始处理秒杀订单消息: orderId=9001, userId=7, voucherId=1, reconsumeTimes=0
2026-10-10T16:50:08.247+08:00 ERROR 45852 --- [           main] com.hmdp.order.mq.SeckillOrderConsumer   : 调用库存扣减失败，触发重试: voucherId=1, orderId=9001

java.lang.RuntimeException: voucher-service 不可达
	at com.hmdp.order.mq.SeckillOrderConsumer.handleOrder(SeckillOrderConsumer.java:162) ~[classes/:na]
	at com.hmdp.order.mq.SeckillOrderConsumerTest.lambda$扣库存异常时记录Feign失败样本$10(SeckillOrderConsumerTest.java:244) ~[test-classes/:na]
	at org.junit.jupiter.api.AssertThrows.assertThrows(AssertThrows.java:53) ~[junit-jupiter-api-5.9.3.jar:5.9.3]
	at org.junit.jupiter.api.AssertThrows.assertThrows(AssertThrows.java:35) ~[junit-jupiter-api-5.9.3.jar:5.9.3]
	at org.junit.jupiter.api.Assertions.assertThrows(Assertions.java:3083) ~[junit-jupiter-api-5.9.3.jar:5.9.3]
	at com.hmdp.order.mq.SeckillOrderConsumerTest.扣库存异常时记录Feign失败样本(SeckillOrderConsumerTest.java:244) ~[test-classes/:na]
	at java.base/jdk.internal.reflect.DirectMethodHandleAccessor.invoke(DirectMethodHandleAccessor.java:103) ~[na:na]
	at java.base/java.lang.reflect.Method.invoke(Method.java:580) ~[na:na]
	at org.junit.platform.commons.util.ReflectionUtils.invokeMethod(ReflectionUtils.java:727) ~[junit-platform-commons-1.9.3.jar:1.9.3]
	at org.junit.jupiter.engine.execution.MethodInvocation.proceed(MethodInvocation.java:60) ~[junit-jupiter-engine-5.9.3.jar:5.9.3]
	at org.junit.jupiter.engine.execution.InvocationInterceptorChain$ValidatingInvocation.proceed(InvocationInterceptorChain.java:131) ~[junit-jupiter-engine-5.9.3.jar:5.9.3]
	at org.junit.jupiter.engine.extension.TimeoutExtension.intercept(TimeoutExtension.java:156) ~[junit-jupiter-engine-5.9.3.jar:5.9.3]
	at org.junit.jupiter.engine.extension.TimeoutExtension.interceptTestableMethod(TimeoutExtension.java:147) ~[junit-jupiter-engine-5.9.3.jar:5.9.3]
	at org.junit.jupiter.engine.extension.TimeoutExtension.interceptTestMethod(TimeoutExtension.java:86) ~[junit-jupiter-engine-5.9.3.jar:5.9.3]
	at org.junit.jupiter.engine.execution.InterceptingExecutableInvoker$ReflectiveInterceptorCall.lambda$ofVoidMethod$0(InterceptingExecutableInvoker.java:103) ~[junit-jupiter-engine-5.9.3.jar:5.9.3]
	at org.junit.jupiter.engine.execution.InterceptingExecutableInvoker.lambda$invoke$0(InterceptingExecutableInvoker.java:93) ~[junit-jupiter-engine-5.9.3.jar:5.9.3]
	at org.junit.jupiter.engine.execution.InvocationInterceptorChain$InterceptedInvocation.proceed(InvocationInterceptorChain.java:106) ~[junit-jupiter-engine-5.9.3.jar:5.9.3]
	at org.junit.jupiter.engine.execution.InvocationInterceptorChain.proceed(InvocationInterceptorChain.java:64) ~[junit-jupiter-engine-5.9.3.jar:5.9.3]
	at org.junit.jupiter.engine.execution.InvocationInterceptorChain.chainAndInvoke(InvocationInterceptorChain.java:45) ~[junit-jupiter-engine-5.9.3.jar:5.9.3]
	at org.junit.jupiter.engine.execution.InvocationInterceptorChain.invoke(InvocationInterceptorChain.java:37) ~[junit-jupiter-engine-5.9.3.jar:5.9.3]
	at org.junit.jupiter.engine.execution.InterceptingExecutableInvoker.invoke(InterceptingExecutableInvoker.java:92) ~[junit-jupiter-engine-5.9.3.jar:5.9.3]
	at org.junit.jupiter.engine.execution.InterceptingExecutableInvoker.invoke(InterceptingExecutableInvoker.java:86) ~[junit-jupiter-engine-5.9.3.jar:5.9.3]
	at org.junit.jupiter.engine.descriptor.TestMethodTestDescriptor.lambda$invokeTestMethod$7(TestMethodTestDescriptor.java:217) ~[junit-jupiter-engine-5.9.3.jar:5.9.3]
	at org.junit.platform.engine.support.hierarchical.ThrowableCollector.execute(ThrowableCollector.java:73) ~[junit-platform-engine-1.9.3.jar:1.9.3]
	at org.junit.jupiter.engine.descriptor.TestMethodTestDescriptor.invokeTestMethod(TestMethodTestDescriptor.java:213) ~[junit-jupiter-engine-5.9.3.jar:5.9.3]
	at org.junit.jupiter.engine.descriptor.TestMethodTestDescriptor.execute(TestMethodTestDescriptor.java:138) ~[junit-jupiter-engine-5.9.3.jar:5.9.3]
	at org.junit.jupiter.engine.descriptor.TestMethodTestDescriptor.execute(TestMethodTestDescriptor.java:68) ~[junit-jupiter-engine-5.9.3.jar:5.9.3]
	at org.junit.platform.engine.support.hierarchical.NodeTestTask.lambda$executeRecursively$6(NodeTestTask.java:151) ~[junit-platform-engine-1.9.3.jar:1.9.3]
	at org.junit.platform.engine.support.hierarchical.ThrowableCollector.execute(ThrowableCollector.java:73) ~[junit-platform-engine-1.9.3.jar:1.9.3]
	at org.junit.platform.engine.support.hierarchical.NodeTestTask.lambda$executeRecursively$8(NodeTestTask.java:141) ~[junit-platform-engine-1.9.3.jar:1.9.3]
	at org.junit.platform.engine.support.hierarchical.Node.around(Node.java:137) ~[junit-platform-engine-1.9.3.jar:1.9.3]
	at org.junit.platform.engine.support.hierarchical.NodeTestTask.lambda$executeRecursively$9(NodeTestTask.java:139) ~[junit-platform-engine-1.9.3.jar:1.9.3]
	at org.junit.platform.engine.support.hierarchical.ThrowableCollector.execute(ThrowableCollector.java:73) ~[junit-platform-engine-1.9.3.jar:1.9.3]
	at org.junit.platform.engine.support.hierarchical.NodeTestTask.executeRecursively(NodeTestTask.java:138) ~[junit-platform-engine-1.9.3.jar:1.9.3]
	at org.junit.platform.engine.support.hierarchical.NodeTestTask.execute(NodeTestTask.java:95) ~[junit-platform-engine-1.9.3.jar:1.9.3]
	at java.base/java.util.ArrayList.forEach(ArrayList.java:1596) ~[na:na]
	at org.junit.platform.engine.support.hierarchical.SameThreadHierarchicalTestExecutorService.invokeAll(SameThreadHierarchicalTestExecutorService.java:41) ~[junit-platform-engine-1.9.3.jar:1.9.3]
	at org.junit.platform.engine.support.hierarchical.NodeTestTask.lambda$executeRecursively$6(NodeTestTask.java:155) ~[junit-platform-engine-1.9.3.jar:1.9.3]
	at org.junit.platform.engine.support.hierarchical.ThrowableCollector.execute(ThrowableCollector.java:73) ~[junit-platform-engine-1.9.3.jar:1.9.3]
	at org.junit.platform.engine.support.hierarchical.NodeTestTask.lambda$executeRecursively$8(NodeTestTask.java:141) ~[junit-platform-engine-1.9.3.jar:1.9.3]
	at org.junit.platform.engine.support.hierarchical.Node.around(Node.java:137) ~[junit-platform-engine-1.9.3.jar:1.9.3]
	at org.junit.platform.engine.support.hierarchical.NodeTestTask.lambda$executeRecursively$9(NodeTestTask.java:139) ~[junit-platform-engine-1.9.3.jar:1.9.3]
	at org.junit.platform.engine.support.hierarchical.ThrowableCollector.execute(ThrowableCollector.java:73) ~[junit-platform-engine-1.9.3.jar:1.9.3]
	at org.junit.platform.engine.support.hierarchical.NodeTestTask.executeRecursively(NodeTestTask.java:138) ~[junit-platform-engine-1.9.3.jar:1.9.3]
	at org.junit.platform.engine.support.hierarchical.NodeTestTask.execute(NodeTestTask.java:95) ~[junit-platform-engine-1.9.3.jar:1.9.3]
	at java.base/java.util.ArrayList.forEach(ArrayList.java:1596) ~[na:na]
	at org.junit.platform.engine.support.hierarchical.SameThreadHierarchicalTestExecutorService.invokeAll(SameThreadHierarchicalTestExecutorService.java:41) ~[junit-platform-engine-1.9.3.jar:1.9.3]
	at org.junit.platform.engine.support.hierarchical.NodeTestTask.lambda$executeRecursively$6(NodeTestTask.java:155) ~[junit-platform-engine-1.9.3.jar:1.9.3]
	at org.junit.platform.engine.support.hierarchical.ThrowableCollector.execute(ThrowableCollector.java:73) ~[junit-platform-engine-1.9.3.jar:1.9.3]
	at org.junit.platform.engine.support.hierarchical.NodeTestTask.lambda$executeRecursively$8(NodeTestTask.java:141) ~[junit-platform-engine-1.9.3.jar:1.9.3]
	at org.junit.platform.engine.support.hierarchical.Node.around(Node.java:137) ~[junit-platform-engine-1.9.3.jar:1.9.3]
	at org.junit.platform.engine.support.hierarchical.NodeTestTask.lambda$executeRecursively$9(NodeTestTask.java:139) ~[junit-platform-engine-1.9.3.jar:1.9.3]
	at org.junit.platform.engine.support.hierarchical.ThrowableCollector.execute(ThrowableCollector.java:73) ~[junit-platform-engine-1.9.3.jar:1.9.3]
	at org.junit.platform.engine.support.hierarchical.NodeTestTask.executeRecursively(NodeTestTask.java:138) ~[junit-platform-engine-1.9.3.jar:1.9.3]
	at org.junit.platform.engine.support.hierarchical.NodeTestTask.execute(NodeTestTask.java:95) ~[junit-platform-engine-1.9.3.jar:1.9.3]
	at org.junit.platform.engine.support.hierarchical.SameThreadHierarchicalTestExecutorService.submit(SameThreadHierarchicalTestExecutorService.java:35) ~[junit-platform-engine-1.9.3.jar:1.9.3]
	at org.junit.platform.engine.support.hierarchical.HierarchicalTestExecutor.execute(HierarchicalTestExecutor.java:57) ~[junit-platform-engine-1.9.3.jar:1.9.3]
	at org.junit.platform.engine.support.hierarchical.HierarchicalTestEngine.execute(HierarchicalTestEngine.java:54) ~[junit-platform-engine-1.9.3.jar:1.9.3]
	at org.junit.platform.launcher.core.EngineExecutionOrchestrator.execute(EngineExecutionOrchestrator.java:147) ~[junit-platform-launcher-1.9.3.jar:1.9.3]
	at org.junit.platform.launcher.core.EngineExecutionOrchestrator.execute(EngineExecutionOrchestrator.java:127) ~[junit-platform-launcher-1.9.3.jar:1.9.3]
	at org.junit.platform.launcher.core.EngineExecutionOrchestrator.execute(EngineExecutionOrchestrator.java:90) ~[junit-platform-launcher-1.9.3.jar:1.9.3]
	at org.junit.platform.launcher.core.EngineExecutionOrchestrator.lambda$execute$0(EngineExecutionOrchestrator.java:55) ~[junit-platform-launcher-1.9.3.jar:1.9.3]
	at org.junit.platform.launcher.core.EngineExecutionOrchestrator.withInterceptedStreams(EngineExecutionOrchestrator.java:102) ~[junit-platform-launcher-1.9.3.jar:1.9.3]
	at org.junit.platform.launcher.core.EngineExecutionOrchestrator.execute(EngineExecutionOrchestrator.java:54) ~[junit-platform-launcher-1.9.3.jar:1.9.3]
	at org.junit.platform.launcher.core.DefaultLauncher.execute(DefaultLauncher.java:114) ~[junit-platform-launcher-1.9.3.jar:1.9.3]
	at org.junit.platform.launcher.core.DefaultLauncher.execute(DefaultLauncher.java:86) ~[junit-platform-launcher-1.9.3.jar:1.9.3]
	at org.junit.platform.launcher.core.DefaultLauncherSession$DelegatingLauncher.execute(DefaultLauncherSession.java:86) ~[junit-platform-launcher-1.9.3.jar:1.9.3]
	at org.apache.maven.surefire.junitplatform.LazyLauncher.execute(LazyLauncher.java:50) ~[surefire-junit-platform-3.0.0.jar:3.0.0]
	at org.apache.maven.surefire.junitplatform.JUnitPlatformProvider.execute(JUnitPlatformProvider.java:184) ~[surefire-junit-platform-3.0.0.jar:3.0.0]
	at org.apache.maven.surefire.junitplatform.JUnitPlatformProvider.invokeAllTests(JUnitPlatformProvider.java:148) ~[surefire-junit-platform-3.0.0.jar:3.0.0]
	at org.apache.maven.surefire.junitplatform.JUnitPlatformProvider.invoke(JUnitPlatformProvider.java:122) ~[surefire-junit-platform-3.0.0.jar:3.0.0]
	at org.apache.maven.surefire.booter.ForkedBooter.runSuitesInProcess(ForkedBooter.java:385) ~[surefire-booter-3.0.0.jar:3.0.0]
	at org.apache.maven.surefire.booter.ForkedBooter.execute(ForkedBooter.java:162) ~[surefire-booter-3.0.0.jar:3.0.0]
	at org.apache.maven.surefire.booter.ForkedBooter.run(ForkedBooter.java:507) ~[surefire-booter-3.0.0.jar:3.0.0]
	at org.apache.maven.surefire.booter.ForkedBooter.main(ForkedBooter.java:495) ~[surefire-booter-3.0.0.jar:3.0.0]

2026-10-10T16:50:08.249+08:00 ERROR 45852 --- [           main] com.hmdp.order.mq.SeckillOrderConsumer   : 处理秒杀订单消息异常: orderId=9001, error=库存服务调用失败

java.lang.RuntimeException: 库存服务调用失败
	at com.hmdp.order.mq.SeckillOrderConsumer.handleOrder(SeckillOrderConsumer.java:170) ~[classes/:na]
	at com.hmdp.order.mq.SeckillOrderConsumerTest.lambda$扣库存异常时记录Feign失败样本$10(SeckillOrderConsumerTest.java:244) ~[test-classes/:na]
	at org.junit.jupiter.api.AssertThrows.assertThrows(AssertThrows.java:53) ~[junit-jupiter-api-5.9.3.jar:5.9.3]
	at org.junit.jupiter.api.AssertThrows.assertThrows(AssertThrows.java:35) ~[junit-jupiter-api-5.9.3.jar:5.9.3]
	at org.junit.jupiter.api.Assertions.assertThrows(Assertions.java:3083) ~[junit-jupiter-api-5.9.3.jar:5.9.3]
	at com.hmdp.order.mq.SeckillOrderConsumerTest.扣库存异常时记录Feign失败样本(SeckillOrderConsumerTest.java:244) ~[test-classes/:na]
	at java.base/jdk.internal.reflect.DirectMethodHandleAccessor.invoke(DirectMethodHandleAccessor.java:103) ~[na:na]
	at java.base/java.lang.reflect.Method.invoke(Method.java:580) ~[na:na]
	at org.junit.platform.commons.util.ReflectionUtils.invokeMethod(ReflectionUtils.java:727) ~[junit-platform-commons-1.9.3.jar:1.9.3]
	at org.junit.jupiter.engine.execution.MethodInvocation.proceed(MethodInvocation.java:60) ~[junit-jupiter-engine-5.9.3.jar:5.9.3]
	at org.junit.jupiter.engine.execution.InvocationInterceptorChain$ValidatingInvocation.proceed(InvocationInterceptorChain.java:131) ~[junit-jupiter-engine-5.9.3.jar:5.9.3]
	at org.junit.jupiter.engine.extension.TimeoutExtension.intercept(TimeoutExtension.java:156) ~[junit-jupiter-engine-5.9.3.jar:5.9.3]
	at org.junit.jupiter.engine.extension.TimeoutExtension.interceptTestableMethod(TimeoutExtension.java:147) ~[junit-jupiter-engine-5.9.3.jar:5.9.3]
	at org.junit.jupiter.engine.extension.TimeoutExtension.interceptTestMethod(TimeoutExtension.java:86) ~[junit-jupiter-engine-5.9.3.jar:5.9.3]
	at org.junit.jupiter.engine.execution.InterceptingExecutableInvoker$ReflectiveInterceptorCall.lambda$ofVoidMethod$0(InterceptingExecutableInvoker.java:103) ~[junit-jupiter-engine-5.9.3.jar:5.9.3]
	at org.junit.jupiter.engine.execution.InterceptingExecutableInvoker.lambda$invoke$0(InterceptingExecutableInvoker.java:93) ~[junit-jupiter-engine-5.9.3.jar:5.9.3]
	at org.junit.jupiter.engine.execution.InvocationInterceptorChain$InterceptedInvocation.proceed(InvocationInterceptorChain.java:106) ~[junit-jupiter-engine-5.9.3.jar:5.9.3]
	at org.junit.jupiter.engine.execution.InvocationInterceptorChain.proceed(InvocationInterceptorChain.java:64) ~[junit-jupiter-engine-5.9.3.jar:5.9.3]
	at org.junit.jupiter.engine.execution.InvocationInterceptorChain.chainAndInvoke(InvocationInterceptorChain.java:45) ~[junit-jupiter-engine-5.9.3.jar:5.9.3]
	at org.junit.jupiter.engine.execution.InvocationInterceptorChain.invoke(InvocationInterceptorChain.java:37) ~[junit-jupiter-engine-5.9.3.jar:5.9.3]
	at org.junit.jupiter.engine.execution.InterceptingExecutableInvoker.invoke(InterceptingExecutableInvoker.java:92) ~[junit-jupiter-engine-5.9.3.jar:5.9.3]
	at org.junit.jupiter.engine.execution.InterceptingExecutableInvoker.invoke(InterceptingExecutableInvoker.java:86) ~[junit-jupiter-engine-5.9.3.jar:5.9.3]
	at org.junit.jupiter.engine.descriptor.TestMethodTestDescriptor.lambda$invokeTestMethod$7(TestMethodTestDescriptor.java:217) ~[junit-jupiter-engine-5.9.3.jar:5.9.3]
	at org.junit.platform.engine.support.hierarchical.ThrowableCollector.execute(ThrowableCollector.java:73) ~[junit-platform-engine-1.9.3.jar:1.9.3]
	at org.junit.jupiter.engine.descriptor.TestMethodTestDescriptor.invokeTestMethod(TestMethodTestDescriptor.java:213) ~[junit-jupiter-engine-5.9.3.jar:5.9.3]
	at org.junit.jupiter.engine.descriptor.TestMethodTestDescriptor.execute(TestMethodTestDescriptor.java:138) ~[junit-jupiter-engine-5.9.3.jar:5.9.3]
	at org.junit.jupiter.engine.descriptor.TestMethodTestDescriptor.execute(TestMethodTestDescriptor.java:68) ~[junit-jupiter-engine-5.9.3.jar:5.9.3]
	at org.junit.platform.engine.support.hierarchical.NodeTestTask.lambda$executeRecursively$6(NodeTestTask.java:151) ~[junit-platform-engine-1.9.3.jar:1.9.3]
	at org.junit.platform.engine.support.hierarchical.ThrowableCollector.execute(ThrowableCollector.java:73) ~[junit-platform-engine-1.9.3.jar:1.9.3]
	at org.junit.platform.engine.support.hierarchical.NodeTestTask.lambda$executeRecursively$8(NodeTestTask.java:141) ~[junit-platform-engine-1.9.3.jar:1.9.3]
	at org.junit.platform.engine.support.hierarchical.Node.around(Node.java:137) ~[junit-platform-engine-1.9.3.jar:1.9.3]
	at org.junit.platform.engine.support.hierarchical.NodeTestTask.lambda$executeRecursively$9(NodeTestTask.java:139) ~[junit-platform-engine-1.9.3.jar:1.9.3]
	at org.junit.platform.engine.support.hierarchical.ThrowableCollector.execute(ThrowableCollector.java:73) ~[junit-platform-engine-1.9.3.jar:1.9.3]
	at org.junit.platform.engine.support.hierarchical.NodeTestTask.executeRecursively(NodeTestTask.java:138) ~[junit-platform-engine-1.9.3.jar:1.9.3]
	at org.junit.platform.engine.support.hierarchical.NodeTestTask.execute(NodeTestTask.java:95) ~[junit-platform-engine-1.9.3.jar:1.9.3]
	at java.base/java.util.ArrayList.forEach(ArrayList.java:1596) ~[na:na]
	at org.junit.platform.engine.support.hierarchical.SameThreadHierarchicalTestExecutorService.invokeAll(SameThreadHierarchicalTestExecutorService.java:41) ~[junit-platform-engine-1.9.3.jar:1.9.3]
	at org.junit.platform.engine.support.hierarchical.NodeTestTask.lambda$executeRecursively$6(NodeTestTask.java:155) ~[junit-platform-engine-1.9.3.jar:1.9.3]
	at org.junit.platform.engine.support.hierarchical.ThrowableCollector.execute(ThrowableCollector.java:73) ~[junit-platform-engine-1.9.3.jar:1.9.3]
	at org.junit.platform.engine.support.hierarchical.NodeTestTask.lambda$executeRecursively$8(NodeTestTask.java:141) ~[junit-platform-engine-1.9.3.jar:1.9.3]
	at org.junit.platform.engine.support.hierarchical.Node.around(Node.java:137) ~[junit-platform-engine-1.9.3.jar:1.9.3]
	at org.junit.platform.engine.support.hierarchical.NodeTestTask.lambda$executeRecursively$9(NodeTestTask.java:139) ~[junit-platform-engine-1.9.3.jar:1.9.3]
	at org.junit.platform.engine.support.hierarchical.ThrowableCollector.execute(ThrowableCollector.java:73) ~[junit-platform-engine-1.9.3.jar:1.9.3]
	at org.junit.platform.engine.support.hierarchical.NodeTestTask.executeRecursively(NodeTestTask.java:138) ~[junit-platform-engine-1.9.3.jar:1.9.3]
	at org.junit.platform.engine.support.hierarchical.NodeTestTask.execute(NodeTestTask.java:95) ~[junit-platform-engine-1.9.3.jar:1.9.3]
	at java.base/java.util.ArrayList.forEach(ArrayList.java:1596) ~[na:na]
	at org.junit.platform.engine.support.hierarchical.SameThreadHierarchicalTestExecutorService.invokeAll(SameThreadHierarchicalTestExecutorService.java:41) ~[junit-platform-engine-1.9.3.jar:1.9.3]
	at org.junit.platform.engine.support.hierarchical.NodeTestTask.lambda$executeRecursively$6(NodeTestTask.java:155) ~[junit-platform-engine-1.9.3.jar:1.9.3]
	at org.junit.platform.engine.support.hierarchical.ThrowableCollector.execute(ThrowableCollector.java:73) ~[junit-platform-engine-1.9.3.jar:1.9.3]
	at org.junit.platform.engine.support.hierarchical.NodeTestTask.lambda$executeRecursively$8(NodeTestTask.java:141) ~[junit-platform-engine-1.9.3.jar:1.9.3]
	at org.junit.platform.engine.support.hierarchical.Node.around(Node.java:137) ~[junit-platform-engine-1.9.3.jar:1.9.3]
	at org.junit.platform.engine.support.hierarchical.NodeTestTask.lambda$executeRecursively$9(NodeTestTask.java:139) ~[junit-platform-engine-1.9.3.jar:1.9.3]
	at org.junit.platform.engine.support.hierarchical.ThrowableCollector.execute(ThrowableCollector.java:73) ~[junit-platform-engine-1.9.3.jar:1.9.3]
	at org.junit.platform.engine.support.hierarchical.NodeTestTask.executeRecursively(NodeTestTask.java:138) ~[junit-platform-engine-1.9.3.jar:1.9.3]
	at org.junit.platform.engine.support.hierarchical.NodeTestTask.execute(NodeTestTask.java:95) ~[junit-platform-engine-1.9.3.jar:1.9.3]
	at org.junit.platform.engine.support.hierarchical.SameThreadHierarchicalTestExecutorService.submit(SameThreadHierarchicalTestExecutorService.java:35) ~[junit-platform-engine-1.9.3.jar:1.9.3]
	at org.junit.platform.engine.support.hierarchical.HierarchicalTestExecutor.execute(HierarchicalTestExecutor.java:57) ~[junit-platform-engine-1.9.3.jar:1.9.3]
	at org.junit.platform.engine.support.hierarchical.HierarchicalTestEngine.execute(HierarchicalTestEngine.java:54) ~[junit-platform-engine-1.9.3.jar:1.9.3]
	at org.junit.platform.launcher.core.EngineExecutionOrchestrator.execute(EngineExecutionOrchestrator.java:147) ~[junit-platform-launcher-1.9.3.jar:1.9.3]
	at org.junit.platform.launcher.core.EngineExecutionOrchestrator.execute(EngineExecutionOrchestrator.java:127) ~[junit-platform-launcher-1.9.3.jar:1.9.3]
	at org.junit.platform.launcher.core.EngineExecutionOrchestrator.execute(EngineExecutionOrchestrator.java:90) ~[junit-platform-launcher-1.9.3.jar:1.9.3]
	at org.junit.platform.launcher.core.EngineExecutionOrchestrator.lambda$execute$0(EngineExecutionOrchestrator.java:55) ~[junit-platform-launcher-1.9.3.jar:1.9.3]
	at org.junit.platform.launcher.core.EngineExecutionOrchestrator.withInterceptedStreams(EngineExecutionOrchestrator.java:102) ~[junit-platform-launcher-1.9.3.jar:1.9.3]
	at org.junit.platform.launcher.core.EngineExecutionOrchestrator.execute(EngineExecutionOrchestrator.java:54) ~[junit-platform-launcher-1.9.3.jar:1.9.3]
	at org.junit.platform.launcher.core.DefaultLauncher.execute(DefaultLauncher.java:114) ~[junit-platform-launcher-1.9.3.jar:1.9.3]
	at org.junit.platform.launcher.core.DefaultLauncher.execute(DefaultLauncher.java:86) ~[junit-platform-launcher-1.9.3.jar:1.9.3]
	at org.junit.platform.launcher.core.DefaultLauncherSession$DelegatingLauncher.execute(DefaultLauncherSession.java:86) ~[junit-platform-launcher-1.9.3.jar:1.9.3]
	at org.apache.maven.surefire.junitplatform.LazyLauncher.execute(LazyLauncher.java:50) ~[surefire-junit-platform-3.0.0.jar:3.0.0]
	at org.apache.maven.surefire.junitplatform.JUnitPlatformProvider.execute(JUnitPlatformProvider.java:184) ~[surefire-junit-platform-3.0.0.jar:3.0.0]
	at org.apache.maven.surefire.junitplatform.JUnitPlatformProvider.invokeAllTests(JUnitPlatformProvider.java:148) ~[surefire-junit-platform-3.0.0.jar:3.0.0]
	at org.apache.maven.surefire.junitplatform.JUnitPlatformProvider.invoke(JUnitPlatformProvider.java:122) ~[surefire-junit-platform-3.0.0.jar:3.0.0]
	at org.apache.maven.surefire.booter.ForkedBooter.runSuitesInProcess(ForkedBooter.java:385) ~[surefire-booter-3.0.0.jar:3.0.0]
	at org.apache.maven.surefire.booter.ForkedBooter.execute(ForkedBooter.java:162) ~[surefire-booter-3.0.0.jar:3.0.0]
	at org.apache.maven.surefire.booter.ForkedBooter.run(ForkedBooter.java:507) ~[surefire-booter-3.0.0.jar:3.0.0]
	at org.apache.maven.surefire.booter.ForkedBooter.main(ForkedBooter.java:495) ~[surefire-booter-3.0.0.jar:3.0.0]
Caused by: java.lang.RuntimeException: voucher-service 不可达
	at com.hmdp.order.mq.SeckillOrderConsumer.handleOrder(SeckillOrderConsumer.java:162) ~[classes/:na]
	... 74 common frames omitted

2026-10-10T16:50:08.257+08:00  INFO 45852 --- [           main] com.hmdp.order.mq.SeckillOrderConsumer   : 开始处理秒杀订单消息: orderId=9001, userId=7, voucherId=1, reconsumeTimes=2
2026-10-10T16:50:08.258+08:00 ERROR 45852 --- [           main] com.hmdp.order.mq.SeckillOrderConsumer   : 调用库存扣减失败，触发重试: voucherId=1, orderId=9001

java.lang.RuntimeException: voucher-service 不可达
	at com.hmdp.order.mq.SeckillOrderConsumer.handleOrder(SeckillOrderConsumer.java:162) ~[classes/:na]
	at com.hmdp.order.mq.SeckillOrderConsumerTest.lambda$重试次数未达上限时不计上限告警$8(SeckillOrderConsumerTest.java:200) ~[test-classes/:na]
	at org.junit.jupiter.api.AssertThrows.assertThrows(AssertThrows.java:53) ~[junit-jupiter-api-5.9.3.jar:5.9.3]
	at org.junit.jupiter.api.AssertThrows.assertThrows(AssertThrows.java:35) ~[junit-jupiter-api-5.9.3.jar:5.9.3]
	at org.junit.jupiter.api.Assertions.assertThrows(Assertions.java:3083) ~[junit-jupiter-api-5.9.3.jar:5.9.3]
	at com.hmdp.order.mq.SeckillOrderConsumerTest.重试次数未达上限时不计上限告警(SeckillOrderConsumerTest.java:200) ~[test-classes/:na]
	at java.base/jdk.internal.reflect.DirectMethodHandleAccessor.invoke(DirectMethodHandleAccessor.java:103) ~[na:na]
	at java.base/java.lang.reflect.Method.invoke(Method.java:580) ~[na:na]
	at org.junit.platform.commons.util.ReflectionUtils.invokeMethod(ReflectionUtils.java:727) ~[junit-platform-commons-1.9.3.jar:1.9.3]
	at org.junit.jupiter.engine.execution.MethodInvocation.proceed(MethodInvocation.java:60) ~[junit-jupiter-engine-5.9.3.jar:5.9.3]
	at org.junit.jupiter.engine.execution.InvocationInterceptorChain$ValidatingInvocation.proceed(InvocationInterceptorChain.java:131) ~[junit-jupiter-engine-5.9.3.jar:5.9.3]
	at org.junit.jupiter.engine.extension.TimeoutExtension.intercept(TimeoutExtension.java:156) ~[junit-jupiter-engine-5.9.3.jar:5.9.3]
	at org.junit.jupiter.engine.extension.TimeoutExtension.interceptTestableMethod(TimeoutExtension.java:147) ~[junit-jupiter-engine-5.9.3.jar:5.9.3]
	at org.junit.jupiter.engine.extension.TimeoutExtension.interceptTestMethod(TimeoutExtension.java:86) ~[junit-jupiter-engine-5.9.3.jar:5.9.3]
	at org.junit.jupiter.engine.execution.InterceptingExecutableInvoker$ReflectiveInterceptorCall.lambda$ofVoidMethod$0(InterceptingExecutableInvoker.java:103) ~[junit-jupiter-engine-5.9.3.jar:5.9.3]
	at org.junit.jupiter.engine.execution.InterceptingExecutableInvoker.lambda$invoke$0(InterceptingExecutableInvoker.java:93) ~[junit-jupiter-engine-5.9.3.jar:5.9.3]
	at org.junit.jupiter.engine.execution.InvocationInterceptorChain$InterceptedInvocation.proceed(InvocationInterceptorChain.java:106) ~[junit-jupiter-engine-5.9.3.jar:5.9.3]
	at org.junit.jupiter.engine.execution.InvocationInterceptorChain.proceed(InvocationInterceptorChain.java:64) ~[junit-jupiter-engine-5.9.3.jar:5.9.3]
	at org.junit.jupiter.engine.execution.InvocationInterceptorChain.chainAndInvoke(InvocationInterceptorChain.java:45) ~[junit-jupiter-engine-5.9.3.jar:5.9.3]
	at org.junit.jupiter.engine.execution.InvocationInterceptorChain.invoke(InvocationInterceptorChain.java:37) ~[junit-jupiter-engine-5.9.3.jar:5.9.3]
	at org.junit.jupiter.engine.execution.InterceptingExecutableInvoker.invoke(InterceptingExecutableInvoker.java:92) ~[junit-jupiter-engine-5.9.3.jar:5.9.3]
	at org.junit.jupiter.engine.execution.InterceptingExecutableInvoker.invoke(InterceptingExecutableInvoker.java:86) ~[junit-jupiter-engine-5.9.3.jar:5.9.3]
	at org.junit.jupiter.engine.descriptor.TestMethodTestDescriptor.lambda$invokeTestMethod$7(TestMethodTestDescriptor.java:217) ~[junit-jupiter-engine-5.9.3.jar:5.9.3]
	at org.junit.platform.engine.support.hierarchical.ThrowableCollector.execute(ThrowableCollector.java:73) ~[junit-platform-engine-1.9.3.jar:1.9.3]
	at org.junit.jupiter.engine.descriptor.TestMethodTestDescriptor.invokeTestMethod(TestMethodTestDescriptor.java:213) ~[junit-jupiter-engine-5.9.3.jar:5.9.3]
	at org.junit.jupiter.engine.descriptor.TestMethodTestDescriptor.execute(TestMethodTestDescriptor.java:138) ~[junit-jupiter-engine-5.9.3.jar:5.9.3]
	at org.junit.jupiter.engine.descriptor.TestMethodTestDescriptor.execute(TestMethodTestDescriptor.java:68) ~[junit-jupiter-engine-5.9.3.jar:5.9.3]
	at org.junit.platform.engine.support.hierarchical.NodeTestTask.lambda$executeRecursively$6(NodeTestTask.java:151) ~[junit-platform-engine-1.9.3.jar:1.9.3]
	at org.junit.platform.engine.support.hierarchical.ThrowableCollector.execute(ThrowableCollector.java:73) ~[junit-platform-engine-1.9.3.jar:1.9.3]
	at org.junit.platform.engine.support.hierarchical.NodeTestTask.lambda$executeRecursively$8(NodeTestTask.java:141) ~[junit-platform-engine-1.9.3.jar:1.9.3]
	at org.junit.platform.engine.support.hierarchical.Node.around(Node.java:137) ~[junit-platform-engine-1.9.3.jar:1.9.3]
	at org.junit.platform.engine.support.hierarchical.NodeTestTask.lambda$executeRecursively$9(NodeTestTask.java:139) ~[junit-platform-engine-1.9.3.jar:1.9.3]
	at org.junit.platform.engine.support.hierarchical.ThrowableCollector.execute(ThrowableCollector.java:73) ~[junit-platform-engine-1.9.3.jar:1.9.3]
	at org.junit.platform.engine.support.hierarchical.NodeTestTask.executeRecursively(NodeTestTask.java:138) ~[junit-platform-engine-1.9.3.jar:1.9.3]
	at org.junit.platform.engine.support.hierarchical.NodeTestTask.execute(NodeTestTask.java:95) ~[junit-platform-engine-1.9.3.jar:1.9.3]
	at java.base/java.util.ArrayList.forEach(ArrayList.java:1596) ~[na:na]
	at org.junit.platform.engine.support.hierarchical.SameThreadHierarchicalTestExecutorService.invokeAll(SameThreadHierarchicalTestExecutorService.java:41) ~[junit-platform-engine-1.9.3.jar:1.9.3]
	at org.junit.platform.engine.support.hierarchical.NodeTestTask.lambda$executeRecursively$6(NodeTestTask.java:155) ~[junit-platform-engine-1.9.3.jar:1.9.3]
	at org.junit.platform.engine.support.hierarchical.ThrowableCollector.execute(ThrowableCollector.java:73) ~[junit-platform-engine-1.9.3.jar:1.9.3]
	at org.junit.platform.engine.support.hierarchical.NodeTestTask.lambda$executeRecursively$8(NodeTestTask.java:141) ~[junit-platform-engine-1.9.3.jar:1.9.3]
	at org.junit.platform.engine.support.hierarchical.Node.around(Node.java:137) ~[junit-platform-engine-1.9.3.jar:1.9.3]
	at org.junit.platform.engine.support.hierarchical.NodeTestTask.lambda$executeRecursively$9(NodeTestTask.java:139) ~[junit-platform-engine-1.9.3.jar:1.9.3]
	at org.junit.platform.engine.support.hierarchical.ThrowableCollector.execute(ThrowableCollector.java:73) ~[junit-platform-engine-1.9.3.jar:1.9.3]
	at org.junit.platform.engine.support.hierarchical.NodeTestTask.executeRecursively(NodeTestTask.java:138) ~[junit-platform-engine-1.9.3.jar:1.9.3]
	at org.junit.platform.engine.support.hierarchical.NodeTestTask.execute(NodeTestTask.java:95) ~[junit-platform-engine-1.9.3.jar:1.9.3]
	at java.base/java.util.ArrayList.forEach(ArrayList.java:1596) ~[na:na]
	at org.junit.platform.engine.support.hierarchical.SameThreadHierarchicalTestExecutorService.invokeAll(SameThreadHierarchicalTestExecutorService.java:41) ~[junit-platform-engine-1.9.3.jar:1.9.3]
	at org.junit.platform.engine.support.hierarchical.NodeTestTask.lambda$executeRecursively$6(NodeTestTask.java:155) ~[junit-platform-engine-1.9.3.jar:1.9.3]
	at org.junit.platform.engine.support.hierarchical.ThrowableCollector.execute(ThrowableCollector.java:73) ~[junit-platform-engine-1.9.3.jar:1.9.3]
	at org.junit.platform.engine.support.hierarchical.NodeTestTask.lambda$executeRecursively$8(NodeTestTask.java:141) ~[junit-platform-engine-1.9.3.jar:1.9.3]
	at org.junit.platform.engine.support.hierarchical.Node.around(Node.java:137) ~[junit-platform-engine-1.9.3.jar:1.9.3]
	at org.junit.platform.engine.support.hierarchical.NodeTestTask.lambda$executeRecursively$9(NodeTestTask.java:139) ~[junit-platform-engine-1.9.3.jar:1.9.3]
	at org.junit.platform.engine.support.hierarchical.ThrowableCollector.execute(ThrowableCollector.java:73) ~[junit-platform-engine-1.9.3.jar:1.9.3]
	at org.junit.platform.engine.support.hierarchical.NodeTestTask.executeRecursively(NodeTestTask.java:138) ~[junit-platform-engine-1.9.3.jar:1.9.3]
	at org.junit.platform.engine.support.hierarchical.NodeTestTask.execute(NodeTestTask.java:95) ~[junit-platform-engine-1.9.3.jar:1.9.3]
	at org.junit.platform.engine.support.hierarchical.SameThreadHierarchicalTestExecutorService.submit(SameThreadHierarchicalTestExecutorService.java:35) ~[junit-platform-engine-1.9.3.jar:1.9.3]
	at org.junit.platform.engine.support.hierarchical.HierarchicalTestExecutor.execute(HierarchicalTestExecutor.java:57) ~[junit-platform-engine-1.9.3.jar:1.9.3]
	at org.junit.platform.engine.support.hierarchical.HierarchicalTestEngine.execute(HierarchicalTestEngine.java:54) ~[junit-platform-engine-1.9.3.jar:1.9.3]
	at org.junit.platform.launcher.core.EngineExecutionOrchestrator.execute(EngineExecutionOrchestrator.java:147) ~[junit-platform-launcher-1.9.3.jar:1.9.3]
	at org.junit.platform.launcher.core.EngineExecutionOrchestrator.execute(EngineExecutionOrchestrator.java:127) ~[junit-platform-launcher-1.9.3.jar:1.9.3]
	at org.junit.platform.launcher.core.EngineExecutionOrchestrator.execute(EngineExecutionOrchestrator.java:90) ~[junit-platform-launcher-1.9.3.jar:1.9.3]
	at org.junit.platform.launcher.core.EngineExecutionOrchestrator.lambda$execute$0(EngineExecutionOrchestrator.java:55) ~[junit-platform-launcher-1.9.3.jar:1.9.3]
	at org.junit.platform.launcher.core.EngineExecutionOrchestrator.withInterceptedStreams(EngineExecutionOrchestrator.java:102) ~[junit-platform-launcher-1.9.3.jar:1.9.3]
	at org.junit.platform.launcher.core.EngineExecutionOrchestrator.execute(EngineExecutionOrchestrator.java:54) ~[junit-platform-launcher-1.9.3.jar:1.9.3]
	at org.junit.platform.launcher.core.DefaultLauncher.execute(DefaultLauncher.java:114) ~[junit-platform-launcher-1.9.3.jar:1.9.3]
	at org.junit.platform.launcher.core.DefaultLauncher.execute(DefaultLauncher.java:86) ~[junit-platform-launcher-1.9.3.jar:1.9.3]
	at org.junit.platform.launcher.core.DefaultLauncherSession$DelegatingLauncher.execute(DefaultLauncherSession.java:86) ~[junit-platform-launcher-1.9.3.jar:1.9.3]
	at org.apache.maven.surefire.junitplatform.LazyLauncher.execute(LazyLauncher.java:50) ~[surefire-junit-platform-3.0.0.jar:3.0.0]
	at org.apache.maven.surefire.junitplatform.JUnitPlatformProvider.execute(JUnitPlatformProvider.java:184) ~[surefire-junit-platform-3.0.0.jar:3.0.0]
	at org.apache.maven.surefire.junitplatform.JUnitPlatformProvider.invokeAllTests(JUnitPlatformProvider.java:148) ~[surefire-junit-platform-3.0.0.jar:3.0.0]
	at org.apache.maven.surefire.junitplatform.JUnitPlatformProvider.invoke(JUnitPlatformProvider.java:122) ~[surefire-junit-platform-3.0.0.jar:3.0.0]
	at org.apache.maven.surefire.booter.ForkedBooter.runSuitesInProcess(ForkedBooter.java:385) ~[surefire-booter-3.0.0.jar:3.0.0]
	at org.apache.maven.surefire.booter.ForkedBooter.execute(ForkedBooter.java:162) ~[surefire-booter-3.0.0.jar:3.0.0]
	at org.apache.maven.surefire.booter.ForkedBooter.run(ForkedBooter.java:507) ~[surefire-booter-3.0.0.jar:3.0.0]
	at org.apache.maven.surefire.booter.ForkedBooter.main(ForkedBooter.java:495) ~[surefire-booter-3.0.0.jar:3.0.0]

2026-10-10T16:50:08.259+08:00 ERROR 45852 --- [           main] com.hmdp.order.mq.SeckillOrderConsumer   : 处理秒杀订单消息异常: orderId=9001, error=库存服务调用失败

java.lang.RuntimeException: 库存服务调用失败
	at com.hmdp.order.mq.SeckillOrderConsumer.handleOrder(SeckillOrderConsumer.java:170) ~[classes/:na]
	at com.hmdp.order.mq.SeckillOrderConsumerTest.lambda$重试次数未达上限时不计上限告警$8(SeckillOrderConsumerTest.java:200) ~[test-classes/:na]
	at org.junit.jupiter.api.AssertThrows.assertThrows(AssertThrows.java:53) ~[junit-jupiter-api-5.9.3.jar:5.9.3]
	at org.junit.jupiter.api.AssertThrows.assertThrows(AssertThrows.java:35) ~[junit-jupiter-api-5.9.3.jar:5.9.3]
	at org.junit.jupiter.api.Assertions.assertThrows(Assertions.java:3083) ~[junit-jupiter-api-5.9.3.jar:5.9.3]
	at com.hmdp.order.mq.SeckillOrderConsumerTest.重试次数未达上限时不计上限告警(SeckillOrderConsumerTest.java:200) ~[test-classes/:na]
	at java.base/jdk.internal.reflect.DirectMethodHandleAccessor.invoke(DirectMethodHandleAccessor.java:103) ~[na:na]
	at java.base/java.lang.reflect.Method.invoke(Method.java:580) ~[na:na]
	at org.junit.platform.commons.util.ReflectionUtils.invokeMethod(ReflectionUtils.java:727) ~[junit-platform-commons-1.9.3.jar:1.9.3]
	at org.junit.jupiter.engine.execution.MethodInvocation.proceed(MethodInvocation.java:60) ~[junit-jupiter-engine-5.9.3.jar:5.9.3]
	at org.junit.jupiter.engine.execution.InvocationInterceptorChain$ValidatingInvocation.proceed(InvocationInterceptorChain.java:131) ~[junit-jupiter-engine-5.9.3.jar:5.9.3]
	at org.junit.jupiter.engine.extension.TimeoutExtension.intercept(TimeoutExtension.java:156) ~[junit-jupiter-engine-5.9.3.jar:5.9.3]
	at org.junit.jupiter.engine.extension.TimeoutExtension.interceptTestableMethod(TimeoutExtension.java:147) ~[junit-jupiter-engine-5.9.3.jar:5.9.3]
	at org.junit.jupiter.engine.extension.TimeoutExtension.interceptTestMethod(TimeoutExtension.java:86) ~[junit-jupiter-engine-5.9.3.jar:5.9.3]
	at org.junit.jupiter.engine.execution.InterceptingExecutableInvoker$ReflectiveInterceptorCall.lambda$ofVoidMethod$0(InterceptingExecutableInvoker.java:103) ~[junit-jupiter-engine-5.9.3.jar:5.9.3]
	at org.junit.jupiter.engine.execution.InterceptingExecutableInvoker.lambda$invoke$0(InterceptingExecutableInvoker.java:93) ~[junit-jupiter-engine-5.9.3.jar:5.9.3]
	at org.junit.jupiter.engine.execution.InvocationInterceptorChain$InterceptedInvocation.proceed(InvocationInterceptorChain.java:106) ~[junit-jupiter-engine-5.9.3.jar:5.9.3]
	at org.junit.jupiter.engine.execution.InvocationInterceptorChain.proceed(InvocationInterceptorChain.java:64) ~[junit-jupiter-engine-5.9.3.jar:5.9.3]
	at org.junit.jupiter.engine.execution.InvocationInterceptorChain.chainAndInvoke(InvocationInterceptorChain.java:45) ~[junit-jupiter-engine-5.9.3.jar:5.9.3]
	at org.junit.jupiter.engine.execution.InvocationInterceptorChain.invoke(InvocationInterceptorChain.java:37) ~[junit-jupiter-engine-5.9.3.jar:5.9.3]
	at org.junit.jupiter.engine.execution.InterceptingExecutableInvoker.invoke(InterceptingExecutableInvoker.java:92) ~[junit-jupiter-engine-5.9.3.jar:5.9.3]
	at org.junit.jupiter.engine.execution.InterceptingExecutableInvoker.invoke(InterceptingExecutableInvoker.java:86) ~[junit-jupiter-engine-5.9.3.jar:5.9.3]
	at org.junit.jupiter.engine.descriptor.TestMethodTestDescriptor.lambda$invokeTestMethod$7(TestMethodTestDescriptor.java:217) ~[junit-jupiter-engine-5.9.3.jar:5.9.3]
	at org.junit.platform.engine.support.hierarchical.ThrowableCollector.execute(ThrowableCollector.java:73) ~[junit-platform-engine-1.9.3.jar:1.9.3]
	at org.junit.jupiter.engine.descriptor.TestMethodTestDescriptor.invokeTestMethod(TestMethodTestDescriptor.java:213) ~[junit-jupiter-engine-5.9.3.jar:5.9.3]
	at org.junit.jupiter.engine.descriptor.TestMethodTestDescriptor.execute(TestMethodTestDescriptor.java:138) ~[junit-jupiter-engine-5.9.3.jar:5.9.3]
	at org.junit.jupiter.engine.descriptor.TestMethodTestDescriptor.execute(TestMethodTestDescriptor.java:68) ~[junit-jupiter-engine-5.9.3.jar:5.9.3]
	at org.junit.platform.engine.support.hierarchical.NodeTestTask.lambda$executeRecursively$6(NodeTestTask.java:151) ~[junit-platform-engine-1.9.3.jar:1.9.3]
	at org.junit.platform.engine.support.hierarchical.ThrowableCollector.execute(ThrowableCollector.java:73) ~[junit-platform-engine-1.9.3.jar:1.9.3]
	at org.junit.platform.engine.support.hierarchical.NodeTestTask.lambda$executeRecursively$8(NodeTestTask.java:141) ~[junit-platform-engine-1.9.3.jar:1.9.3]
	at org.junit.platform.engine.support.hierarchical.Node.around(Node.java:137) ~[junit-platform-engine-1.9.3.jar:1.9.3]
	at org.junit.platform.engine.support.hierarchical.NodeTestTask.lambda$executeRecursively$9(NodeTestTask.java:139) ~[junit-platform-engine-1.9.3.jar:1.9.3]
	at org.junit.platform.engine.support.hierarchical.ThrowableCollector.execute(ThrowableCollector.java:73) ~[junit-platform-engine-1.9.3.jar:1.9.3]
	at org.junit.platform.engine.support.hierarchical.NodeTestTask.executeRecursively(NodeTestTask.java:138) ~[junit-platform-engine-1.9.3.jar:1.9.3]
	at org.junit.platform.engine.support.hierarchical.NodeTestTask.execute(NodeTestTask.java:95) ~[junit-platform-engine-1.9.3.jar:1.9.3]
	at java.base/java.util.ArrayList.forEach(ArrayList.java:1596) ~[na:na]
	at org.junit.platform.engine.support.hierarchical.SameThreadHierarchicalTestExecutorService.invokeAll(SameThreadHierarchicalTestExecutorService.java:41) ~[junit-platform-engine-1.9.3.jar:1.9.3]
	at org.junit.platform.engine.support.hierarchical.NodeTestTask.lambda$executeRecursively$6(NodeTestTask.java:155) ~[junit-platform-engine-1.9.3.jar:1.9.3]
	at org.junit.platform.engine.support.hierarchical.ThrowableCollector.execute(ThrowableCollector.java:73) ~[junit-platform-engine-1.9.3.jar:1.9.3]
	at org.junit.platform.engine.support.hierarchical.NodeTestTask.lambda$executeRecursively$8(NodeTestTask.java:141) ~[junit-platform-engine-1.9.3.jar:1.9.3]
	at org.junit.platform.engine.support.hierarchical.Node.around(Node.java:137) ~[junit-platform-engine-1.9.3.jar:1.9.3]
	at org.junit.platform.engine.support.hierarchical.NodeTestTask.lambda$executeRecursively$9(NodeTestTask.java:139) ~[junit-platform-engine-1.9.3.jar:1.9.3]
	at org.junit.platform.engine.support.hierarchical.ThrowableCollector.execute(ThrowableCollector.java:73) ~[junit-platform-engine-1.9.3.jar:1.9.3]
	at org.junit.platform.engine.support.hierarchical.NodeTestTask.executeRecursively(NodeTestTask.java:138) ~[junit-platform-engine-1.9.3.jar:1.9.3]
	at org.junit.platform.engine.support.hierarchical.NodeTestTask.execute(NodeTestTask.java:95) ~[junit-platform-engine-1.9.3.jar:1.9.3]
	at java.base/java.util.ArrayList.forEach(ArrayList.java:1596) ~[na:na]
	at org.junit.platform.engine.support.hierarchical.SameThreadHierarchicalTestExecutorService.invokeAll(SameThreadHierarchicalTestExecutorService.java:41) ~[junit-platform-engine-1.9.3.jar:1.9.3]
	at org.junit.platform.engine.support.hierarchical.NodeTestTask.lambda$executeRecursively$6(NodeTestTask.java:155) ~[junit-platform-engine-1.9.3.jar:1.9.3]
	at org.junit.platform.engine.support.hierarchical.ThrowableCollector.execute(ThrowableCollector.java:73) ~[junit-platform-engine-1.9.3.jar:1.9.3]
	at org.junit.platform.engine.support.hierarchical.NodeTestTask.lambda$executeRecursively$8(NodeTestTask.java:141) ~[junit-platform-engine-1.9.3.jar:1.9.3]
	at org.junit.platform.engine.support.hierarchical.Node.around(Node.java:137) ~[junit-platform-engine-1.9.3.jar:1.9.3]
	at org.junit.platform.engine.support.hierarchical.NodeTestTask.lambda$executeRecursively$9(NodeTestTask.java:139) ~[junit-platform-engine-1.9.3.jar:1.9.3]
	at org.junit.platform.engine.support.hierarchical.ThrowableCollector.execute(ThrowableCollector.java:73) ~[junit-platform-engine-1.9.3.jar:1.9.3]
	at org.junit.platform.engine.support.hierarchical.NodeTestTask.executeRecursively(NodeTestTask.java:138) ~[junit-platform-engine-1.9.3.jar:1.9.3]
	at org.junit.platform.engine.support.hierarchical.NodeTestTask.execute(NodeTestTask.java:95) ~[junit-platform-engine-1.9.3.jar:1.9.3]
	at org.junit.platform.engine.support.hierarchical.SameThreadHierarchicalTestExecutorService.submit(SameThreadHierarchicalTestExecutorService.java:35) ~[junit-platform-engine-1.9.3.jar:1.9.3]
	at org.junit.platform.engine.support.hierarchical.HierarchicalTestExecutor.execute(HierarchicalTestExecutor.java:57) ~[junit-platform-engine-1.9.3.jar:1.9.3]
	at org.junit.platform.engine.support.hierarchical.HierarchicalTestEngine.execute(HierarchicalTestEngine.java:54) ~[junit-platform-engine-1.9.3.jar:1.9.3]
	at org.junit.platform.launcher.core.EngineExecutionOrchestrator.execute(EngineExecutionOrchestrator.java:147) ~[junit-platform-launcher-1.9.3.jar:1.9.3]
	at org.junit.platform.launcher.core.EngineExecutionOrchestrator.execute(EngineExecutionOrchestrator.java:127) ~[junit-platform-launcher-1.9.3.jar:1.9.3]
	at org.junit.platform.launcher.core.EngineExecutionOrchestrator.execute(EngineExecutionOrchestrator.java:90) ~[junit-platform-launcher-1.9.3.jar:1.9.3]
	at org.junit.platform.launcher.core.EngineExecutionOrchestrator.lambda$execute$0(EngineExecutionOrchestrator.java:55) ~[junit-platform-launcher-1.9.3.jar:1.9.3]
	at org.junit.platform.launcher.core.EngineExecutionOrchestrator.withInterceptedStreams(EngineExecutionOrchestrator.java:102) ~[junit-platform-launcher-1.9.3.jar:1.9.3]
	at org.junit.platform.launcher.core.EngineExecutionOrchestrator.execute(EngineExecutionOrchestrator.java:54) ~[junit-platform-launcher-1.9.3.jar:1.9.3]
	at org.junit.platform.launcher.core.DefaultLauncher.execute(DefaultLauncher.java:114) ~[junit-platform-launcher-1.9.3.jar:1.9.3]
	at org.junit.platform.launcher.core.DefaultLauncher.execute(DefaultLauncher.java:86) ~[junit-platform-launcher-1.9.3.jar:1.9.3]
	at org.junit.platform.launcher.core.DefaultLauncherSession$DelegatingLauncher.execute(DefaultLauncherSession.java:86) ~[junit-platform-launcher-1.9.3.jar:1.9.3]
	at org.apache.maven.surefire.junitplatform.LazyLauncher.execute(LazyLauncher.java:50) ~[surefire-junit-platform-3.0.0.jar:3.0.0]
	at org.apache.maven.surefire.junitplatform.JUnitPlatformProvider.execute(JUnitPlatformProvider.java:184) ~[surefire-junit-platform-3.0.0.jar:3.0.0]
	at org.apache.maven.surefire.junitplatform.JUnitPlatformProvider.invokeAllTests(JUnitPlatformProvider.java:148) ~[surefire-junit-platform-3.0.0.jar:3.0.0]
	at org.apache.maven.surefire.junitplatform.JUnitPlatformProvider.invoke(JUnitPlatformProvider.java:122) ~[surefire-junit-platform-3.0.0.jar:3.0.0]
	at org.apache.maven.surefire.booter.ForkedBooter.runSuitesInProcess(ForkedBooter.java:385) ~[surefire-booter-3.0.0.jar:3.0.0]
	at org.apache.maven.surefire.booter.ForkedBooter.execute(ForkedBooter.java:162) ~[surefire-booter-3.0.0.jar:3.0.0]
	at org.apache.maven.surefire.booter.ForkedBooter.run(ForkedBooter.java:507) ~[surefire-booter-3.0.0.jar:3.0.0]
	at org.apache.maven.surefire.booter.ForkedBooter.main(ForkedBooter.java:495) ~[surefire-booter-3.0.0.jar:3.0.0]
Caused by: java.lang.RuntimeException: voucher-service 不可达
	at com.hmdp.order.mq.SeckillOrderConsumer.handleOrder(SeckillOrderConsumer.java:162) ~[classes/:na]
	... 74 common frames omitted

2026-10-10T16:50:08.267+08:00  INFO 45852 --- [           main] com.hmdp.order.mq.SeckillOrderConsumer   : 开始处理秒杀订单消息: orderId=9001, userId=7, voucherId=1, reconsumeTimes=0
2026-10-10T16:50:08.267+08:00  WARN 45852 --- [           main] com.hmdp.order.mq.SeckillOrderConsumer   : 扣减库存业务失败: voucherId=1, orderId=9001, result=库存不足
2026-10-10T16:50:08.273+08:00  INFO 45852 --- [           main] com.hmdp.order.mq.SeckillOrderConsumer   : 开始处理秒杀订单消息: orderId=9001, userId=7, voucherId=1, reconsumeTimes=0
2026-10-10T16:50:08.273+08:00  INFO 45852 --- [           main] com.hmdp.order.mq.SeckillOrderConsumer   : 订单已存在，跳过处理: orderId=9001
2026-10-10T16:50:08.280+08:00  INFO 45852 --- [           main] com.hmdp.order.mq.SeckillOrderConsumer   : 开始处理秒杀订单消息: orderId=9001, userId=7, voucherId=1, reconsumeTimes=0
2026-10-10T16:50:08.282+08:00  WARN 45852 --- [           main] com.hmdp.order.mq.SeckillOrderConsumer   : 并发重复订单，幂等跳过: orderId=9001, userId=7, voucherId=1
[INFO] Tests run: 13, Failures: 0, Errors: 0, Skipped: 0, Time elapsed: 0.245 s - in com.hmdp.order.mq.SeckillOrderConsumerTest
[INFO] Running com.hmdp.order.mq.SeckillOrderDLQConsumerTest
2026-10-10T16:50:08.293+08:00 ERROR 45852 --- [           main] c.hmdp.order.mq.SeckillOrderDLQConsumer  : 死信队列收到消息，订单处理失败需要人工干预: orderId=9001, userId=7, voucherId=1, msgId=msg-1, reconsumeTimes=3
2026-10-10T16:50:08.294+08:00  INFO 45852 --- [           main] c.hmdp.order.mq.SeckillOrderDLQConsumer  : 死信订单已回写在途明细，交补偿器接管: orderId=9001
2026-10-10T16:50:08.301+08:00 ERROR 45852 --- [           main] c.hmdp.order.mq.SeckillOrderDLQConsumer  : 死信队列收到消息，订单处理失败需要人工干预: orderId=9001, userId=7, voucherId=1, msgId=msg-1, reconsumeTimes=3
2026-10-10T16:50:08.318+08:00  INFO 45852 --- [           main] c.hmdp.order.mq.SeckillOrderDLQConsumer  : 死信订单已回写在途明细，交补偿器接管: orderId=9001
2026-10-10T16:50:08.324+08:00 ERROR 45852 --- [           main] c.hmdp.order.mq.SeckillOrderDLQConsumer  : 死信消息反序列化失败: msgId=null

com.fasterxml.jackson.core.JsonParseException: Unrecognized token 'not': was expecting (JSON String, Number, Array, Object or token 'null', 'true' or 'false')
 at [Source: (byte[])"not-json"; line: 1, column: 5]
	at com.fasterxml.jackson.core.JsonParser._constructError(JsonParser.java:2477) ~[jackson-core-2.15.4.jar:2.15.4]
	at com.fasterxml.jackson.core.base.ParserMinimalBase._reportError(ParserMinimalBase.java:760) ~[jackson-core-2.15.4.jar:2.15.4]
	at com.fasterxml.jackson.core.json.UTF8StreamJsonParser._reportInvalidToken(UTF8StreamJsonParser.java:3699) ~[jackson-core-2.15.4.jar:2.15.4]
	at com.fasterxml.jackson.core.json.UTF8StreamJsonParser._reportInvalidToken(UTF8StreamJsonParser.java:3672) ~[jackson-core-2.15.4.jar:2.15.4]
	at com.fasterxml.jackson.core.json.UTF8StreamJsonParser._matchToken2(UTF8StreamJsonParser.java:3013) ~[jackson-core-2.15.4.jar:2.15.4]
	at com.fasterxml.jackson.core.json.UTF8StreamJsonParser._matchNull(UTF8StreamJsonParser.java:2984) ~[jackson-core-2.15.4.jar:2.15.4]
	at com.fasterxml.jackson.core.json.UTF8StreamJsonParser._nextTokenNotInObject(UTF8StreamJsonParser.java:885) ~[jackson-core-2.15.4.jar:2.15.4]
	at com.fasterxml.jackson.core.json.UTF8StreamJsonParser.nextToken(UTF8StreamJsonParser.java:794) ~[jackson-core-2.15.4.jar:2.15.4]
	at com.fasterxml.jackson.databind.ObjectMapper._initForReading(ObjectMapper.java:4912) ~[jackson-databind-2.15.4.jar:2.15.4]
	at com.fasterxml.jackson.databind.ObjectMapper._readMapAndClose(ObjectMapper.java:4818) ~[jackson-databind-2.15.4.jar:2.15.4]
	at com.fasterxml.jackson.databind.ObjectMapper.readValue(ObjectMapper.java:3833) ~[jackson-databind-2.15.4.jar:2.15.4]
	at com.hmdp.order.mq.SeckillOrderDLQConsumer.deserialize(SeckillOrderDLQConsumer.java:117) ~[classes/:na]
	at com.hmdp.order.mq.SeckillOrderDLQConsumer.onMessage(SeckillOrderDLQConsumer.java:59) ~[classes/:na]
	at com.hmdp.order.mq.SeckillOrderDLQConsumerTest.lambda$无法解析的死信仍然留痕且计数$0(SeckillOrderDLQConsumerTest.java:85) ~[test-classes/:na]
	at org.junit.jupiter.api.AssertDoesNotThrow.assertDoesNotThrow(AssertDoesNotThrow.java:49) ~[junit-jupiter-api-5.9.3.jar:5.9.3]
	at org.junit.jupiter.api.AssertDoesNotThrow.assertDoesNotThrow(AssertDoesNotThrow.java:36) ~[junit-jupiter-api-5.9.3.jar:5.9.3]
	at org.junit.jupiter.api.Assertions.assertDoesNotThrow(Assertions.java:3136) ~[junit-jupiter-api-5.9.3.jar:5.9.3]
	at com.hmdp.order.mq.SeckillOrderDLQConsumerTest.无法解析的死信仍然留痕且计数(SeckillOrderDLQConsumerTest.java:85) ~[test-classes/:na]
	at java.base/jdk.internal.reflect.DirectMethodHandleAccessor.invoke(DirectMethodHandleAccessor.java:103) ~[na:na]
	at java.base/java.lang.reflect.Method.invoke(Method.java:580) ~[na:na]
	at org.junit.platform.commons.util.ReflectionUtils.invokeMethod(ReflectionUtils.java:727) ~[junit-platform-commons-1.9.3.jar:1.9.3]
	at org.junit.jupiter.engine.execution.MethodInvocation.proceed(MethodInvocation.java:60) ~[junit-jupiter-engine-5.9.3.jar:5.9.3]
	at org.junit.jupiter.engine.execution.InvocationInterceptorChain$ValidatingInvocation.proceed(InvocationInterceptorChain.java:131) ~[junit-jupiter-engine-5.9.3.jar:5.9.3]
	at org.junit.jupiter.engine.extension.TimeoutExtension.intercept(TimeoutExtension.java:156) ~[junit-jupiter-engine-5.9.3.jar:5.9.3]
	at org.junit.jupiter.engine.extension.TimeoutExtension.interceptTestableMethod(TimeoutExtension.java:147) ~[junit-jupiter-engine-5.9.3.jar:5.9.3]
	at org.junit.jupiter.engine.extension.TimeoutExtension.interceptTestMethod(TimeoutExtension.java:86) ~[junit-jupiter-engine-5.9.3.jar:5.9.3]
	at org.junit.jupiter.engine.execution.InterceptingExecutableInvoker$ReflectiveInterceptorCall.lambda$ofVoidMethod$0(InterceptingExecutableInvoker.java:103) ~[junit-jupiter-engine-5.9.3.jar:5.9.3]
	at org.junit.jupiter.engine.execution.InterceptingExecutableInvoker.lambda$invoke$0(InterceptingExecutableInvoker.java:93) ~[junit-jupiter-engine-5.9.3.jar:5.9.3]
	at org.junit.jupiter.engine.execution.InvocationInterceptorChain$InterceptedInvocation.proceed(InvocationInterceptorChain.java:106) ~[junit-jupiter-engine-5.9.3.jar:5.9.3]
	at org.junit.jupiter.engine.execution.InvocationInterceptorChain.proceed(InvocationInterceptorChain.java:64) ~[junit-jupiter-engine-5.9.3.jar:5.9.3]
	at org.junit.jupiter.engine.execution.InvocationInterceptorChain.chainAndInvoke(InvocationInterceptorChain.java:45) ~[junit-jupiter-engine-5.9.3.jar:5.9.3]
	at org.junit.jupiter.engine.execution.InvocationInterceptorChain.invoke(InvocationInterceptorChain.java:37) ~[junit-jupiter-engine-5.9.3.jar:5.9.3]
	at org.junit.jupiter.engine.execution.InterceptingExecutableInvoker.invoke(InterceptingExecutableInvoker.java:92) ~[junit-jupiter-engine-5.9.3.jar:5.9.3]
	at org.junit.jupiter.engine.execution.InterceptingExecutableInvoker.invoke(InterceptingExecutableInvoker.java:86) ~[junit-jupiter-engine-5.9.3.jar:5.9.3]
	at org.junit.jupiter.engine.descriptor.TestMethodTestDescriptor.lambda$invokeTestMethod$7(TestMethodTestDescriptor.java:217) ~[junit-jupiter-engine-5.9.3.jar:5.9.3]
	at org.junit.platform.engine.support.hierarchical.ThrowableCollector.execute(ThrowableCollector.java:73) ~[junit-platform-engine-1.9.3.jar:1.9.3]
	at org.junit.jupiter.engine.descriptor.TestMethodTestDescriptor.invokeTestMethod(TestMethodTestDescriptor.java:213) ~[junit-jupiter-engine-5.9.3.jar:5.9.3]
	at org.junit.jupiter.engine.descriptor.TestMethodTestDescriptor.execute(TestMethodTestDescriptor.java:138) ~[junit-jupiter-engine-5.9.3.jar:5.9.3]
	at org.junit.jupiter.engine.descriptor.TestMethodTestDescriptor.execute(TestMethodTestDescriptor.java:68) ~[junit-jupiter-engine-5.9.3.jar:5.9.3]
	at org.junit.platform.engine.support.hierarchical.NodeTestTask.lambda$executeRecursively$6(NodeTestTask.java:151) ~[junit-platform-engine-1.9.3.jar:1.9.3]
	at org.junit.platform.engine.support.hierarchical.ThrowableCollector.execute(ThrowableCollector.java:73) ~[junit-platform-engine-1.9.3.jar:1.9.3]
	at org.junit.platform.engine.support.hierarchical.NodeTestTask.lambda$executeRecursively$8(NodeTestTask.java:141) ~[junit-platform-engine-1.9.3.jar:1.9.3]
	at org.junit.platform.engine.support.hierarchical.Node.around(Node.java:137) ~[junit-platform-engine-1.9.3.jar:1.9.3]
	at org.junit.platform.engine.support.hierarchical.NodeTestTask.lambda$executeRecursively$9(NodeTestTask.java:139) ~[junit-platform-engine-1.9.3.jar:1.9.3]
	at org.junit.platform.engine.support.hierarchical.ThrowableCollector.execute(ThrowableCollector.java:73) ~[junit-platform-engine-1.9.3.jar:1.9.3]
	at org.junit.platform.engine.support.hierarchical.NodeTestTask.executeRecursively(NodeTestTask.java:138) ~[junit-platform-engine-1.9.3.jar:1.9.3]
	at org.junit.platform.engine.support.hierarchical.NodeTestTask.execute(NodeTestTask.java:95) ~[junit-platform-engine-1.9.3.jar:1.9.3]
	at java.base/java.util.ArrayList.forEach(ArrayList.java:1596) ~[na:na]
	at org.junit.platform.engine.support.hierarchical.SameThreadHierarchicalTestExecutorService.invokeAll(SameThreadHierarchicalTestExecutorService.java:41) ~[junit-platform-engine-1.9.3.jar:1.9.3]
	at org.junit.platform.engine.support.hierarchical.NodeTestTask.lambda$executeRecursively$6(NodeTestTask.java:155) ~[junit-platform-engine-1.9.3.jar:1.9.3]
	at org.junit.platform.engine.support.hierarchical.ThrowableCollector.execute(ThrowableCollector.java:73) ~[junit-platform-engine-1.9.3.jar:1.9.3]
	at org.junit.platform.engine.support.hierarchical.NodeTestTask.lambda$executeRecursively$8(NodeTestTask.java:141) ~[junit-platform-engine-1.9.3.jar:1.9.3]
	at org.junit.platform.engine.support.hierarchical.Node.around(Node.java:137) ~[junit-platform-engine-1.9.3.jar:1.9.3]
	at org.junit.platform.engine.support.hierarchical.NodeTestTask.lambda$executeRecursively$9(NodeTestTask.java:139) ~[junit-platform-engine-1.9.3.jar:1.9.3]
	at org.junit.platform.engine.support.hierarchical.ThrowableCollector.execute(ThrowableCollector.java:73) ~[junit-platform-engine-1.9.3.jar:1.9.3]
	at org.junit.platform.engine.support.hierarchical.NodeTestTask.executeRecursively(NodeTestTask.java:138) ~[junit-platform-engine-1.9.3.jar:1.9.3]
	at org.junit.platform.engine.support.hierarchical.NodeTestTask.execute(NodeTestTask.java:95) ~[junit-platform-engine-1.9.3.jar:1.9.3]
	at java.base/java.util.ArrayList.forEach(ArrayList.java:1596) ~[na:na]
	at org.junit.platform.engine.support.hierarchical.SameThreadHierarchicalTestExecutorService.invokeAll(SameThreadHierarchicalTestExecutorService.java:41) ~[junit-platform-engine-1.9.3.jar:1.9.3]
	at org.junit.platform.engine.support.hierarchical.NodeTestTask.lambda$executeRecursively$6(NodeTestTask.java:155) ~[junit-platform-engine-1.9.3.jar:1.9.3]
	at org.junit.platform.engine.support.hierarchical.ThrowableCollector.execute(ThrowableCollector.java:73) ~[junit-platform-engine-1.9.3.jar:1.9.3]
	at org.junit.platform.engine.support.hierarchical.NodeTestTask.lambda$executeRecursively$8(NodeTestTask.java:141) ~[junit-platform-engine-1.9.3.jar:1.9.3]
	at org.junit.platform.engine.support.hierarchical.Node.around(Node.java:137) ~[junit-platform-engine-1.9.3.jar:1.9.3]
	at org.junit.platform.engine.support.hierarchical.NodeTestTask.lambda$executeRecursively$9(NodeTestTask.java:139) ~[junit-platform-engine-1.9.3.jar:1.9.3]
	at org.junit.platform.engine.support.hierarchical.ThrowableCollector.execute(ThrowableCollector.java:73) ~[junit-platform-engine-1.9.3.jar:1.9.3]
	at org.junit.platform.engine.support.hierarchical.NodeTestTask.executeRecursively(NodeTestTask.java:138) ~[junit-platform-engine-1.9.3.jar:1.9.3]
	at org.junit.platform.engine.support.hierarchical.NodeTestTask.execute(NodeTestTask.java:95) ~[junit-platform-engine-1.9.3.jar:1.9.3]
	at org.junit.platform.engine.support.hierarchical.SameThreadHierarchicalTestExecutorService.submit(SameThreadHierarchicalTestExecutorService.java:35) ~[junit-platform-engine-1.9.3.jar:1.9.3]
	at org.junit.platform.engine.support.hierarchical.HierarchicalTestExecutor.execute(HierarchicalTestExecutor.java:57) ~[junit-platform-engine-1.9.3.jar:1.9.3]
	at org.junit.platform.engine.support.hierarchical.HierarchicalTestEngine.execute(HierarchicalTestEngine.java:54) ~[junit-platform-engine-1.9.3.jar:1.9.3]
	at org.junit.platform.launcher.core.EngineExecutionOrchestrator.execute(EngineExecutionOrchestrator.java:147) ~[junit-platform-launcher-1.9.3.jar:1.9.3]
	at org.junit.platform.launcher.core.EngineExecutionOrchestrator.execute(EngineExecutionOrchestrator.java:127) ~[junit-platform-launcher-1.9.3.jar:1.9.3]
	at org.junit.platform.launcher.core.EngineExecutionOrchestrator.execute(EngineExecutionOrchestrator.java:90) ~[junit-platform-launcher-1.9.3.jar:1.9.3]
	at org.junit.platform.launcher.core.EngineExecutionOrchestrator.lambda$execute$0(EngineExecutionOrchestrator.java:55) ~[junit-platform-launcher-1.9.3.jar:1.9.3]
	at org.junit.platform.launcher.core.EngineExecutionOrchestrator.withInterceptedStreams(EngineExecutionOrchestrator.java:102) ~[junit-platform-launcher-1.9.3.jar:1.9.3]
	at org.junit.platform.launcher.core.EngineExecutionOrchestrator.execute(EngineExecutionOrchestrator.java:54) ~[junit-platform-launcher-1.9.3.jar:1.9.3]
	at org.junit.platform.launcher.core.DefaultLauncher.execute(DefaultLauncher.java:114) ~[junit-platform-launcher-1.9.3.jar:1.9.3]
	at org.junit.platform.launcher.core.DefaultLauncher.execute(DefaultLauncher.java:86) ~[junit-platform-launcher-1.9.3.jar:1.9.3]
	at org.junit.platform.launcher.core.DefaultLauncherSession$DelegatingLauncher.execute(DefaultLauncherSession.java:86) ~[junit-platform-launcher-1.9.3.jar:1.9.3]
	at org.apache.maven.surefire.junitplatform.LazyLauncher.execute(LazyLauncher.java:50) ~[surefire-junit-platform-3.0.0.jar:3.0.0]
	at org.apache.maven.surefire.junitplatform.JUnitPlatformProvider.execute(JUnitPlatformProvider.java:184) ~[surefire-junit-platform-3.0.0.jar:3.0.0]
	at org.apache.maven.surefire.junitplatform.JUnitPlatformProvider.invokeAllTests(JUnitPlatformProvider.java:148) ~[surefire-junit-platform-3.0.0.jar:3.0.0]
	at org.apache.maven.surefire.junitplatform.JUnitPlatformProvider.invoke(JUnitPlatformProvider.java:122) ~[surefire-junit-platform-3.0.0.jar:3.0.0]
	at org.apache.maven.surefire.booter.ForkedBooter.runSuitesInProcess(ForkedBooter.java:385) ~[surefire-booter-3.0.0.jar:3.0.0]
	at org.apache.maven.surefire.booter.ForkedBooter.execute(ForkedBooter.java:162) ~[surefire-booter-3.0.0.jar:3.0.0]
	at org.apache.maven.surefire.booter.ForkedBooter.run(ForkedBooter.java:507) ~[surefire-booter-3.0.0.jar:3.0.0]
	at org.apache.maven.surefire.booter.ForkedBooter.main(ForkedBooter.java:495) ~[surefire-booter-3.0.0.jar:3.0.0]

2026-10-10T16:50:08.326+08:00 ERROR 45852 --- [           main] c.hmdp.order.mq.SeckillOrderDLQConsumer  : 死信消息无法解析，已丢弃需人工核查: msgId=null, reconsumeTimes=0, body=not-json
[INFO] Tests run: 3, Failures: 0, Errors: 0, Skipped: 0, Time elapsed: 0.04 s - in com.hmdp.order.mq.SeckillOrderDLQConsumerTest
[INFO] Running com.hmdp.order.SeckillSchedulingContractTest
[INFO] Tests run: 3, Failures: 0, Errors: 0, Skipped: 0, Time elapsed: 0.053 s - in com.hmdp.order.SeckillSchedulingContractTest
[INFO] Running com.hmdp.order.service.impl.SeckillInFlightCompensatorTest
2026-10-10T16:50:08.435+08:00 ERROR 45852 --- [           main] c.h.o.s.impl.SeckillInFlightCompensator  : 在途订单重投发送失败: orderId=9001, voucherId=1, retryCount=1
2026-10-10T16:50:08.436+08:00  INFO 45852 --- [           main] c.h.o.s.impl.SeckillInFlightCompensator  : 在途补偿完成: 扫描=1, 重投=1, 释放=0, 清理=0
2026-10-10T16:50:08.442+08:00  INFO 45852 --- [           main] c.h.o.s.impl.SeckillInFlightCompensator  : 在途补偿完成: 扫描=1, 重投=0, 释放=0, 清理=1
2026-10-10T16:50:08.449+08:00  INFO 45852 --- [           main] c.h.o.s.impl.SeckillInFlightCompensator  : 在途补偿完成: 扫描=1, 重投=0, 释放=0, 清理=1
2026-10-10T16:50:08.458+08:00  WARN 45852 --- [           main] c.h.o.s.impl.SeckillInFlightCompensator  : 已释放订单的明细重新出现，仅清理不再回滚: orderId=9001, voucherId=1
2026-10-10T16:50:08.458+08:00  INFO 45852 --- [           main] c.h.o.s.impl.SeckillInFlightCompensator  : 在途补偿完成: 扫描=1, 重投=0, 释放=0, 清理=1
2026-10-10T16:50:08.464+08:00  WARN 45852 --- [           main] c.h.o.s.impl.SeckillInFlightCompensator  : 在途订单已重投: orderId=9001, voucherId=1, retryCount=0→1
2026-10-10T16:50:08.464+08:00  INFO 45852 --- [           main] c.h.o.s.impl.SeckillInFlightCompensator  : 在途补偿完成: 扫描=1, 重投=1, 释放=0, 清理=0
2026-10-10T16:50:08.481+08:00 ERROR 45852 --- [           main] c.h.o.s.impl.SeckillInFlightCompensator  : [误释放] 已释放订单仍出现在 DB: orderId=9001, voucherId=1
2026-10-10T16:50:08.481+08:00  INFO 45852 --- [           main] c.h.o.s.impl.SeckillInFlightCompensator  : 在途补偿完成: 扫描=1, 重投=0, 释放=0, 清理=1
2026-10-10T16:50:08.485+08:00  INFO 45852 --- [           main] c.h.o.s.impl.SeckillInFlightCompensator  : 在途补偿完成: 扫描=1, 重投=0, 释放=0, 清理=0
2026-10-10T16:50:08.489+08:00  WARN 45852 --- [           main] c.h.o.s.impl.SeckillInFlightCompensator  : 在途明细缺少 ts，跳过: voucherId=1, field=9001
2026-10-10T16:50:08.489+08:00  INFO 45852 --- [           main] c.h.o.s.impl.SeckillInFlightCompensator  : 在途补偿完成: 扫描=1, 重投=0, 释放=0, 清理=0
2026-10-10T16:50:08.497+08:00 ERROR 45852 --- [           main] c.h.o.s.impl.SeckillInFlightCompensator  : [补偿释放] 在途订单重投耗尽，已回滚预扣并转人工处置: orderId=9001, userId=7, voucherId=1
2026-10-10T16:50:08.497+08:00  INFO 45852 --- [           main] c.h.o.s.impl.SeckillInFlightCompensator  : 在途补偿完成: 扫描=1, 重投=0, 释放=1, 清理=0
2026-10-10T16:50:08.501+08:00  INFO 45852 --- [           main] c.h.o.s.impl.SeckillInFlightCompensator  : 释放前明细已消失（消费端刚处理完），跳过: orderId=9001
2026-10-10T16:50:08.501+08:00  INFO 45852 --- [           main] c.h.o.s.impl.SeckillInFlightCompensator  : 在途补偿完成: 扫描=1, 重投=0, 释放=0, 清理=0
[INFO] Tests run: 12, Failures: 0, Errors: 0, Skipped: 0, Time elapsed: 0.115 s - in com.hmdp.order.service.impl.SeckillInFlightCompensatorTest
[INFO] Running com.hmdp.order.service.impl.SeckillOutboxDelivererTest
2026-10-10T16:50:08.793+08:00 ERROR 45852 --- [           main] c.h.o.s.impl.SeckillOutboxDeliverer      : [事件表补投耗尽] 该订单需人工核对: orderId=9003, userId=7, voucherId=1, retryCount=5
2026-10-10T16:50:08.793+08:00  WARN 45852 --- [           main] c.h.o.s.impl.SeckillOutboxDeliverer      : 事件表补投完成: 扫描=1, 补投成功=0, 失败=1
2026-10-10T16:50:08.802+08:00  INFO 45852 --- [           main] c.h.o.s.impl.SeckillOutboxDeliverer      : 事件表补投命中已投递行（重复投递，消费端幂等）: orderId=9004
2026-10-10T16:50:08.802+08:00  WARN 45852 --- [           main] c.h.o.s.impl.SeckillOutboxDeliverer      : 事件表补投完成: 扫描=1, 补投成功=1, 失败=0
2026-10-10T16:50:08.806+08:00  WARN 45852 --- [           main] c.h.o.s.impl.SeckillOutboxDeliverer      : 事件表补投失败，下轮重试: orderId=9002, retryCount=2
2026-10-10T16:50:08.807+08:00  WARN 45852 --- [           main] c.h.o.s.impl.SeckillOutboxDeliverer      : 事件表补投完成: 扫描=1, 补投成功=0, 失败=1
2026-10-10T16:50:08.813+08:00  WARN 45852 --- [           main] c.h.o.s.impl.SeckillOutboxDeliverer      : 事件表补投成功: orderId=9001, retryCount=0
2026-10-10T16:50:08.813+08:00  WARN 45852 --- [           main] c.h.o.s.impl.SeckillOutboxDeliverer      : 事件表补投完成: 扫描=1, 补投成功=1, 失败=0
[INFO] Tests run: 5, Failures: 0, Errors: 0, Skipped: 0, Time elapsed: 0.314 s - in com.hmdp.order.service.impl.SeckillOutboxDelivererTest
[INFO] Running com.hmdp.order.service.impl.SeckillVoucherServiceTest
2026-10-10T16:50:08.983+08:00  WARN 45852 --- [           main] c.h.o.s.impl.VoucherOrderServiceImpl     : 秒杀失败-库存不足: userId=7, voucherId=1
2026-10-10T16:50:09.085+08:00  WARN 45852 --- [           main] c.h.o.s.impl.VoucherOrderServiceImpl     : 读取秒杀活动时间窗失败，放行: voucherId=1

java.lang.NullPointerException: Cannot invoke "org.springframework.data.redis.core.HashOperations.multiGet(Object, java.util.Collection)" because the return value of "org.springframework.data.redis.core.StringRedisTemplate.opsForHash()" is null
	at com.hmdp.order.service.impl.VoucherOrderServiceImpl.checkSeckillWindow(VoucherOrderServiceImpl.java:247) ~[classes/:na]
	at com.hmdp.order.service.impl.VoucherOrderServiceImpl.seckillVoucher(VoucherOrderServiceImpl.java:115) ~[classes/:na]
	at java.base/java.lang.invoke.MethodHandle.invokeWithArguments(MethodHandle.java:733) ~[na:na]
	at org.mockito.internal.util.reflection.InstrumentationMemberAccessor$Dispatcher$ByteBuddy$6jz5SCUS.invokeWithArguments(Unknown Source) ~[na:na]
	at org.mockito.internal.util.reflection.InstrumentationMemberAccessor.invoke(InstrumentationMemberAccessor.java:251) ~[mockito-core-5.3.1.jar:na]
	at org.mockito.internal.util.reflection.ModuleMemberAccessor.invoke(ModuleMemberAccessor.java:55) ~[mockito-core-5.3.1.jar:na]
	at org.mockito.internal.creation.bytebuddy.MockMethodAdvice.tryInvoke(MockMethodAdvice.java:314) ~[mockito-core-5.3.1.jar:na]
	at org.mockito.internal.creation.bytebuddy.MockMethodAdvice$RealMethodCall.invoke(MockMethodAdvice.java:234) ~[mockito-core-5.3.1.jar:na]
	at org.mockito.internal.invocation.InterceptedInvocation.callRealMethod(InterceptedInvocation.java:142) ~[mockito-core-5.3.1.jar:na]
	at org.mockito.internal.stubbing.answers.CallsRealMethods.answer(CallsRealMethods.java:45) ~[mockito-core-5.3.1.jar:na]
	at org.mockito.Answers.answer(Answers.java:90) ~[mockito-core-5.3.1.jar:na]
	at org.mockito.internal.handler.MockHandlerImpl.handle(MockHandlerImpl.java:111) ~[mockito-core-5.3.1.jar:na]
	at org.mockito.internal.handler.NullResultGuardian.handle(NullResultGuardian.java:29) ~[mockito-core-5.3.1.jar:na]
	at org.mockito.internal.handler.InvocationNotifierHandler.handle(InvocationNotifierHandler.java:34) ~[mockito-core-5.3.1.jar:na]
	at org.mockito.internal.creation.bytebuddy.MockMethodInterceptor.doIntercept(MockMethodInterceptor.java:82) ~[mockito-core-5.3.1.jar:na]
	at org.mockito.internal.creation.bytebuddy.MockMethodAdvice.handle(MockMethodAdvice.java:134) ~[mockito-core-5.3.1.jar:na]
	at com.hmdp.order.service.impl.VoucherOrderServiceImpl.seckillVoucher(VoucherOrderServiceImpl.java:101) ~[classes/:na]
	at com.hmdp.order.service.impl.SeckillVoucherServiceTest.脚本返回0_消息发送成功_返回订单号且计成功(SeckillVoucherServiceTest.java:131) ~[test-classes/:na]
	at java.base/jdk.internal.reflect.DirectMethodHandleAccessor.invoke(DirectMethodHandleAccessor.java:103) ~[na:na]
	at java.base/java.lang.reflect.Method.invoke(Method.java:580) ~[na:na]
	at org.junit.platform.commons.util.ReflectionUtils.invokeMethod(ReflectionUtils.java:727) ~[junit-platform-commons-1.9.3.jar:1.9.3]
	at org.junit.jupiter.engine.execution.MethodInvocation.proceed(MethodInvocation.java:60) ~[junit-jupiter-engine-5.9.3.jar:5.9.3]
	at org.junit.jupiter.engine.execution.InvocationInterceptorChain$ValidatingInvocation.proceed(InvocationInterceptorChain.java:131) ~[junit-jupiter-engine-5.9.3.jar:5.9.3]
	at org.junit.jupiter.engine.extension.TimeoutExtension.intercept(TimeoutExtension.java:156) ~[junit-jupiter-engine-5.9.3.jar:5.9.3]
	at org.junit.jupiter.engine.extension.TimeoutExtension.interceptTestableMethod(TimeoutExtension.java:147) ~[junit-jupiter-engine-5.9.3.jar:5.9.3]
	at org.junit.jupiter.engine.extension.TimeoutExtension.interceptTestMethod(TimeoutExtension.java:86) ~[junit-jupiter-engine-5.9.3.jar:5.9.3]
	at org.junit.jupiter.engine.execution.InterceptingExecutableInvoker$ReflectiveInterceptorCall.lambda$ofVoidMethod$0(InterceptingExecutableInvoker.java:103) ~[junit-jupiter-engine-5.9.3.jar:5.9.3]
	at org.junit.jupiter.engine.execution.InterceptingExecutableInvoker.lambda$invoke$0(InterceptingExecutableInvoker.java:93) ~[junit-jupiter-engine-5.9.3.jar:5.9.3]
	at org.junit.jupiter.engine.execution.InvocationInterceptorChain$InterceptedInvocation.proceed(InvocationInterceptorChain.java:106) ~[junit-jupiter-engine-5.9.3.jar:5.9.3]
	at org.junit.jupiter.engine.execution.InvocationInterceptorChain.proceed(InvocationInterceptorChain.java:64) ~[junit-jupiter-engine-5.9.3.jar:5.9.3]
	at org.junit.jupiter.engine.execution.InvocationInterceptorChain.chainAndInvoke(InvocationInterceptorChain.java:45) ~[junit-jupiter-engine-5.9.3.jar:5.9.3]
	at org.junit.jupiter.engine.execution.InvocationInterceptorChain.invoke(InvocationInterceptorChain.java:37) ~[junit-jupiter-engine-5.9.3.jar:5.9.3]
	at org.junit.jupiter.engine.execution.InterceptingExecutableInvoker.invoke(InterceptingExecutableInvoker.java:92) ~[junit-jupiter-engine-5.9.3.jar:5.9.3]
	at org.junit.jupiter.engine.execution.InterceptingExecutableInvoker.invoke(InterceptingExecutableInvoker.java:86) ~[junit-jupiter-engine-5.9.3.jar:5.9.3]
	at org.junit.jupiter.engine.descriptor.TestMethodTestDescriptor.lambda$invokeTestMethod$7(TestMethodTestDescriptor.java:217) ~[junit-jupiter-engine-5.9.3.jar:5.9.3]
	at org.junit.platform.engine.support.hierarchical.ThrowableCollector.execute(ThrowableCollector.java:73) ~[junit-platform-engine-1.9.3.jar:1.9.3]
	at org.junit.jupiter.engine.descriptor.TestMethodTestDescriptor.invokeTestMethod(TestMethodTestDescriptor.java:213) ~[junit-jupiter-engine-5.9.3.jar:5.9.3]
	at org.junit.jupiter.engine.descriptor.TestMethodTestDescriptor.execute(TestMethodTestDescriptor.java:138) ~[junit-jupiter-engine-5.9.3.jar:5.9.3]
	at org.junit.jupiter.engine.descriptor.TestMethodTestDescriptor.execute(TestMethodTestDescriptor.java:68) ~[junit-jupiter-engine-5.9.3.jar:5.9.3]
	at org.junit.platform.engine.support.hierarchical.NodeTestTask.lambda$executeRecursively$6(NodeTestTask.java:151) ~[junit-platform-engine-1.9.3.jar:1.9.3]
	at org.junit.platform.engine.support.hierarchical.ThrowableCollector.execute(ThrowableCollector.java:73) ~[junit-platform-engine-1.9.3.jar:1.9.3]
	at org.junit.platform.engine.support.hierarchical.NodeTestTask.lambda$executeRecursively$8(NodeTestTask.java:141) ~[junit-platform-engine-1.9.3.jar:1.9.3]
	at org.junit.platform.engine.support.hierarchical.Node.around(Node.java:137) ~[junit-platform-engine-1.9.3.jar:1.9.3]
	at org.junit.platform.engine.support.hierarchical.NodeTestTask.lambda$executeRecursively$9(NodeTestTask.java:139) ~[junit-platform-engine-1.9.3.jar:1.9.3]
	at org.junit.platform.engine.support.hierarchical.ThrowableCollector.execute(ThrowableCollector.java:73) ~[junit-platform-engine-1.9.3.jar:1.9.3]
	at org.junit.platform.engine.support.hierarchical.NodeTestTask.executeRecursively(NodeTestTask.java:138) ~[junit-platform-engine-1.9.3.jar:1.9.3]
	at org.junit.platform.engine.support.hierarchical.NodeTestTask.execute(NodeTestTask.java:95) ~[junit-platform-engine-1.9.3.jar:1.9.3]
	at java.base/java.util.ArrayList.forEach(ArrayList.java:1596) ~[na:na]
	at org.junit.platform.engine.support.hierarchical.SameThreadHierarchicalTestExecutorService.invokeAll(SameThreadHierarchicalTestExecutorService.java:41) ~[junit-platform-engine-1.9.3.jar:1.9.3]
	at org.junit.platform.engine.support.hierarchical.NodeTestTask.lambda$executeRecursively$6(NodeTestTask.java:155) ~[junit-platform-engine-1.9.3.jar:1.9.3]
	at org.junit.platform.engine.support.hierarchical.ThrowableCollector.execute(ThrowableCollector.java:73) ~[junit-platform-engine-1.9.3.jar:1.9.3]
	at org.junit.platform.engine.support.hierarchical.NodeTestTask.lambda$executeRecursively$8(NodeTestTask.java:141) ~[junit-platform-engine-1.9.3.jar:1.9.3]
	at org.junit.platform.engine.support.hierarchical.Node.around(Node.java:137) ~[junit-platform-engine-1.9.3.jar:1.9.3]
	at org.junit.platform.engine.support.hierarchical.NodeTestTask.lambda$executeRecursively$9(NodeTestTask.java:139) ~[junit-platform-engine-1.9.3.jar:1.9.3]
	at org.junit.platform.engine.support.hierarchical.ThrowableCollector.execute(ThrowableCollector.java:73) ~[junit-platform-engine-1.9.3.jar:1.9.3]
	at org.junit.platform.engine.support.hierarchical.NodeTestTask.executeRecursively(NodeTestTask.java:138) ~[junit-platform-engine-1.9.3.jar:1.9.3]
	at org.junit.platform.engine.support.hierarchical.NodeTestTask.execute(NodeTestTask.java:95) ~[junit-platform-engine-1.9.3.jar:1.9.3]
	at java.base/java.util.ArrayList.forEach(ArrayList.java:1596) ~[na:na]
	at org.junit.platform.engine.support.hierarchical.SameThreadHierarchicalTestExecutorService.invokeAll(SameThreadHierarchicalTestExecutorService.java:41) ~[junit-platform-engine-1.9.3.jar:1.9.3]
	at org.junit.platform.engine.support.hierarchical.NodeTestTask.lambda$executeRecursively$6(NodeTestTask.java:155) ~[junit-platform-engine-1.9.3.jar:1.9.3]
	at org.junit.platform.engine.support.hierarchical.ThrowableCollector.execute(ThrowableCollector.java:73) ~[junit-platform-engine-1.9.3.jar:1.9.3]
	at org.junit.platform.engine.support.hierarchical.NodeTestTask.lambda$executeRecursively$8(NodeTestTask.java:141) ~[junit-platform-engine-1.9.3.jar:1.9.3]
	at org.junit.platform.engine.support.hierarchical.Node.around(Node.java:137) ~[junit-platform-engine-1.9.3.jar:1.9.3]
	at org.junit.platform.engine.support.hierarchical.NodeTestTask.lambda$executeRecursively$9(NodeTestTask.java:139) ~[junit-platform-engine-1.9.3.jar:1.9.3]
	at org.junit.platform.engine.support.hierarchical.ThrowableCollector.execute(ThrowableCollector.java:73) ~[junit-platform-engine-1.9.3.jar:1.9.3]
	at org.junit.platform.engine.support.hierarchical.NodeTestTask.executeRecursively(NodeTestTask.java:138) ~[junit-platform-engine-1.9.3.jar:1.9.3]
	at org.junit.platform.engine.support.hierarchical.NodeTestTask.execute(NodeTestTask.java:95) ~[junit-platform-engine-1.9.3.jar:1.9.3]
	at org.junit.platform.engine.support.hierarchical.SameThreadHierarchicalTestExecutorService.submit(SameThreadHierarchicalTestExecutorService.java:35) ~[junit-platform-engine-1.9.3.jar:1.9.3]
	at org.junit.platform.engine.support.hierarchical.HierarchicalTestExecutor.execute(HierarchicalTestExecutor.java:57) ~[junit-platform-engine-1.9.3.jar:1.9.3]
	at org.junit.platform.engine.support.hierarchical.HierarchicalTestEngine.execute(HierarchicalTestEngine.java:54) ~[junit-platform-engine-1.9.3.jar:1.9.3]
	at org.junit.platform.launcher.core.EngineExecutionOrchestrator.execute(EngineExecutionOrchestrator.java:147) ~[junit-platform-launcher-1.9.3.jar:1.9.3]
	at org.junit.platform.launcher.core.EngineExecutionOrchestrator.execute(EngineExecutionOrchestrator.java:127) ~[junit-platform-launcher-1.9.3.jar:1.9.3]
	at org.junit.platform.launcher.core.EngineExecutionOrchestrator.execute(EngineExecutionOrchestrator.java:90) ~[junit-platform-launcher-1.9.3.jar:1.9.3]
	at org.junit.platform.launcher.core.EngineExecutionOrchestrator.lambda$execute$0(EngineExecutionOrchestrator.java:55) ~[junit-platform-launcher-1.9.3.jar:1.9.3]
	at org.junit.platform.launcher.core.EngineExecutionOrchestrator.withInterceptedStreams(EngineExecutionOrchestrator.java:102) ~[junit-platform-launcher-1.9.3.jar:1.9.3]
	at org.junit.platform.launcher.core.EngineExecutionOrchestrator.execute(EngineExecutionOrchestrator.java:54) ~[junit-platform-launcher-1.9.3.jar:1.9.3]
	at org.junit.platform.launcher.core.DefaultLauncher.execute(DefaultLauncher.java:114) ~[junit-platform-launcher-1.9.3.jar:1.9.3]
	at org.junit.platform.launcher.core.DefaultLauncher.execute(DefaultLauncher.java:86) ~[junit-platform-launcher-1.9.3.jar:1.9.3]
	at org.junit.platform.launcher.core.DefaultLauncherSession$DelegatingLauncher.execute(DefaultLauncherSession.java:86) ~[junit-platform-launcher-1.9.3.jar:1.9.3]
	at org.apache.maven.surefire.junitplatform.LazyLauncher.execute(LazyLauncher.java:50) ~[surefire-junit-platform-3.0.0.jar:3.0.0]
	at org.apache.maven.surefire.junitplatform.JUnitPlatformProvider.execute(JUnitPlatformProvider.java:184) ~[surefire-junit-platform-3.0.0.jar:3.0.0]
	at org.apache.maven.surefire.junitplatform.JUnitPlatformProvider.invokeAllTests(JUnitPlatformProvider.java:148) ~[surefire-junit-platform-3.0.0.jar:3.0.0]
	at org.apache.maven.surefire.junitplatform.JUnitPlatformProvider.invoke(JUnitPlatformProvider.java:122) ~[surefire-junit-platform-3.0.0.jar:3.0.0]
	at org.apache.maven.surefire.booter.ForkedBooter.runSuitesInProcess(ForkedBooter.java:385) ~[surefire-booter-3.0.0.jar:3.0.0]
	at org.apache.maven.surefire.booter.ForkedBooter.execute(ForkedBooter.java:162) ~[surefire-booter-3.0.0.jar:3.0.0]
	at org.apache.maven.surefire.booter.ForkedBooter.run(ForkedBooter.java:507) ~[surefire-booter-3.0.0.jar:3.0.0]
	at org.apache.maven.surefire.booter.ForkedBooter.main(ForkedBooter.java:495) ~[surefire-booter-3.0.0.jar:3.0.0]

2026-10-10T16:50:09.094+08:00  INFO 45852 --- [           main] c.h.o.s.impl.VoucherOrderServiceImpl     : 秒杀资格校验通过，订单异步处理中: orderId=9001, userId=7, voucherId=1
2026-10-10T16:50:09.101+08:00  WARN 45852 --- [           main] c.h.o.s.impl.VoucherOrderServiceImpl     : 读取秒杀活动时间窗失败，放行: voucherId=1

java.lang.NullPointerException: Cannot invoke "org.springframework.data.redis.core.HashOperations.multiGet(Object, java.util.Collection)" because the return value of "org.springframework.data.redis.core.StringRedisTemplate.opsForHash()" is null
	at com.hmdp.order.service.impl.VoucherOrderServiceImpl.checkSeckillWindow(VoucherOrderServiceImpl.java:247) ~[classes/:na]
	at com.hmdp.order.service.impl.VoucherOrderServiceImpl.seckillVoucher(VoucherOrderServiceImpl.java:115) ~[classes/:na]
	at java.base/java.lang.invoke.MethodHandle.invokeWithArguments(MethodHandle.java:733) ~[na:na]
	at org.mockito.internal.util.reflection.InstrumentationMemberAccessor$Dispatcher$ByteBuddy$6jz5SCUS.invokeWithArguments(Unknown Source) ~[na:na]
	at org.mockito.internal.util.reflection.InstrumentationMemberAccessor.invoke(InstrumentationMemberAccessor.java:251) ~[mockito-core-5.3.1.jar:na]
	at org.mockito.internal.util.reflection.ModuleMemberAccessor.invoke(ModuleMemberAccessor.java:55) ~[mockito-core-5.3.1.jar:na]
	at org.mockito.internal.creation.bytebuddy.MockMethodAdvice.tryInvoke(MockMethodAdvice.java:314) ~[mockito-core-5.3.1.jar:na]
	at org.mockito.internal.creation.bytebuddy.MockMethodAdvice$RealMethodCall.invoke(MockMethodAdvice.java:234) ~[mockito-core-5.3.1.jar:na]
	at org.mockito.internal.invocation.InterceptedInvocation.callRealMethod(InterceptedInvocation.java:142) ~[mockito-core-5.3.1.jar:na]
	at org.mockito.internal.stubbing.answers.CallsRealMethods.answer(CallsRealMethods.java:45) ~[mockito-core-5.3.1.jar:na]
	at org.mockito.Answers.answer(Answers.java:90) ~[mockito-core-5.3.1.jar:na]
	at org.mockito.internal.handler.MockHandlerImpl.handle(MockHandlerImpl.java:111) ~[mockito-core-5.3.1.jar:na]
	at org.mockito.internal.handler.NullResultGuardian.handle(NullResultGuardian.java:29) ~[mockito-core-5.3.1.jar:na]
	at org.mockito.internal.handler.InvocationNotifierHandler.handle(InvocationNotifierHandler.java:34) ~[mockito-core-5.3.1.jar:na]
	at org.mockito.internal.creation.bytebuddy.MockMethodInterceptor.doIntercept(MockMethodInterceptor.java:82) ~[mockito-core-5.3.1.jar:na]
	at org.mockito.internal.creation.bytebuddy.MockMethodAdvice.handle(MockMethodAdvice.java:134) ~[mockito-core-5.3.1.jar:na]
	at com.hmdp.order.service.impl.VoucherOrderServiceImpl.seckillVoucher(VoucherOrderServiceImpl.java:101) ~[classes/:na]
	at com.hmdp.order.service.impl.SeckillVoucherServiceTest.调用脚本时传入写入时刻作为ARGV4(SeckillVoucherServiceTest.java:339) ~[test-classes/:na]
	at java.base/jdk.internal.reflect.DirectMethodHandleAccessor.invoke(DirectMethodHandleAccessor.java:103) ~[na:na]
	at java.base/java.lang.reflect.Method.invoke(Method.java:580) ~[na:na]
	at org.junit.platform.commons.util.ReflectionUtils.invokeMethod(ReflectionUtils.java:727) ~[junit-platform-commons-1.9.3.jar:1.9.3]
	at org.junit.jupiter.engine.execution.MethodInvocation.proceed(MethodInvocation.java:60) ~[junit-jupiter-engine-5.9.3.jar:5.9.3]
	at org.junit.jupiter.engine.execution.InvocationInterceptorChain$ValidatingInvocation.proceed(InvocationInterceptorChain.java:131) ~[junit-jupiter-engine-5.9.3.jar:5.9.3]
	at org.junit.jupiter.engine.extension.TimeoutExtension.intercept(TimeoutExtension.java:156) ~[junit-jupiter-engine-5.9.3.jar:5.9.3]
	at org.junit.jupiter.engine.extension.TimeoutExtension.interceptTestableMethod(TimeoutExtension.java:147) ~[junit-jupiter-engine-5.9.3.jar:5.9.3]
	at org.junit.jupiter.engine.extension.TimeoutExtension.interceptTestMethod(TimeoutExtension.java:86) ~[junit-jupiter-engine-5.9.3.jar:5.9.3]
	at org.junit.jupiter.engine.execution.InterceptingExecutableInvoker$ReflectiveInterceptorCall.lambda$ofVoidMethod$0(InterceptingExecutableInvoker.java:103) ~[junit-jupiter-engine-5.9.3.jar:5.9.3]
	at org.junit.jupiter.engine.execution.InterceptingExecutableInvoker.lambda$invoke$0(InterceptingExecutableInvoker.java:93) ~[junit-jupiter-engine-5.9.3.jar:5.9.3]
	at org.junit.jupiter.engine.execution.InvocationInterceptorChain$InterceptedInvocation.proceed(InvocationInterceptorChain.java:106) ~[junit-jupiter-engine-5.9.3.jar:5.9.3]
	at org.junit.jupiter.engine.execution.InvocationInterceptorChain.proceed(InvocationInterceptorChain.java:64) ~[junit-jupiter-engine-5.9.3.jar:5.9.3]
	at org.junit.jupiter.engine.execution.InvocationInterceptorChain.chainAndInvoke(InvocationInterceptorChain.java:45) ~[junit-jupiter-engine-5.9.3.jar:5.9.3]
	at org.junit.jupiter.engine.execution.InvocationInterceptorChain.invoke(InvocationInterceptorChain.java:37) ~[junit-jupiter-engine-5.9.3.jar:5.9.3]
	at org.junit.jupiter.engine.execution.InterceptingExecutableInvoker.invoke(InterceptingExecutableInvoker.java:92) ~[junit-jupiter-engine-5.9.3.jar:5.9.3]
	at org.junit.jupiter.engine.execution.InterceptingExecutableInvoker.invoke(InterceptingExecutableInvoker.java:86) ~[junit-jupiter-engine-5.9.3.jar:5.9.3]
	at org.junit.jupiter.engine.descriptor.TestMethodTestDescriptor.lambda$invokeTestMethod$7(TestMethodTestDescriptor.java:217) ~[junit-jupiter-engine-5.9.3.jar:5.9.3]
	at org.junit.platform.engine.support.hierarchical.ThrowableCollector.execute(ThrowableCollector.java:73) ~[junit-platform-engine-1.9.3.jar:1.9.3]
	at org.junit.jupiter.engine.descriptor.TestMethodTestDescriptor.invokeTestMethod(TestMethodTestDescriptor.java:213) ~[junit-jupiter-engine-5.9.3.jar:5.9.3]
	at org.junit.jupiter.engine.descriptor.TestMethodTestDescriptor.execute(TestMethodTestDescriptor.java:138) ~[junit-jupiter-engine-5.9.3.jar:5.9.3]
	at org.junit.jupiter.engine.descriptor.TestMethodTestDescriptor.execute(TestMethodTestDescriptor.java:68) ~[junit-jupiter-engine-5.9.3.jar:5.9.3]
	at org.junit.platform.engine.support.hierarchical.NodeTestTask.lambda$executeRecursively$6(NodeTestTask.java:151) ~[junit-platform-engine-1.9.3.jar:1.9.3]
	at org.junit.platform.engine.support.hierarchical.ThrowableCollector.execute(ThrowableCollector.java:73) ~[junit-platform-engine-1.9.3.jar:1.9.3]
	at org.junit.platform.engine.support.hierarchical.NodeTestTask.lambda$executeRecursively$8(NodeTestTask.java:141) ~[junit-platform-engine-1.9.3.jar:1.9.3]
	at org.junit.platform.engine.support.hierarchical.Node.around(Node.java:137) ~[junit-platform-engine-1.9.3.jar:1.9.3]
	at org.junit.platform.engine.support.hierarchical.NodeTestTask.lambda$executeRecursively$9(NodeTestTask.java:139) ~[junit-platform-engine-1.9.3.jar:1.9.3]
	at org.junit.platform.engine.support.hierarchical.ThrowableCollector.execute(ThrowableCollector.java:73) ~[junit-platform-engine-1.9.3.jar:1.9.3]
	at org.junit.platform.engine.support.hierarchical.NodeTestTask.executeRecursively(NodeTestTask.java:138) ~[junit-platform-engine-1.9.3.jar:1.9.3]
	at org.junit.platform.engine.support.hierarchical.NodeTestTask.execute(NodeTestTask.java:95) ~[junit-platform-engine-1.9.3.jar:1.9.3]
	at java.base/java.util.ArrayList.forEach(ArrayList.java:1596) ~[na:na]
	at org.junit.platform.engine.support.hierarchical.SameThreadHierarchicalTestExecutorService.invokeAll(SameThreadHierarchicalTestExecutorService.java:41) ~[junit-platform-engine-1.9.3.jar:1.9.3]
	at org.junit.platform.engine.support.hierarchical.NodeTestTask.lambda$executeRecursively$6(NodeTestTask.java:155) ~[junit-platform-engine-1.9.3.jar:1.9.3]
	at org.junit.platform.engine.support.hierarchical.ThrowableCollector.execute(ThrowableCollector.java:73) ~[junit-platform-engine-1.9.3.jar:1.9.3]
	at org.junit.platform.engine.support.hierarchical.NodeTestTask.lambda$executeRecursively$8(NodeTestTask.java:141) ~[junit-platform-engine-1.9.3.jar:1.9.3]
	at org.junit.platform.engine.support.hierarchical.Node.around(Node.java:137) ~[junit-platform-engine-1.9.3.jar:1.9.3]
	at org.junit.platform.engine.support.hierarchical.NodeTestTask.lambda$executeRecursively$9(NodeTestTask.java:139) ~[junit-platform-engine-1.9.3.jar:1.9.3]
	at org.junit.platform.engine.support.hierarchical.ThrowableCollector.execute(ThrowableCollector.java:73) ~[junit-platform-engine-1.9.3.jar:1.9.3]
	at org.junit.platform.engine.support.hierarchical.NodeTestTask.executeRecursively(NodeTestTask.java:138) ~[junit-platform-engine-1.9.3.jar:1.9.3]
	at org.junit.platform.engine.support.hierarchical.NodeTestTask.execute(NodeTestTask.java:95) ~[junit-platform-engine-1.9.3.jar:1.9.3]
	at java.base/java.util.ArrayList.forEach(ArrayList.java:1596) ~[na:na]
	at org.junit.platform.engine.support.hierarchical.SameThreadHierarchicalTestExecutorService.invokeAll(SameThreadHierarchicalTestExecutorService.java:41) ~[junit-platform-engine-1.9.3.jar:1.9.3]
	at org.junit.platform.engine.support.hierarchical.NodeTestTask.lambda$executeRecursively$6(NodeTestTask.java:155) ~[junit-platform-engine-1.9.3.jar:1.9.3]
	at org.junit.platform.engine.support.hierarchical.ThrowableCollector.execute(ThrowableCollector.java:73) ~[junit-platform-engine-1.9.3.jar:1.9.3]
	at org.junit.platform.engine.support.hierarchical.NodeTestTask.lambda$executeRecursively$8(NodeTestTask.java:141) ~[junit-platform-engine-1.9.3.jar:1.9.3]
	at org.junit.platform.engine.support.hierarchical.Node.around(Node.java:137) ~[junit-platform-engine-1.9.3.jar:1.9.3]
	at org.junit.platform.engine.support.hierarchical.NodeTestTask.lambda$executeRecursively$9(NodeTestTask.java:139) ~[junit-platform-engine-1.9.3.jar:1.9.3]
	at org.junit.platform.engine.support.hierarchical.ThrowableCollector.execute(ThrowableCollector.java:73) ~[junit-platform-engine-1.9.3.jar:1.9.3]
	at org.junit.platform.engine.support.hierarchical.NodeTestTask.executeRecursively(NodeTestTask.java:138) ~[junit-platform-engine-1.9.3.jar:1.9.3]
	at org.junit.platform.engine.support.hierarchical.NodeTestTask.execute(NodeTestTask.java:95) ~[junit-platform-engine-1.9.3.jar:1.9.3]
	at org.junit.platform.engine.support.hierarchical.SameThreadHierarchicalTestExecutorService.submit(SameThreadHierarchicalTestExecutorService.java:35) ~[junit-platform-engine-1.9.3.jar:1.9.3]
	at org.junit.platform.engine.support.hierarchical.HierarchicalTestExecutor.execute(HierarchicalTestExecutor.java:57) ~[junit-platform-engine-1.9.3.jar:1.9.3]
	at org.junit.platform.engine.support.hierarchical.HierarchicalTestEngine.execute(HierarchicalTestEngine.java:54) ~[junit-platform-engine-1.9.3.jar:1.9.3]
	at org.junit.platform.launcher.core.EngineExecutionOrchestrator.execute(EngineExecutionOrchestrator.java:147) ~[junit-platform-launcher-1.9.3.jar:1.9.3]
	at org.junit.platform.launcher.core.EngineExecutionOrchestrator.execute(EngineExecutionOrchestrator.java:127) ~[junit-platform-launcher-1.9.3.jar:1.9.3]
	at org.junit.platform.launcher.core.EngineExecutionOrchestrator.execute(EngineExecutionOrchestrator.java:90) ~[junit-platform-launcher-1.9.3.jar:1.9.3]
	at org.junit.platform.launcher.core.EngineExecutionOrchestrator.lambda$execute$0(EngineExecutionOrchestrator.java:55) ~[junit-platform-launcher-1.9.3.jar:1.9.3]
	at org.junit.platform.launcher.core.EngineExecutionOrchestrator.withInterceptedStreams(EngineExecutionOrchestrator.java:102) ~[junit-platform-launcher-1.9.3.jar:1.9.3]
	at org.junit.platform.launcher.core.EngineExecutionOrchestrator.execute(EngineExecutionOrchestrator.java:54) ~[junit-platform-launcher-1.9.3.jar:1.9.3]
	at org.junit.platform.launcher.core.DefaultLauncher.execute(DefaultLauncher.java:114) ~[junit-platform-launcher-1.9.3.jar:1.9.3]
	at org.junit.platform.launcher.core.DefaultLauncher.execute(DefaultLauncher.java:86) ~[junit-platform-launcher-1.9.3.jar:1.9.3]
	at org.junit.platform.launcher.core.DefaultLauncherSession$DelegatingLauncher.execute(DefaultLauncherSession.java:86) ~[junit-platform-launcher-1.9.3.jar:1.9.3]
	at org.apache.maven.surefire.junitplatform.LazyLauncher.execute(LazyLauncher.java:50) ~[surefire-junit-platform-3.0.0.jar:3.0.0]
	at org.apache.maven.surefire.junitplatform.JUnitPlatformProvider.execute(JUnitPlatformProvider.java:184) ~[surefire-junit-platform-3.0.0.jar:3.0.0]
	at org.apache.maven.surefire.junitplatform.JUnitPlatformProvider.invokeAllTests(JUnitPlatformProvider.java:148) ~[surefire-junit-platform-3.0.0.jar:3.0.0]
	at org.apache.maven.surefire.junitplatform.JUnitPlatformProvider.invoke(JUnitPlatformProvider.java:122) ~[surefire-junit-platform-3.0.0.jar:3.0.0]
	at org.apache.maven.surefire.booter.ForkedBooter.runSuitesInProcess(ForkedBooter.java:385) ~[surefire-booter-3.0.0.jar:3.0.0]
	at org.apache.maven.surefire.booter.ForkedBooter.execute(ForkedBooter.java:162) ~[surefire-booter-3.0.0.jar:3.0.0]
	at org.apache.maven.surefire.booter.ForkedBooter.run(ForkedBooter.java:507) ~[surefire-booter-3.0.0.jar:3.0.0]
	at org.apache.maven.surefire.booter.ForkedBooter.main(ForkedBooter.java:495) ~[surefire-booter-3.0.0.jar:3.0.0]

2026-10-10T16:50:09.104+08:00  WARN 45852 --- [           main] c.h.o.s.impl.VoucherOrderServiceImpl     : 秒杀失败-库存不足: userId=7, voucherId=1
2026-10-10T16:50:09.115+08:00  WARN 45852 --- [           main] c.h.o.s.impl.VoucherOrderServiceImpl     : 读取秒杀活动时间窗失败，放行: voucherId=1

java.lang.NullPointerException: Cannot invoke "org.springframework.data.redis.core.HashOperations.multiGet(Object, java.util.Collection)" because the return value of "org.springframework.data.redis.core.StringRedisTemplate.opsForHash()" is null
	at com.hmdp.order.service.impl.VoucherOrderServiceImpl.checkSeckillWindow(VoucherOrderServiceImpl.java:247) ~[classes/:na]
	at com.hmdp.order.service.impl.VoucherOrderServiceImpl.seckillVoucher(VoucherOrderServiceImpl.java:115) ~[classes/:na]
	at java.base/java.lang.invoke.MethodHandle.invokeWithArguments(MethodHandle.java:733) ~[na:na]
	at org.mockito.internal.util.reflection.InstrumentationMemberAccessor$Dispatcher$ByteBuddy$6jz5SCUS.invokeWithArguments(Unknown Source) ~[na:na]
	at org.mockito.internal.util.reflection.InstrumentationMemberAccessor.invoke(InstrumentationMemberAccessor.java:251) ~[mockito-core-5.3.1.jar:na]
	at org.mockito.internal.util.reflection.ModuleMemberAccessor.invoke(ModuleMemberAccessor.java:55) ~[mockito-core-5.3.1.jar:na]
	at org.mockito.internal.creation.bytebuddy.MockMethodAdvice.tryInvoke(MockMethodAdvice.java:314) ~[mockito-core-5.3.1.jar:na]
	at org.mockito.internal.creation.bytebuddy.MockMethodAdvice$RealMethodCall.invoke(MockMethodAdvice.java:234) ~[mockito-core-5.3.1.jar:na]
	at org.mockito.internal.invocation.InterceptedInvocation.callRealMethod(InterceptedInvocation.java:142) ~[mockito-core-5.3.1.jar:na]
	at org.mockito.internal.stubbing.answers.CallsRealMethods.answer(CallsRealMethods.java:45) ~[mockito-core-5.3.1.jar:na]
	at org.mockito.Answers.answer(Answers.java:90) ~[mockito-core-5.3.1.jar:na]
	at org.mockito.internal.handler.MockHandlerImpl.handle(MockHandlerImpl.java:111) ~[mockito-core-5.3.1.jar:na]
	at org.mockito.internal.handler.NullResultGuardian.handle(NullResultGuardian.java:29) ~[mockito-core-5.3.1.jar:na]
	at org.mockito.internal.handler.InvocationNotifierHandler.handle(InvocationNotifierHandler.java:34) ~[mockito-core-5.3.1.jar:na]
	at org.mockito.internal.creation.bytebuddy.MockMethodInterceptor.doIntercept(MockMethodInterceptor.java:82) ~[mockito-core-5.3.1.jar:na]
	at org.mockito.internal.creation.bytebuddy.MockMethodAdvice.handle(MockMethodAdvice.java:134) ~[mockito-core-5.3.1.jar:na]
	at com.hmdp.order.service.impl.VoucherOrderServiceImpl.seckillVoucher(VoucherOrderServiceImpl.java:101) ~[classes/:na]
	at com.hmdp.order.service.impl.SeckillVoucherServiceTest.成功路径先落待投递事件行再投递_且投递成功后标记已投递(SeckillVoucherServiceTest.java:358) ~[test-classes/:na]
	at java.base/jdk.internal.reflect.DirectMethodHandleAccessor.invoke(DirectMethodHandleAccessor.java:103) ~[na:na]
	at java.base/java.lang.reflect.Method.invoke(Method.java:580) ~[na:na]
	at org.junit.platform.commons.util.ReflectionUtils.invokeMethod(ReflectionUtils.java:727) ~[junit-platform-commons-1.9.3.jar:1.9.3]
	at org.junit.jupiter.engine.execution.MethodInvocation.proceed(MethodInvocation.java:60) ~[junit-jupiter-engine-5.9.3.jar:5.9.3]
	at org.junit.jupiter.engine.execution.InvocationInterceptorChain$ValidatingInvocation.proceed(InvocationInterceptorChain.java:131) ~[junit-jupiter-engine-5.9.3.jar:5.9.3]
	at org.junit.jupiter.engine.extension.TimeoutExtension.intercept(TimeoutExtension.java:156) ~[junit-jupiter-engine-5.9.3.jar:5.9.3]
	at org.junit.jupiter.engine.extension.TimeoutExtension.interceptTestableMethod(TimeoutExtension.java:147) ~[junit-jupiter-engine-5.9.3.jar:5.9.3]
	at org.junit.jupiter.engine.extension.TimeoutExtension.interceptTestMethod(TimeoutExtension.java:86) ~[junit-jupiter-engine-5.9.3.jar:5.9.3]
	at org.junit.jupiter.engine.execution.InterceptingExecutableInvoker$ReflectiveInterceptorCall.lambda$ofVoidMethod$0(InterceptingExecutableInvoker.java:103) ~[junit-jupiter-engine-5.9.3.jar:5.9.3]
	at org.junit.jupiter.engine.execution.InterceptingExecutableInvoker.lambda$invoke$0(InterceptingExecutableInvoker.java:93) ~[junit-jupiter-engine-5.9.3.jar:5.9.3]
	at org.junit.jupiter.engine.execution.InvocationInterceptorChain$InterceptedInvocation.proceed(InvocationInterceptorChain.java:106) ~[junit-jupiter-engine-5.9.3.jar:5.9.3]
	at org.junit.jupiter.engine.execution.InvocationInterceptorChain.proceed(InvocationInterceptorChain.java:64) ~[junit-jupiter-engine-5.9.3.jar:5.9.3]
	at org.junit.jupiter.engine.execution.InvocationInterceptorChain.chainAndInvoke(InvocationInterceptorChain.java:45) ~[junit-jupiter-engine-5.9.3.jar:5.9.3]
	at org.junit.jupiter.engine.execution.InvocationInterceptorChain.invoke(InvocationInterceptorChain.java:37) ~[junit-jupiter-engine-5.9.3.jar:5.9.3]
	at org.junit.jupiter.engine.execution.InterceptingExecutableInvoker.invoke(InterceptingExecutableInvoker.java:92) ~[junit-jupiter-engine-5.9.3.jar:5.9.3]
	at org.junit.jupiter.engine.execution.InterceptingExecutableInvoker.invoke(InterceptingExecutableInvoker.java:86) ~[junit-jupiter-engine-5.9.3.jar:5.9.3]
	at org.junit.jupiter.engine.descriptor.TestMethodTestDescriptor.lambda$invokeTestMethod$7(TestMethodTestDescriptor.java:217) ~[junit-jupiter-engine-5.9.3.jar:5.9.3]
	at org.junit.platform.engine.support.hierarchical.ThrowableCollector.execute(ThrowableCollector.java:73) ~[junit-platform-engine-1.9.3.jar:1.9.3]
	at org.junit.jupiter.engine.descriptor.TestMethodTestDescriptor.invokeTestMethod(TestMethodTestDescriptor.java:213) ~[junit-jupiter-engine-5.9.3.jar:5.9.3]
	at org.junit.jupiter.engine.descriptor.TestMethodTestDescriptor.execute(TestMethodTestDescriptor.java:138) ~[junit-jupiter-engine-5.9.3.jar:5.9.3]
	at org.junit.jupiter.engine.descriptor.TestMethodTestDescriptor.execute(TestMethodTestDescriptor.java:68) ~[junit-jupiter-engine-5.9.3.jar:5.9.3]
	at org.junit.platform.engine.support.hierarchical.NodeTestTask.lambda$executeRecursively$6(NodeTestTask.java:151) ~[junit-platform-engine-1.9.3.jar:1.9.3]
	at org.junit.platform.engine.support.hierarchical.ThrowableCollector.execute(ThrowableCollector.java:73) ~[junit-platform-engine-1.9.3.jar:1.9.3]
	at org.junit.platform.engine.support.hierarchical.NodeTestTask.lambda$executeRecursively$8(NodeTestTask.java:141) ~[junit-platform-engine-1.9.3.jar:1.9.3]
	at org.junit.platform.engine.support.hierarchical.Node.around(Node.java:137) ~[junit-platform-engine-1.9.3.jar:1.9.3]
	at org.junit.platform.engine.support.hierarchical.NodeTestTask.lambda$executeRecursively$9(NodeTestTask.java:139) ~[junit-platform-engine-1.9.3.jar:1.9.3]
	at org.junit.platform.engine.support.hierarchical.ThrowableCollector.execute(ThrowableCollector.java:73) ~[junit-platform-engine-1.9.3.jar:1.9.3]
	at org.junit.platform.engine.support.hierarchical.NodeTestTask.executeRecursively(NodeTestTask.java:138) ~[junit-platform-engine-1.9.3.jar:1.9.3]
	at org.junit.platform.engine.support.hierarchical.NodeTestTask.execute(NodeTestTask.java:95) ~[junit-platform-engine-1.9.3.jar:1.9.3]
	at java.base/java.util.ArrayList.forEach(ArrayList.java:1596) ~[na:na]
	at org.junit.platform.engine.support.hierarchical.SameThreadHierarchicalTestExecutorService.invokeAll(SameThreadHierarchicalTestExecutorService.java:41) ~[junit-platform-engine-1.9.3.jar:1.9.3]
	at org.junit.platform.engine.support.hierarchical.NodeTestTask.lambda$executeRecursively$6(NodeTestTask.java:155) ~[junit-platform-engine-1.9.3.jar:1.9.3]
	at org.junit.platform.engine.support.hierarchical.ThrowableCollector.execute(ThrowableCollector.java:73) ~[junit-platform-engine-1.9.3.jar:1.9.3]
	at org.junit.platform.engine.support.hierarchical.NodeTestTask.lambda$executeRecursively$8(NodeTestTask.java:141) ~[junit-platform-engine-1.9.3.jar:1.9.3]
	at org.junit.platform.engine.support.hierarchical.Node.around(Node.java:137) ~[junit-platform-engine-1.9.3.jar:1.9.3]
	at org.junit.platform.engine.support.hierarchical.NodeTestTask.lambda$executeRecursively$9(NodeTestTask.java:139) ~[junit-platform-engine-1.9.3.jar:1.9.3]
	at org.junit.platform.engine.support.hierarchical.ThrowableCollector.execute(ThrowableCollector.java:73) ~[junit-platform-engine-1.9.3.jar:1.9.3]
	at org.junit.platform.engine.support.hierarchical.NodeTestTask.executeRecursively(NodeTestTask.java:138) ~[junit-platform-engine-1.9.3.jar:1.9.3]
	at org.junit.platform.engine.support.hierarchical.NodeTestTask.execute(NodeTestTask.java:95) ~[junit-platform-engine-1.9.3.jar:1.9.3]
	at java.base/java.util.ArrayList.forEach(ArrayList.java:1596) ~[na:na]
	at org.junit.platform.engine.support.hierarchical.SameThreadHierarchicalTestExecutorService.invokeAll(SameThreadHierarchicalTestExecutorService.java:41) ~[junit-platform-engine-1.9.3.jar:1.9.3]
	at org.junit.platform.engine.support.hierarchical.NodeTestTask.lambda$executeRecursively$6(NodeTestTask.java:155) ~[junit-platform-engine-1.9.3.jar:1.9.3]
	at org.junit.platform.engine.support.hierarchical.ThrowableCollector.execute(ThrowableCollector.java:73) ~[junit-platform-engine-1.9.3.jar:1.9.3]
	at org.junit.platform.engine.support.hierarchical.NodeTestTask.lambda$executeRecursively$8(NodeTestTask.java:141) ~[junit-platform-engine-1.9.3.jar:1.9.3]
	at org.junit.platform.engine.support.hierarchical.Node.around(Node.java:137) ~[junit-platform-engine-1.9.3.jar:1.9.3]
	at org.junit.platform.engine.support.hierarchical.NodeTestTask.lambda$executeRecursively$9(NodeTestTask.java:139) ~[junit-platform-engine-1.9.3.jar:1.9.3]
	at org.junit.platform.engine.support.hierarchical.ThrowableCollector.execute(ThrowableCollector.java:73) ~[junit-platform-engine-1.9.3.jar:1.9.3]
	at org.junit.platform.engine.support.hierarchical.NodeTestTask.executeRecursively(NodeTestTask.java:138) ~[junit-platform-engine-1.9.3.jar:1.9.3]
	at org.junit.platform.engine.support.hierarchical.NodeTestTask.execute(NodeTestTask.java:95) ~[junit-platform-engine-1.9.3.jar:1.9.3]
	at org.junit.platform.engine.support.hierarchical.SameThreadHierarchicalTestExecutorService.submit(SameThreadHierarchicalTestExecutorService.java:35) ~[junit-platform-engine-1.9.3.jar:1.9.3]
	at org.junit.platform.engine.support.hierarchical.HierarchicalTestExecutor.execute(HierarchicalTestExecutor.java:57) ~[junit-platform-engine-1.9.3.jar:1.9.3]
	at org.junit.platform.engine.support.hierarchical.HierarchicalTestEngine.execute(HierarchicalTestEngine.java:54) ~[junit-platform-engine-1.9.3.jar:1.9.3]
	at org.junit.platform.launcher.core.EngineExecutionOrchestrator.execute(EngineExecutionOrchestrator.java:147) ~[junit-platform-launcher-1.9.3.jar:1.9.3]
	at org.junit.platform.launcher.core.EngineExecutionOrchestrator.execute(EngineExecutionOrchestrator.java:127) ~[junit-platform-launcher-1.9.3.jar:1.9.3]
	at org.junit.platform.launcher.core.EngineExecutionOrchestrator.execute(EngineExecutionOrchestrator.java:90) ~[junit-platform-launcher-1.9.3.jar:1.9.3]
	at org.junit.platform.launcher.core.EngineExecutionOrchestrator.lambda$execute$0(EngineExecutionOrchestrator.java:55) ~[junit-platform-launcher-1.9.3.jar:1.9.3]
	at org.junit.platform.launcher.core.EngineExecutionOrchestrator.withInterceptedStreams(EngineExecutionOrchestrator.java:102) ~[junit-platform-launcher-1.9.3.jar:1.9.3]
	at org.junit.platform.launcher.core.EngineExecutionOrchestrator.execute(EngineExecutionOrchestrator.java:54) ~[junit-platform-launcher-1.9.3.jar:1.9.3]
	at org.junit.platform.launcher.core.DefaultLauncher.execute(DefaultLauncher.java:114) ~[junit-platform-launcher-1.9.3.jar:1.9.3]
	at org.junit.platform.launcher.core.DefaultLauncher.execute(DefaultLauncher.java:86) ~[junit-platform-launcher-1.9.3.jar:1.9.3]
	at org.junit.platform.launcher.core.DefaultLauncherSession$DelegatingLauncher.execute(DefaultLauncherSession.java:86) ~[junit-platform-launcher-1.9.3.jar:1.9.3]
	at org.apache.maven.surefire.junitplatform.LazyLauncher.execute(LazyLauncher.java:50) ~[surefire-junit-platform-3.0.0.jar:3.0.0]
	at org.apache.maven.surefire.junitplatform.JUnitPlatformProvider.execute(JUnitPlatformProvider.java:184) ~[surefire-junit-platform-3.0.0.jar:3.0.0]
	at org.apache.maven.surefire.junitplatform.JUnitPlatformProvider.invokeAllTests(JUnitPlatformProvider.java:148) ~[surefire-junit-platform-3.0.0.jar:3.0.0]
	at org.apache.maven.surefire.junitplatform.JUnitPlatformProvider.invoke(JUnitPlatformProvider.java:122) ~[surefire-junit-platform-3.0.0.jar:3.0.0]
	at org.apache.maven.surefire.booter.ForkedBooter.runSuitesInProcess(ForkedBooter.java:385) ~[surefire-booter-3.0.0.jar:3.0.0]
	at org.apache.maven.surefire.booter.ForkedBooter.execute(ForkedBooter.java:162) ~[surefire-booter-3.0.0.jar:3.0.0]
	at org.apache.maven.surefire.booter.ForkedBooter.run(ForkedBooter.java:507) ~[surefire-booter-3.0.0.jar:3.0.0]
	at org.apache.maven.surefire.booter.ForkedBooter.main(ForkedBooter.java:495) ~[surefire-booter-3.0.0.jar:3.0.0]

2026-10-10T16:50:09.119+08:00  INFO 45852 --- [           main] c.h.o.s.impl.VoucherOrderServiceImpl     : 秒杀资格校验通过，订单异步处理中: orderId=9001, userId=7, voucherId=1
2026-10-10T16:50:09.143+08:00  WARN 45852 --- [           main] c.h.o.s.impl.VoucherOrderServiceImpl     : 秒杀失败-活动已结束: voucherId=1, end=1767225599000, now=1767225600000
2026-10-10T16:50:09.149+08:00  WARN 45852 --- [           main] c.h.o.s.impl.VoucherOrderServiceImpl     : 秒杀活动时间窗格式非法，放行: voucherId=1, raw=[null, null]
2026-10-10T16:50:09.149+08:00  WARN 45852 --- [           main] c.h.o.s.impl.VoucherOrderServiceImpl     : 秒杀失败-库存不足: userId=7, voucherId=1
2026-10-10T16:50:09.156+08:00 ERROR 45852 --- [           main] c.h.o.s.impl.VoucherOrderServiceImpl     : 秒杀订单消息发送失败: orderId=9001, userId=7, voucherId=1
2026-10-10T16:50:09.161+08:00  WARN 45852 --- [           main] c.h.o.s.impl.VoucherOrderServiceImpl     : 读取秒杀活动时间窗失败，放行: voucherId=1

java.lang.NullPointerException: Cannot invoke "org.springframework.data.redis.core.HashOperations.multiGet(Object, java.util.Collection)" because the return value of "org.springframework.data.redis.core.StringRedisTemplate.opsForHash()" is null
	at com.hmdp.order.service.impl.VoucherOrderServiceImpl.checkSeckillWindow(VoucherOrderServiceImpl.java:247) ~[classes/:na]
	at com.hmdp.order.service.impl.VoucherOrderServiceImpl.seckillVoucher(VoucherOrderServiceImpl.java:115) ~[classes/:na]
	at java.base/java.lang.invoke.MethodHandle.invokeWithArguments(MethodHandle.java:733) ~[na:na]
	at org.mockito.internal.util.reflection.InstrumentationMemberAccessor$Dispatcher$ByteBuddy$6jz5SCUS.invokeWithArguments(Unknown Source) ~[na:na]
	at org.mockito.internal.util.reflection.InstrumentationMemberAccessor.invoke(InstrumentationMemberAccessor.java:251) ~[mockito-core-5.3.1.jar:na]
	at org.mockito.internal.util.reflection.ModuleMemberAccessor.invoke(ModuleMemberAccessor.java:55) ~[mockito-core-5.3.1.jar:na]
	at org.mockito.internal.creation.bytebuddy.MockMethodAdvice.tryInvoke(MockMethodAdvice.java:314) ~[mockito-core-5.3.1.jar:na]
	at org.mockito.internal.creation.bytebuddy.MockMethodAdvice$RealMethodCall.invoke(MockMethodAdvice.java:234) ~[mockito-core-5.3.1.jar:na]
	at org.mockito.internal.invocation.InterceptedInvocation.callRealMethod(InterceptedInvocation.java:142) ~[mockito-core-5.3.1.jar:na]
	at org.mockito.internal.stubbing.answers.CallsRealMethods.answer(CallsRealMethods.java:45) ~[mockito-core-5.3.1.jar:na]
	at org.mockito.Answers.answer(Answers.java:90) ~[mockito-core-5.3.1.jar:na]
	at org.mockito.internal.handler.MockHandlerImpl.handle(MockHandlerImpl.java:111) ~[mockito-core-5.3.1.jar:na]
	at org.mockito.internal.handler.NullResultGuardian.handle(NullResultGuardian.java:29) ~[mockito-core-5.3.1.jar:na]
	at org.mockito.internal.handler.InvocationNotifierHandler.handle(InvocationNotifierHandler.java:34) ~[mockito-core-5.3.1.jar:na]
	at org.mockito.internal.creation.bytebuddy.MockMethodInterceptor.doIntercept(MockMethodInterceptor.java:82) ~[mockito-core-5.3.1.jar:na]
	at org.mockito.internal.creation.bytebuddy.MockMethodAdvice.handle(MockMethodAdvice.java:134) ~[mockito-core-5.3.1.jar:na]
	at com.hmdp.order.service.impl.VoucherOrderServiceImpl.seckillVoucher(VoucherOrderServiceImpl.java:101) ~[classes/:na]
	at com.hmdp.order.service.impl.SeckillVoucherServiceTest.库存key缺失与MQ发送失败必须给出可区分的文案(SeckillVoucherServiceTest.java:173) ~[test-classes/:na]
	at java.base/jdk.internal.reflect.DirectMethodHandleAccessor.invoke(DirectMethodHandleAccessor.java:103) ~[na:na]
	at java.base/java.lang.reflect.Method.invoke(Method.java:580) ~[na:na]
	at org.junit.platform.commons.util.ReflectionUtils.invokeMethod(ReflectionUtils.java:727) ~[junit-platform-commons-1.9.3.jar:1.9.3]
	at org.junit.jupiter.engine.execution.MethodInvocation.proceed(MethodInvocation.java:60) ~[junit-jupiter-engine-5.9.3.jar:5.9.3]
	at org.junit.jupiter.engine.execution.InvocationInterceptorChain$ValidatingInvocation.proceed(InvocationInterceptorChain.java:131) ~[junit-jupiter-engine-5.9.3.jar:5.9.3]
	at org.junit.jupiter.engine.extension.TimeoutExtension.intercept(TimeoutExtension.java:156) ~[junit-jupiter-engine-5.9.3.jar:5.9.3]
	at org.junit.jupiter.engine.extension.TimeoutExtension.interceptTestableMethod(TimeoutExtension.java:147) ~[junit-jupiter-engine-5.9.3.jar:5.9.3]
	at org.junit.jupiter.engine.extension.TimeoutExtension.interceptTestMethod(TimeoutExtension.java:86) ~[junit-jupiter-engine-5.9.3.jar:5.9.3]
	at org.junit.jupiter.engine.execution.InterceptingExecutableInvoker$ReflectiveInterceptorCall.lambda$ofVoidMethod$0(InterceptingExecutableInvoker.java:103) ~[junit-jupiter-engine-5.9.3.jar:5.9.3]
	at org.junit.jupiter.engine.execution.InterceptingExecutableInvoker.lambda$invoke$0(InterceptingExecutableInvoker.java:93) ~[junit-jupiter-engine-5.9.3.jar:5.9.3]
	at org.junit.jupiter.engine.execution.InvocationInterceptorChain$InterceptedInvocation.proceed(InvocationInterceptorChain.java:106) ~[junit-jupiter-engine-5.9.3.jar:5.9.3]
	at org.junit.jupiter.engine.execution.InvocationInterceptorChain.proceed(InvocationInterceptorChain.java:64) ~[junit-jupiter-engine-5.9.3.jar:5.9.3]
	at org.junit.jupiter.engine.execution.InvocationInterceptorChain.chainAndInvoke(InvocationInterceptorChain.java:45) ~[junit-jupiter-engine-5.9.3.jar:5.9.3]
	at org.junit.jupiter.engine.execution.InvocationInterceptorChain.invoke(InvocationInterceptorChain.java:37) ~[junit-jupiter-engine-5.9.3.jar:5.9.3]
	at org.junit.jupiter.engine.execution.InterceptingExecutableInvoker.invoke(InterceptingExecutableInvoker.java:92) ~[junit-jupiter-engine-5.9.3.jar:5.9.3]
	at org.junit.jupiter.engine.execution.InterceptingExecutableInvoker.invoke(InterceptingExecutableInvoker.java:86) ~[junit-jupiter-engine-5.9.3.jar:5.9.3]
	at org.junit.jupiter.engine.descriptor.TestMethodTestDescriptor.lambda$invokeTestMethod$7(TestMethodTestDescriptor.java:217) ~[junit-jupiter-engine-5.9.3.jar:5.9.3]
	at org.junit.platform.engine.support.hierarchical.ThrowableCollector.execute(ThrowableCollector.java:73) ~[junit-platform-engine-1.9.3.jar:1.9.3]
	at org.junit.jupiter.engine.descriptor.TestMethodTestDescriptor.invokeTestMethod(TestMethodTestDescriptor.java:213) ~[junit-jupiter-engine-5.9.3.jar:5.9.3]
	at org.junit.jupiter.engine.descriptor.TestMethodTestDescriptor.execute(TestMethodTestDescriptor.java:138) ~[junit-jupiter-engine-5.9.3.jar:5.9.3]
	at org.junit.jupiter.engine.descriptor.TestMethodTestDescriptor.execute(TestMethodTestDescriptor.java:68) ~[junit-jupiter-engine-5.9.3.jar:5.9.3]
	at org.junit.platform.engine.support.hierarchical.NodeTestTask.lambda$executeRecursively$6(NodeTestTask.java:151) ~[junit-platform-engine-1.9.3.jar:1.9.3]
	at org.junit.platform.engine.support.hierarchical.ThrowableCollector.execute(ThrowableCollector.java:73) ~[junit-platform-engine-1.9.3.jar:1.9.3]
	at org.junit.platform.engine.support.hierarchical.NodeTestTask.lambda$executeRecursively$8(NodeTestTask.java:141) ~[junit-platform-engine-1.9.3.jar:1.9.3]
	at org.junit.platform.engine.support.hierarchical.Node.around(Node.java:137) ~[junit-platform-engine-1.9.3.jar:1.9.3]
	at org.junit.platform.engine.support.hierarchical.NodeTestTask.lambda$executeRecursively$9(NodeTestTask.java:139) ~[junit-platform-engine-1.9.3.jar:1.9.3]
	at org.junit.platform.engine.support.hierarchical.ThrowableCollector.execute(ThrowableCollector.java:73) ~[junit-platform-engine-1.9.3.jar:1.9.3]
	at org.junit.platform.engine.support.hierarchical.NodeTestTask.executeRecursively(NodeTestTask.java:138) ~[junit-platform-engine-1.9.3.jar:1.9.3]
	at org.junit.platform.engine.support.hierarchical.NodeTestTask.execute(NodeTestTask.java:95) ~[junit-platform-engine-1.9.3.jar:1.9.3]
	at java.base/java.util.ArrayList.forEach(ArrayList.java:1596) ~[na:na]
	at org.junit.platform.engine.support.hierarchical.SameThreadHierarchicalTestExecutorService.invokeAll(SameThreadHierarchicalTestExecutorService.java:41) ~[junit-platform-engine-1.9.3.jar:1.9.3]
	at org.junit.platform.engine.support.hierarchical.NodeTestTask.lambda$executeRecursively$6(NodeTestTask.java:155) ~[junit-platform-engine-1.9.3.jar:1.9.3]
	at org.junit.platform.engine.support.hierarchical.ThrowableCollector.execute(ThrowableCollector.java:73) ~[junit-platform-engine-1.9.3.jar:1.9.3]
	at org.junit.platform.engine.support.hierarchical.NodeTestTask.lambda$executeRecursively$8(NodeTestTask.java:141) ~[junit-platform-engine-1.9.3.jar:1.9.3]
	at org.junit.platform.engine.support.hierarchical.Node.around(Node.java:137) ~[junit-platform-engine-1.9.3.jar:1.9.3]
	at org.junit.platform.engine.support.hierarchical.NodeTestTask.lambda$executeRecursively$9(NodeTestTask.java:139) ~[junit-platform-engine-1.9.3.jar:1.9.3]
	at org.junit.platform.engine.support.hierarchical.ThrowableCollector.execute(ThrowableCollector.java:73) ~[junit-platform-engine-1.9.3.jar:1.9.3]
	at org.junit.platform.engine.support.hierarchical.NodeTestTask.executeRecursively(NodeTestTask.java:138) ~[junit-platform-engine-1.9.3.jar:1.9.3]
	at org.junit.platform.engine.support.hierarchical.NodeTestTask.execute(NodeTestTask.java:95) ~[junit-platform-engine-1.9.3.jar:1.9.3]
	at java.base/java.util.ArrayList.forEach(ArrayList.java:1596) ~[na:na]
	at org.junit.platform.engine.support.hierarchical.SameThreadHierarchicalTestExecutorService.invokeAll(SameThreadHierarchicalTestExecutorService.java:41) ~[junit-platform-engine-1.9.3.jar:1.9.3]
	at org.junit.platform.engine.support.hierarchical.NodeTestTask.lambda$executeRecursively$6(NodeTestTask.java:155) ~[junit-platform-engine-1.9.3.jar:1.9.3]
	at org.junit.platform.engine.support.hierarchical.ThrowableCollector.execute(ThrowableCollector.java:73) ~[junit-platform-engine-1.9.3.jar:1.9.3]
	at org.junit.platform.engine.support.hierarchical.NodeTestTask.lambda$executeRecursively$8(NodeTestTask.java:141) ~[junit-platform-engine-1.9.3.jar:1.9.3]
	at org.junit.platform.engine.support.hierarchical.Node.around(Node.java:137) ~[junit-platform-engine-1.9.3.jar:1.9.3]
	at org.junit.platform.engine.support.hierarchical.NodeTestTask.lambda$executeRecursively$9(NodeTestTask.java:139) ~[junit-platform-engine-1.9.3.jar:1.9.3]
	at org.junit.platform.engine.support.hierarchical.ThrowableCollector.execute(ThrowableCollector.java:73) ~[junit-platform-engine-1.9.3.jar:1.9.3]
	at org.junit.platform.engine.support.hierarchical.NodeTestTask.executeRecursively(NodeTestTask.java:138) ~[junit-platform-engine-1.9.3.jar:1.9.3]
	at org.junit.platform.engine.support.hierarchical.NodeTestTask.execute(NodeTestTask.java:95) ~[junit-platform-engine-1.9.3.jar:1.9.3]
	at org.junit.platform.engine.support.hierarchical.SameThreadHierarchicalTestExecutorService.submit(SameThreadHierarchicalTestExecutorService.java:35) ~[junit-platform-engine-1.9.3.jar:1.9.3]
	at org.junit.platform.engine.support.hierarchical.HierarchicalTestExecutor.execute(HierarchicalTestExecutor.java:57) ~[junit-platform-engine-1.9.3.jar:1.9.3]
	at org.junit.platform.engine.support.hierarchical.HierarchicalTestEngine.execute(HierarchicalTestEngine.java:54) ~[junit-platform-engine-1.9.3.jar:1.9.3]
	at org.junit.platform.launcher.core.EngineExecutionOrchestrator.execute(EngineExecutionOrchestrator.java:147) ~[junit-platform-launcher-1.9.3.jar:1.9.3]
	at org.junit.platform.launcher.core.EngineExecutionOrchestrator.execute(EngineExecutionOrchestrator.java:127) ~[junit-platform-launcher-1.9.3.jar:1.9.3]
	at org.junit.platform.launcher.core.EngineExecutionOrchestrator.execute(EngineExecutionOrchestrator.java:90) ~[junit-platform-launcher-1.9.3.jar:1.9.3]
	at org.junit.platform.launcher.core.EngineExecutionOrchestrator.lambda$execute$0(EngineExecutionOrchestrator.java:55) ~[junit-platform-launcher-1.9.3.jar:1.9.3]
	at org.junit.platform.launcher.core.EngineExecutionOrchestrator.withInterceptedStreams(EngineExecutionOrchestrator.java:102) ~[junit-platform-launcher-1.9.3.jar:1.9.3]
	at org.junit.platform.launcher.core.EngineExecutionOrchestrator.execute(EngineExecutionOrchestrator.java:54) ~[junit-platform-launcher-1.9.3.jar:1.9.3]
	at org.junit.platform.launcher.core.DefaultLauncher.execute(DefaultLauncher.java:114) ~[junit-platform-launcher-1.9.3.jar:1.9.3]
	at org.junit.platform.launcher.core.DefaultLauncher.execute(DefaultLauncher.java:86) ~[junit-platform-launcher-1.9.3.jar:1.9.3]
	at org.junit.platform.launcher.core.DefaultLauncherSession$DelegatingLauncher.execute(DefaultLauncherSession.java:86) ~[junit-platform-launcher-1.9.3.jar:1.9.3]
	at org.apache.maven.surefire.junitplatform.LazyLauncher.execute(LazyLauncher.java:50) ~[surefire-junit-platform-3.0.0.jar:3.0.0]
	at org.apache.maven.surefire.junitplatform.JUnitPlatformProvider.execute(JUnitPlatformProvider.java:184) ~[surefire-junit-platform-3.0.0.jar:3.0.0]
	at org.apache.maven.surefire.junitplatform.JUnitPlatformProvider.invokeAllTests(JUnitPlatformProvider.java:148) ~[surefire-junit-platform-3.0.0.jar:3.0.0]
	at org.apache.maven.surefire.junitplatform.JUnitPlatformProvider.invoke(JUnitPlatformProvider.java:122) ~[surefire-junit-platform-3.0.0.jar:3.0.0]
	at org.apache.maven.surefire.booter.ForkedBooter.runSuitesInProcess(ForkedBooter.java:385) ~[surefire-booter-3.0.0.jar:3.0.0]
	at org.apache.maven.surefire.booter.ForkedBooter.execute(ForkedBooter.java:162) ~[surefire-booter-3.0.0.jar:3.0.0]
	at org.apache.maven.surefire.booter.ForkedBooter.run(ForkedBooter.java:507) ~[surefire-booter-3.0.0.jar:3.0.0]
	at org.apache.maven.surefire.booter.ForkedBooter.main(ForkedBooter.java:495) ~[surefire-booter-3.0.0.jar:3.0.0]

2026-10-10T16:50:09.164+08:00 ERROR 45852 --- [           main] c.h.o.s.impl.VoucherOrderServiceImpl     : 秒杀失败-Redis库存key缺失，需预热: voucherId=1
2026-10-10T16:50:09.166+08:00 ERROR 45852 --- [           main] c.h.o.s.impl.VoucherOrderServiceImpl     : 秒杀订单消息发送失败: orderId=9001, userId=7, voucherId=1
2026-10-10T16:50:09.176+08:00  WARN 45852 --- [           main] c.h.o.s.impl.VoucherOrderServiceImpl     : 秒杀失败-活动未开始: voucherId=1, begin=1767225660000, now=1767225600000
2026-10-10T16:50:09.183+08:00  WARN 45852 --- [           main] c.h.o.s.impl.VoucherOrderServiceImpl     : 秒杀失败-活动未开始: voucherId=1, begin=1767225600001, now=1767225600000
2026-10-10T16:50:09.188+08:00 ERROR 45852 --- [           main] c.h.o.s.impl.VoucherOrderServiceImpl     : 秒杀订单消息发送失败: orderId=9001, userId=7, voucherId=1
2026-10-10T16:50:09.195+08:00 ERROR 45852 --- [           main] c.h.o.s.impl.VoucherOrderServiceImpl     : 秒杀事件行落库失败，已回滚Redis预扣: orderId=9001, userId=7, voucherId=1

java.lang.RuntimeException: DB 不可用
	at com.hmdp.order.service.impl.VoucherOrderServiceImpl.seckillVoucher(VoucherOrderServiceImpl.java:171) ~[classes/:na]
	at com.hmdp.order.service.impl.VoucherOrderServiceImpl.seckillVoucher(VoucherOrderServiceImpl.java:101) ~[classes/:na]
	at com.hmdp.order.service.impl.SeckillVoucherServiceTest.事件行落库失败时回滚预扣且返回失败_不投递(SeckillVoucherServiceTest.java:389) ~[test-classes/:na]
	at java.base/jdk.internal.reflect.DirectMethodHandleAccessor.invoke(DirectMethodHandleAccessor.java:103) ~[na:na]
	at java.base/java.lang.reflect.Method.invoke(Method.java:580) ~[na:na]
	at org.junit.platform.commons.util.ReflectionUtils.invokeMethod(ReflectionUtils.java:727) ~[junit-platform-commons-1.9.3.jar:1.9.3]
	at org.junit.jupiter.engine.execution.MethodInvocation.proceed(MethodInvocation.java:60) ~[junit-jupiter-engine-5.9.3.jar:5.9.3]
	at org.junit.jupiter.engine.execution.InvocationInterceptorChain$ValidatingInvocation.proceed(InvocationInterceptorChain.java:131) ~[junit-jupiter-engine-5.9.3.jar:5.9.3]
	at org.junit.jupiter.engine.extension.TimeoutExtension.intercept(TimeoutExtension.java:156) ~[junit-jupiter-engine-5.9.3.jar:5.9.3]
	at org.junit.jupiter.engine.extension.TimeoutExtension.interceptTestableMethod(TimeoutExtension.java:147) ~[junit-jupiter-engine-5.9.3.jar:5.9.3]
	at org.junit.jupiter.engine.extension.TimeoutExtension.interceptTestMethod(TimeoutExtension.java:86) ~[junit-jupiter-engine-5.9.3.jar:5.9.3]
	at org.junit.jupiter.engine.execution.InterceptingExecutableInvoker$ReflectiveInterceptorCall.lambda$ofVoidMethod$0(InterceptingExecutableInvoker.java:103) ~[junit-jupiter-engine-5.9.3.jar:5.9.3]
	at org.junit.jupiter.engine.execution.InterceptingExecutableInvoker.lambda$invoke$0(InterceptingExecutableInvoker.java:93) ~[junit-jupiter-engine-5.9.3.jar:5.9.3]
	at org.junit.jupiter.engine.execution.InvocationInterceptorChain$InterceptedInvocation.proceed(InvocationInterceptorChain.java:106) ~[junit-jupiter-engine-5.9.3.jar:5.9.3]
	at org.junit.jupiter.engine.execution.InvocationInterceptorChain.proceed(InvocationInterceptorChain.java:64) ~[junit-jupiter-engine-5.9.3.jar:5.9.3]
	at org.junit.jupiter.engine.execution.InvocationInterceptorChain.chainAndInvoke(InvocationInterceptorChain.java:45) ~[junit-jupiter-engine-5.9.3.jar:5.9.3]
	at org.junit.jupiter.engine.execution.InvocationInterceptorChain.invoke(InvocationInterceptorChain.java:37) ~[junit-jupiter-engine-5.9.3.jar:5.9.3]
	at org.junit.jupiter.engine.execution.InterceptingExecutableInvoker.invoke(InterceptingExecutableInvoker.java:92) ~[junit-jupiter-engine-5.9.3.jar:5.9.3]
	at org.junit.jupiter.engine.execution.InterceptingExecutableInvoker.invoke(InterceptingExecutableInvoker.java:86) ~[junit-jupiter-engine-5.9.3.jar:5.9.3]
	at org.junit.jupiter.engine.descriptor.TestMethodTestDescriptor.lambda$invokeTestMethod$7(TestMethodTestDescriptor.java:217) ~[junit-jupiter-engine-5.9.3.jar:5.9.3]
	at org.junit.platform.engine.support.hierarchical.ThrowableCollector.execute(ThrowableCollector.java:73) ~[junit-platform-engine-1.9.3.jar:1.9.3]
	at org.junit.jupiter.engine.descriptor.TestMethodTestDescriptor.invokeTestMethod(TestMethodTestDescriptor.java:213) ~[junit-jupiter-engine-5.9.3.jar:5.9.3]
	at org.junit.jupiter.engine.descriptor.TestMethodTestDescriptor.execute(TestMethodTestDescriptor.java:138) ~[junit-jupiter-engine-5.9.3.jar:5.9.3]
	at org.junit.jupiter.engine.descriptor.TestMethodTestDescriptor.execute(TestMethodTestDescriptor.java:68) ~[junit-jupiter-engine-5.9.3.jar:5.9.3]
	at org.junit.platform.engine.support.hierarchical.NodeTestTask.lambda$executeRecursively$6(NodeTestTask.java:151) ~[junit-platform-engine-1.9.3.jar:1.9.3]
	at org.junit.platform.engine.support.hierarchical.ThrowableCollector.execute(ThrowableCollector.java:73) ~[junit-platform-engine-1.9.3.jar:1.9.3]
	at org.junit.platform.engine.support.hierarchical.NodeTestTask.lambda$executeRecursively$8(NodeTestTask.java:141) ~[junit-platform-engine-1.9.3.jar:1.9.3]
	at org.junit.platform.engine.support.hierarchical.Node.around(Node.java:137) ~[junit-platform-engine-1.9.3.jar:1.9.3]
	at org.junit.platform.engine.support.hierarchical.NodeTestTask.lambda$executeRecursively$9(NodeTestTask.java:139) ~[junit-platform-engine-1.9.3.jar:1.9.3]
	at org.junit.platform.engine.support.hierarchical.ThrowableCollector.execute(ThrowableCollector.java:73) ~[junit-platform-engine-1.9.3.jar:1.9.3]
	at org.junit.platform.engine.support.hierarchical.NodeTestTask.executeRecursively(NodeTestTask.java:138) ~[junit-platform-engine-1.9.3.jar:1.9.3]
	at org.junit.platform.engine.support.hierarchical.NodeTestTask.execute(NodeTestTask.java:95) ~[junit-platform-engine-1.9.3.jar:1.9.3]
	at java.base/java.util.ArrayList.forEach(ArrayList.java:1596) ~[na:na]
	at org.junit.platform.engine.support.hierarchical.SameThreadHierarchicalTestExecutorService.invokeAll(SameThreadHierarchicalTestExecutorService.java:41) ~[junit-platform-engine-1.9.3.jar:1.9.3]
	at org.junit.platform.engine.support.hierarchical.NodeTestTask.lambda$executeRecursively$6(NodeTestTask.java:155) ~[junit-platform-engine-1.9.3.jar:1.9.3]
	at org.junit.platform.engine.support.hierarchical.ThrowableCollector.execute(ThrowableCollector.java:73) ~[junit-platform-engine-1.9.3.jar:1.9.3]
	at org.junit.platform.engine.support.hierarchical.NodeTestTask.lambda$executeRecursively$8(NodeTestTask.java:141) ~[junit-platform-engine-1.9.3.jar:1.9.3]
	at org.junit.platform.engine.support.hierarchical.Node.around(Node.java:137) ~[junit-platform-engine-1.9.3.jar:1.9.3]
	at org.junit.platform.engine.support.hierarchical.NodeTestTask.lambda$executeRecursively$9(NodeTestTask.java:139) ~[junit-platform-engine-1.9.3.jar:1.9.3]
	at org.junit.platform.engine.support.hierarchical.ThrowableCollector.execute(ThrowableCollector.java:73) ~[junit-platform-engine-1.9.3.jar:1.9.3]
	at org.junit.platform.engine.support.hierarchical.NodeTestTask.executeRecursively(NodeTestTask.java:138) ~[junit-platform-engine-1.9.3.jar:1.9.3]
	at org.junit.platform.engine.support.hierarchical.NodeTestTask.execute(NodeTestTask.java:95) ~[junit-platform-engine-1.9.3.jar:1.9.3]
	at java.base/java.util.ArrayList.forEach(ArrayList.java:1596) ~[na:na]
	at org.junit.platform.engine.support.hierarchical.SameThreadHierarchicalTestExecutorService.invokeAll(SameThreadHierarchicalTestExecutorService.java:41) ~[junit-platform-engine-1.9.3.jar:1.9.3]
	at org.junit.platform.engine.support.hierarchical.NodeTestTask.lambda$executeRecursively$6(NodeTestTask.java:155) ~[junit-platform-engine-1.9.3.jar:1.9.3]
	at org.junit.platform.engine.support.hierarchical.ThrowableCollector.execute(ThrowableCollector.java:73) ~[junit-platform-engine-1.9.3.jar:1.9.3]
	at org.junit.platform.engine.support.hierarchical.NodeTestTask.lambda$executeRecursively$8(NodeTestTask.java:141) ~[junit-platform-engine-1.9.3.jar:1.9.3]
	at org.junit.platform.engine.support.hierarchical.Node.around(Node.java:137) ~[junit-platform-engine-1.9.3.jar:1.9.3]
	at org.junit.platform.engine.support.hierarchical.NodeTestTask.lambda$executeRecursively$9(NodeTestTask.java:139) ~[junit-platform-engine-1.9.3.jar:1.9.3]
	at org.junit.platform.engine.support.hierarchical.ThrowableCollector.execute(ThrowableCollector.java:73) ~[junit-platform-engine-1.9.3.jar:1.9.3]
	at org.junit.platform.engine.support.hierarchical.NodeTestTask.executeRecursively(NodeTestTask.java:138) ~[junit-platform-engine-1.9.3.jar:1.9.3]
	at org.junit.platform.engine.support.hierarchical.NodeTestTask.execute(NodeTestTask.java:95) ~[junit-platform-engine-1.9.3.jar:1.9.3]
	at org.junit.platform.engine.support.hierarchical.SameThreadHierarchicalTestExecutorService.submit(SameThreadHierarchicalTestExecutorService.java:35) ~[junit-platform-engine-1.9.3.jar:1.9.3]
	at org.junit.platform.engine.support.hierarchical.HierarchicalTestExecutor.execute(HierarchicalTestExecutor.java:57) ~[junit-platform-engine-1.9.3.jar:1.9.3]
	at org.junit.platform.engine.support.hierarchical.HierarchicalTestEngine.execute(HierarchicalTestEngine.java:54) ~[junit-platform-engine-1.9.3.jar:1.9.3]
	at org.junit.platform.launcher.core.EngineExecutionOrchestrator.execute(EngineExecutionOrchestrator.java:147) ~[junit-platform-launcher-1.9.3.jar:1.9.3]
	at org.junit.platform.launcher.core.EngineExecutionOrchestrator.execute(EngineExecutionOrchestrator.java:127) ~[junit-platform-launcher-1.9.3.jar:1.9.3]
	at org.junit.platform.launcher.core.EngineExecutionOrchestrator.execute(EngineExecutionOrchestrator.java:90) ~[junit-platform-launcher-1.9.3.jar:1.9.3]
	at org.junit.platform.launcher.core.EngineExecutionOrchestrator.lambda$execute$0(EngineExecutionOrchestrator.java:55) ~[junit-platform-launcher-1.9.3.jar:1.9.3]
	at org.junit.platform.launcher.core.EngineExecutionOrchestrator.withInterceptedStreams(EngineExecutionOrchestrator.java:102) ~[junit-platform-launcher-1.9.3.jar:1.9.3]
	at org.junit.platform.launcher.core.EngineExecutionOrchestrator.execute(EngineExecutionOrchestrator.java:54) ~[junit-platform-launcher-1.9.3.jar:1.9.3]
	at org.junit.platform.launcher.core.DefaultLauncher.execute(DefaultLauncher.java:114) ~[junit-platform-launcher-1.9.3.jar:1.9.3]
	at org.junit.platform.launcher.core.DefaultLauncher.execute(DefaultLauncher.java:86) ~[junit-platform-launcher-1.9.3.jar:1.9.3]
	at org.junit.platform.launcher.core.DefaultLauncherSession$DelegatingLauncher.execute(DefaultLauncherSession.java:86) ~[junit-platform-launcher-1.9.3.jar:1.9.3]
	at org.apache.maven.surefire.junitplatform.LazyLauncher.execute(LazyLauncher.java:50) ~[surefire-junit-platform-3.0.0.jar:3.0.0]
	at org.apache.maven.surefire.junitplatform.JUnitPlatformProvider.execute(JUnitPlatformProvider.java:184) ~[surefire-junit-platform-3.0.0.jar:3.0.0]
	at org.apache.maven.surefire.junitplatform.JUnitPlatformProvider.invokeAllTests(JUnitPlatformProvider.java:148) ~[surefire-junit-platform-3.0.0.jar:3.0.0]
	at org.apache.maven.surefire.junitplatform.JUnitPlatformProvider.invoke(JUnitPlatformProvider.java:122) ~[surefire-junit-platform-3.0.0.jar:3.0.0]
	at org.apache.maven.surefire.booter.ForkedBooter.runSuitesInProcess(ForkedBooter.java:385) ~[surefire-booter-3.0.0.jar:3.0.0]
	at org.apache.maven.surefire.booter.ForkedBooter.execute(ForkedBooter.java:162) ~[surefire-booter-3.0.0.jar:3.0.0]
	at org.apache.maven.surefire.booter.ForkedBooter.run(ForkedBooter.java:507) ~[surefire-booter-3.0.0.jar:3.0.0]
	at org.apache.maven.surefire.booter.ForkedBooter.main(ForkedBooter.java:495) ~[surefire-booter-3.0.0.jar:3.0.0]

2026-10-10T16:50:09.203+08:00  WARN 45852 --- [           main] c.h.o.s.impl.VoucherOrderServiceImpl     : 秒杀失败-库存不足: userId=7, voucherId=1
2026-10-10T16:50:09.208+08:00  WARN 45852 --- [           main] c.h.o.s.impl.VoucherOrderServiceImpl     : 读取秒杀活动时间窗失败，放行: voucherId=1

java.lang.NullPointerException: Cannot invoke "org.springframework.data.redis.core.HashOperations.multiGet(Object, java.util.Collection)" because the return value of "org.springframework.data.redis.core.StringRedisTemplate.opsForHash()" is null
	at com.hmdp.order.service.impl.VoucherOrderServiceImpl.checkSeckillWindow(VoucherOrderServiceImpl.java:247) ~[classes/:na]
	at com.hmdp.order.service.impl.VoucherOrderServiceImpl.seckillVoucher(VoucherOrderServiceImpl.java:115) ~[classes/:na]
	at java.base/java.lang.invoke.MethodHandle.invokeWithArguments(MethodHandle.java:733) ~[na:na]
	at org.mockito.internal.util.reflection.InstrumentationMemberAccessor$Dispatcher$ByteBuddy$6jz5SCUS.invokeWithArguments(Unknown Source) ~[na:na]
	at org.mockito.internal.util.reflection.InstrumentationMemberAccessor.invoke(InstrumentationMemberAccessor.java:251) ~[mockito-core-5.3.1.jar:na]
	at org.mockito.internal.util.reflection.ModuleMemberAccessor.invoke(ModuleMemberAccessor.java:55) ~[mockito-core-5.3.1.jar:na]
	at org.mockito.internal.creation.bytebuddy.MockMethodAdvice.tryInvoke(MockMethodAdvice.java:314) ~[mockito-core-5.3.1.jar:na]
	at org.mockito.internal.creation.bytebuddy.MockMethodAdvice$RealMethodCall.invoke(MockMethodAdvice.java:234) ~[mockito-core-5.3.1.jar:na]
	at org.mockito.internal.invocation.InterceptedInvocation.callRealMethod(InterceptedInvocation.java:142) ~[mockito-core-5.3.1.jar:na]
	at org.mockito.internal.stubbing.answers.CallsRealMethods.answer(CallsRealMethods.java:45) ~[mockito-core-5.3.1.jar:na]
	at org.mockito.Answers.answer(Answers.java:90) ~[mockito-core-5.3.1.jar:na]
	at org.mockito.internal.handler.MockHandlerImpl.handle(MockHandlerImpl.java:111) ~[mockito-core-5.3.1.jar:na]
	at org.mockito.internal.handler.NullResultGuardian.handle(NullResultGuardian.java:29) ~[mockito-core-5.3.1.jar:na]
	at org.mockito.internal.handler.InvocationNotifierHandler.handle(InvocationNotifierHandler.java:34) ~[mockito-core-5.3.1.jar:na]
	at org.mockito.internal.creation.bytebuddy.MockMethodInterceptor.doIntercept(MockMethodInterceptor.java:82) ~[mockito-core-5.3.1.jar:na]
	at org.mockito.internal.creation.bytebuddy.MockMethodAdvice.handle(MockMethodAdvice.java:134) ~[mockito-core-5.3.1.jar:na]
	at com.hmdp.order.service.impl.VoucherOrderServiceImpl.seckillVoucher(VoucherOrderServiceImpl.java:101) ~[classes/:na]
	at com.hmdp.order.service.impl.SeckillVoucherServiceTest.脚本返回null_按key缺失处理不抛NPE(SeckillVoucherServiceTest.java:121) ~[test-classes/:na]
	at java.base/jdk.internal.reflect.DirectMethodHandleAccessor.invoke(DirectMethodHandleAccessor.java:103) ~[na:na]
	at java.base/java.lang.reflect.Method.invoke(Method.java:580) ~[na:na]
	at org.junit.platform.commons.util.ReflectionUtils.invokeMethod(ReflectionUtils.java:727) ~[junit-platform-commons-1.9.3.jar:1.9.3]
	at org.junit.jupiter.engine.execution.MethodInvocation.proceed(MethodInvocation.java:60) ~[junit-jupiter-engine-5.9.3.jar:5.9.3]
	at org.junit.jupiter.engine.execution.InvocationInterceptorChain$ValidatingInvocation.proceed(InvocationInterceptorChain.java:131) ~[junit-jupiter-engine-5.9.3.jar:5.9.3]
	at org.junit.jupiter.engine.extension.TimeoutExtension.intercept(TimeoutExtension.java:156) ~[junit-jupiter-engine-5.9.3.jar:5.9.3]
	at org.junit.jupiter.engine.extension.TimeoutExtension.interceptTestableMethod(TimeoutExtension.java:147) ~[junit-jupiter-engine-5.9.3.jar:5.9.3]
	at org.junit.jupiter.engine.extension.TimeoutExtension.interceptTestMethod(TimeoutExtension.java:86) ~[junit-jupiter-engine-5.9.3.jar:5.9.3]
	at org.junit.jupiter.engine.execution.InterceptingExecutableInvoker$ReflectiveInterceptorCall.lambda$ofVoidMethod$0(InterceptingExecutableInvoker.java:103) ~[junit-jupiter-engine-5.9.3.jar:5.9.3]
	at org.junit.jupiter.engine.execution.InterceptingExecutableInvoker.lambda$invoke$0(InterceptingExecutableInvoker.java:93) ~[junit-jupiter-engine-5.9.3.jar:5.9.3]
	at org.junit.jupiter.engine.execution.InvocationInterceptorChain$InterceptedInvocation.proceed(InvocationInterceptorChain.java:106) ~[junit-jupiter-engine-5.9.3.jar:5.9.3]
	at org.junit.jupiter.engine.execution.InvocationInterceptorChain.proceed(InvocationInterceptorChain.java:64) ~[junit-jupiter-engine-5.9.3.jar:5.9.3]
	at org.junit.jupiter.engine.execution.InvocationInterceptorChain.chainAndInvoke(InvocationInterceptorChain.java:45) ~[junit-jupiter-engine-5.9.3.jar:5.9.3]
	at org.junit.jupiter.engine.execution.InvocationInterceptorChain.invoke(InvocationInterceptorChain.java:37) ~[junit-jupiter-engine-5.9.3.jar:5.9.3]
	at org.junit.jupiter.engine.execution.InterceptingExecutableInvoker.invoke(InterceptingExecutableInvoker.java:92) ~[junit-jupiter-engine-5.9.3.jar:5.9.3]
	at org.junit.jupiter.engine.execution.InterceptingExecutableInvoker.invoke(InterceptingExecutableInvoker.java:86) ~[junit-jupiter-engine-5.9.3.jar:5.9.3]
	at org.junit.jupiter.engine.descriptor.TestMethodTestDescriptor.lambda$invokeTestMethod$7(TestMethodTestDescriptor.java:217) ~[junit-jupiter-engine-5.9.3.jar:5.9.3]
	at org.junit.platform.engine.support.hierarchical.ThrowableCollector.execute(ThrowableCollector.java:73) ~[junit-platform-engine-1.9.3.jar:1.9.3]
	at org.junit.jupiter.engine.descriptor.TestMethodTestDescriptor.invokeTestMethod(TestMethodTestDescriptor.java:213) ~[junit-jupiter-engine-5.9.3.jar:5.9.3]
	at org.junit.jupiter.engine.descriptor.TestMethodTestDescriptor.execute(TestMethodTestDescriptor.java:138) ~[junit-jupiter-engine-5.9.3.jar:5.9.3]
	at org.junit.jupiter.engine.descriptor.TestMethodTestDescriptor.execute(TestMethodTestDescriptor.java:68) ~[junit-jupiter-engine-5.9.3.jar:5.9.3]
	at org.junit.platform.engine.support.hierarchical.NodeTestTask.lambda$executeRecursively$6(NodeTestTask.java:151) ~[junit-platform-engine-1.9.3.jar:1.9.3]
	at org.junit.platform.engine.support.hierarchical.ThrowableCollector.execute(ThrowableCollector.java:73) ~[junit-platform-engine-1.9.3.jar:1.9.3]
	at org.junit.platform.engine.support.hierarchical.NodeTestTask.lambda$executeRecursively$8(NodeTestTask.java:141) ~[junit-platform-engine-1.9.3.jar:1.9.3]
	at org.junit.platform.engine.support.hierarchical.Node.around(Node.java:137) ~[junit-platform-engine-1.9.3.jar:1.9.3]
	at org.junit.platform.engine.support.hierarchical.NodeTestTask.lambda$executeRecursively$9(NodeTestTask.java:139) ~[junit-platform-engine-1.9.3.jar:1.9.3]
	at org.junit.platform.engine.support.hierarchical.ThrowableCollector.execute(ThrowableCollector.java:73) ~[junit-platform-engine-1.9.3.jar:1.9.3]
	at org.junit.platform.engine.support.hierarchical.NodeTestTask.executeRecursively(NodeTestTask.java:138) ~[junit-platform-engine-1.9.3.jar:1.9.3]
	at org.junit.platform.engine.support.hierarchical.NodeTestTask.execute(NodeTestTask.java:95) ~[junit-platform-engine-1.9.3.jar:1.9.3]
	at java.base/java.util.ArrayList.forEach(ArrayList.java:1596) ~[na:na]
	at org.junit.platform.engine.support.hierarchical.SameThreadHierarchicalTestExecutorService.invokeAll(SameThreadHierarchicalTestExecutorService.java:41) ~[junit-platform-engine-1.9.3.jar:1.9.3]
	at org.junit.platform.engine.support.hierarchical.NodeTestTask.lambda$executeRecursively$6(NodeTestTask.java:155) ~[junit-platform-engine-1.9.3.jar:1.9.3]
	at org.junit.platform.engine.support.hierarchical.ThrowableCollector.execute(ThrowableCollector.java:73) ~[junit-platform-engine-1.9.3.jar:1.9.3]
	at org.junit.platform.engine.support.hierarchical.NodeTestTask.lambda$executeRecursively$8(NodeTestTask.java:141) ~[junit-platform-engine-1.9.3.jar:1.9.3]
	at org.junit.platform.engine.support.hierarchical.Node.around(Node.java:137) ~[junit-platform-engine-1.9.3.jar:1.9.3]
	at org.junit.platform.engine.support.hierarchical.NodeTestTask.lambda$executeRecursively$9(NodeTestTask.java:139) ~[junit-platform-engine-1.9.3.jar:1.9.3]
	at org.junit.platform.engine.support.hierarchical.ThrowableCollector.execute(ThrowableCollector.java:73) ~[junit-platform-engine-1.9.3.jar:1.9.3]
	at org.junit.platform.engine.support.hierarchical.NodeTestTask.executeRecursively(NodeTestTask.java:138) ~[junit-platform-engine-1.9.3.jar:1.9.3]
	at org.junit.platform.engine.support.hierarchical.NodeTestTask.execute(NodeTestTask.java:95) ~[junit-platform-engine-1.9.3.jar:1.9.3]
	at java.base/java.util.ArrayList.forEach(ArrayList.java:1596) ~[na:na]
	at org.junit.platform.engine.support.hierarchical.SameThreadHierarchicalTestExecutorService.invokeAll(SameThreadHierarchicalTestExecutorService.java:41) ~[junit-platform-engine-1.9.3.jar:1.9.3]
	at org.junit.platform.engine.support.hierarchical.NodeTestTask.lambda$executeRecursively$6(NodeTestTask.java:155) ~[junit-platform-engine-1.9.3.jar:1.9.3]
	at org.junit.platform.engine.support.hierarchical.ThrowableCollector.execute(ThrowableCollector.java:73) ~[junit-platform-engine-1.9.3.jar:1.9.3]
	at org.junit.platform.engine.support.hierarchical.NodeTestTask.lambda$executeRecursively$8(NodeTestTask.java:141) ~[junit-platform-engine-1.9.3.jar:1.9.3]
	at org.junit.platform.engine.support.hierarchical.Node.around(Node.java:137) ~[junit-platform-engine-1.9.3.jar:1.9.3]
	at org.junit.platform.engine.support.hierarchical.NodeTestTask.lambda$executeRecursively$9(NodeTestTask.java:139) ~[junit-platform-engine-1.9.3.jar:1.9.3]
	at org.junit.platform.engine.support.hierarchical.ThrowableCollector.execute(ThrowableCollector.java:73) ~[junit-platform-engine-1.9.3.jar:1.9.3]
	at org.junit.platform.engine.support.hierarchical.NodeTestTask.executeRecursively(NodeTestTask.java:138) ~[junit-platform-engine-1.9.3.jar:1.9.3]
	at org.junit.platform.engine.support.hierarchical.NodeTestTask.execute(NodeTestTask.java:95) ~[junit-platform-engine-1.9.3.jar:1.9.3]
	at org.junit.platform.engine.support.hierarchical.SameThreadHierarchicalTestExecutorService.submit(SameThreadHierarchicalTestExecutorService.java:35) ~[junit-platform-engine-1.9.3.jar:1.9.3]
	at org.junit.platform.engine.support.hierarchical.HierarchicalTestExecutor.execute(HierarchicalTestExecutor.java:57) ~[junit-platform-engine-1.9.3.jar:1.9.3]
	at org.junit.platform.engine.support.hierarchical.HierarchicalTestEngine.execute(HierarchicalTestEngine.java:54) ~[junit-platform-engine-1.9.3.jar:1.9.3]
	at org.junit.platform.launcher.core.EngineExecutionOrchestrator.execute(EngineExecutionOrchestrator.java:147) ~[junit-platform-launcher-1.9.3.jar:1.9.3]
	at org.junit.platform.launcher.core.EngineExecutionOrchestrator.execute(EngineExecutionOrchestrator.java:127) ~[junit-platform-launcher-1.9.3.jar:1.9.3]
	at org.junit.platform.launcher.core.EngineExecutionOrchestrator.execute(EngineExecutionOrchestrator.java:90) ~[junit-platform-launcher-1.9.3.jar:1.9.3]
	at org.junit.platform.launcher.core.EngineExecutionOrchestrator.lambda$execute$0(EngineExecutionOrchestrator.java:55) ~[junit-platform-launcher-1.9.3.jar:1.9.3]
	at org.junit.platform.launcher.core.EngineExecutionOrchestrator.withInterceptedStreams(EngineExecutionOrchestrator.java:102) ~[junit-platform-launcher-1.9.3.jar:1.9.3]
	at org.junit.platform.launcher.core.EngineExecutionOrchestrator.execute(EngineExecutionOrchestrator.java:54) ~[junit-platform-launcher-1.9.3.jar:1.9.3]
	at org.junit.platform.launcher.core.DefaultLauncher.execute(DefaultLauncher.java:114) ~[junit-platform-launcher-1.9.3.jar:1.9.3]
	at org.junit.platform.launcher.core.DefaultLauncher.execute(DefaultLauncher.java:86) ~[junit-platform-launcher-1.9.3.jar:1.9.3]
	at org.junit.platform.launcher.core.DefaultLauncherSession$DelegatingLauncher.execute(DefaultLauncherSession.java:86) ~[junit-platform-launcher-1.9.3.jar:1.9.3]
	at org.apache.maven.surefire.junitplatform.LazyLauncher.execute(LazyLauncher.java:50) ~[surefire-junit-platform-3.0.0.jar:3.0.0]
	at org.apache.maven.surefire.junitplatform.JUnitPlatformProvider.execute(JUnitPlatformProvider.java:184) ~[surefire-junit-platform-3.0.0.jar:3.0.0]
	at org.apache.maven.surefire.junitplatform.JUnitPlatformProvider.invokeAllTests(JUnitPlatformProvider.java:148) ~[surefire-junit-platform-3.0.0.jar:3.0.0]
	at org.apache.maven.surefire.junitplatform.JUnitPlatformProvider.invoke(JUnitPlatformProvider.java:122) ~[surefire-junit-platform-3.0.0.jar:3.0.0]
	at org.apache.maven.surefire.booter.ForkedBooter.runSuitesInProcess(ForkedBooter.java:385) ~[surefire-booter-3.0.0.jar:3.0.0]
	at org.apache.maven.surefire.booter.ForkedBooter.execute(ForkedBooter.java:162) ~[surefire-booter-3.0.0.jar:3.0.0]
	at org.apache.maven.surefire.booter.ForkedBooter.run(ForkedBooter.java:507) ~[surefire-booter-3.0.0.jar:3.0.0]
	at org.apache.maven.surefire.booter.ForkedBooter.main(ForkedBooter.java:495) ~[surefire-booter-3.0.0.jar:3.0.0]

2026-10-10T16:50:09.212+08:00 ERROR 45852 --- [           main] c.h.o.s.impl.VoucherOrderServiceImpl     : 秒杀失败-Redis库存key缺失，需预热: voucherId=1
2026-10-10T16:50:09.218+08:00 ERROR 45852 --- [           main] c.h.o.s.impl.VoucherOrderServiceImpl     : 秒杀事件行删除失败: orderId=9001

java.lang.RuntimeException: DB 不可用
	at com.hmdp.order.service.impl.VoucherOrderServiceImpl.deleteOutboxRow(VoucherOrderServiceImpl.java:346) ~[classes/:na]
	at com.hmdp.order.service.impl.VoucherOrderServiceImpl.seckillVoucher(VoucherOrderServiceImpl.java:190) ~[classes/:na]
	at com.hmdp.order.service.impl.VoucherOrderServiceImpl.seckillVoucher(VoucherOrderServiceImpl.java:101) ~[classes/:na]
	at com.hmdp.order.service.impl.SeckillVoucherServiceTest.事件行删除失败时保留预扣不回滚(SeckillVoucherServiceTest.java:429) ~[test-classes/:na]
	at java.base/jdk.internal.reflect.DirectMethodHandleAccessor.invoke(DirectMethodHandleAccessor.java:103) ~[na:na]
	at java.base/java.lang.reflect.Method.invoke(Method.java:580) ~[na:na]
	at org.junit.platform.commons.util.ReflectionUtils.invokeMethod(ReflectionUtils.java:727) ~[junit-platform-commons-1.9.3.jar:1.9.3]
	at org.junit.jupiter.engine.execution.MethodInvocation.proceed(MethodInvocation.java:60) ~[junit-jupiter-engine-5.9.3.jar:5.9.3]
	at org.junit.jupiter.engine.execution.InvocationInterceptorChain$ValidatingInvocation.proceed(InvocationInterceptorChain.java:131) ~[junit-jupiter-engine-5.9.3.jar:5.9.3]
	at org.junit.jupiter.engine.extension.TimeoutExtension.intercept(TimeoutExtension.java:156) ~[junit-jupiter-engine-5.9.3.jar:5.9.3]
	at org.junit.jupiter.engine.extension.TimeoutExtension.interceptTestableMethod(TimeoutExtension.java:147) ~[junit-jupiter-engine-5.9.3.jar:5.9.3]
	at org.junit.jupiter.engine.extension.TimeoutExtension.interceptTestMethod(TimeoutExtension.java:86) ~[junit-jupiter-engine-5.9.3.jar:5.9.3]
	at org.junit.jupiter.engine.execution.InterceptingExecutableInvoker$ReflectiveInterceptorCall.lambda$ofVoidMethod$0(InterceptingExecutableInvoker.java:103) ~[junit-jupiter-engine-5.9.3.jar:5.9.3]
	at org.junit.jupiter.engine.execution.InterceptingExecutableInvoker.lambda$invoke$0(InterceptingExecutableInvoker.java:93) ~[junit-jupiter-engine-5.9.3.jar:5.9.3]
	at org.junit.jupiter.engine.execution.InvocationInterceptorChain$InterceptedInvocation.proceed(InvocationInterceptorChain.java:106) ~[junit-jupiter-engine-5.9.3.jar:5.9.3]
	at org.junit.jupiter.engine.execution.InvocationInterceptorChain.proceed(InvocationInterceptorChain.java:64) ~[junit-jupiter-engine-5.9.3.jar:5.9.3]
	at org.junit.jupiter.engine.execution.InvocationInterceptorChain.chainAndInvoke(InvocationInterceptorChain.java:45) ~[junit-jupiter-engine-5.9.3.jar:5.9.3]
	at org.junit.jupiter.engine.execution.InvocationInterceptorChain.invoke(InvocationInterceptorChain.java:37) ~[junit-jupiter-engine-5.9.3.jar:5.9.3]
	at org.junit.jupiter.engine.execution.InterceptingExecutableInvoker.invoke(InterceptingExecutableInvoker.java:92) ~[junit-jupiter-engine-5.9.3.jar:5.9.3]
	at org.junit.jupiter.engine.execution.InterceptingExecutableInvoker.invoke(InterceptingExecutableInvoker.java:86) ~[junit-jupiter-engine-5.9.3.jar:5.9.3]
	at org.junit.jupiter.engine.descriptor.TestMethodTestDescriptor.lambda$invokeTestMethod$7(TestMethodTestDescriptor.java:217) ~[junit-jupiter-engine-5.9.3.jar:5.9.3]
	at org.junit.platform.engine.support.hierarchical.ThrowableCollector.execute(ThrowableCollector.java:73) ~[junit-platform-engine-1.9.3.jar:1.9.3]
	at org.junit.jupiter.engine.descriptor.TestMethodTestDescriptor.invokeTestMethod(TestMethodTestDescriptor.java:213) ~[junit-jupiter-engine-5.9.3.jar:5.9.3]
	at org.junit.jupiter.engine.descriptor.TestMethodTestDescriptor.execute(TestMethodTestDescriptor.java:138) ~[junit-jupiter-engine-5.9.3.jar:5.9.3]
	at org.junit.jupiter.engine.descriptor.TestMethodTestDescriptor.execute(TestMethodTestDescriptor.java:68) ~[junit-jupiter-engine-5.9.3.jar:5.9.3]
	at org.junit.platform.engine.support.hierarchical.NodeTestTask.lambda$executeRecursively$6(NodeTestTask.java:151) ~[junit-platform-engine-1.9.3.jar:1.9.3]
	at org.junit.platform.engine.support.hierarchical.ThrowableCollector.execute(ThrowableCollector.java:73) ~[junit-platform-engine-1.9.3.jar:1.9.3]
	at org.junit.platform.engine.support.hierarchical.NodeTestTask.lambda$executeRecursively$8(NodeTestTask.java:141) ~[junit-platform-engine-1.9.3.jar:1.9.3]
	at org.junit.platform.engine.support.hierarchical.Node.around(Node.java:137) ~[junit-platform-engine-1.9.3.jar:1.9.3]
	at org.junit.platform.engine.support.hierarchical.NodeTestTask.lambda$executeRecursively$9(NodeTestTask.java:139) ~[junit-platform-engine-1.9.3.jar:1.9.3]
	at org.junit.platform.engine.support.hierarchical.ThrowableCollector.execute(ThrowableCollector.java:73) ~[junit-platform-engine-1.9.3.jar:1.9.3]
	at org.junit.platform.engine.support.hierarchical.NodeTestTask.executeRecursively(NodeTestTask.java:138) ~[junit-platform-engine-1.9.3.jar:1.9.3]
	at org.junit.platform.engine.support.hierarchical.NodeTestTask.execute(NodeTestTask.java:95) ~[junit-platform-engine-1.9.3.jar:1.9.3]
	at java.base/java.util.ArrayList.forEach(ArrayList.java:1596) ~[na:na]
	at org.junit.platform.engine.support.hierarchical.SameThreadHierarchicalTestExecutorService.invokeAll(SameThreadHierarchicalTestExecutorService.java:41) ~[junit-platform-engine-1.9.3.jar:1.9.3]
	at org.junit.platform.engine.support.hierarchical.NodeTestTask.lambda$executeRecursively$6(NodeTestTask.java:155) ~[junit-platform-engine-1.9.3.jar:1.9.3]
	at org.junit.platform.engine.support.hierarchical.ThrowableCollector.execute(ThrowableCollector.java:73) ~[junit-platform-engine-1.9.3.jar:1.9.3]
	at org.junit.platform.engine.support.hierarchical.NodeTestTask.lambda$executeRecursively$8(NodeTestTask.java:141) ~[junit-platform-engine-1.9.3.jar:1.9.3]
	at org.junit.platform.engine.support.hierarchical.Node.around(Node.java:137) ~[junit-platform-engine-1.9.3.jar:1.9.3]
	at org.junit.platform.engine.support.hierarchical.NodeTestTask.lambda$executeRecursively$9(NodeTestTask.java:139) ~[junit-platform-engine-1.9.3.jar:1.9.3]
	at org.junit.platform.engine.support.hierarchical.ThrowableCollector.execute(ThrowableCollector.java:73) ~[junit-platform-engine-1.9.3.jar:1.9.3]
	at org.junit.platform.engine.support.hierarchical.NodeTestTask.executeRecursively(NodeTestTask.java:138) ~[junit-platform-engine-1.9.3.jar:1.9.3]
	at org.junit.platform.engine.support.hierarchical.NodeTestTask.execute(NodeTestTask.java:95) ~[junit-platform-engine-1.9.3.jar:1.9.3]
	at java.base/java.util.ArrayList.forEach(ArrayList.java:1596) ~[na:na]
	at org.junit.platform.engine.support.hierarchical.SameThreadHierarchicalTestExecutorService.invokeAll(SameThreadHierarchicalTestExecutorService.java:41) ~[junit-platform-engine-1.9.3.jar:1.9.3]
	at org.junit.platform.engine.support.hierarchical.NodeTestTask.lambda$executeRecursively$6(NodeTestTask.java:155) ~[junit-platform-engine-1.9.3.jar:1.9.3]
	at org.junit.platform.engine.support.hierarchical.ThrowableCollector.execute(ThrowableCollector.java:73) ~[junit-platform-engine-1.9.3.jar:1.9.3]
	at org.junit.platform.engine.support.hierarchical.NodeTestTask.lambda$executeRecursively$8(NodeTestTask.java:141) ~[junit-platform-engine-1.9.3.jar:1.9.3]
	at org.junit.platform.engine.support.hierarchical.Node.around(Node.java:137) ~[junit-platform-engine-1.9.3.jar:1.9.3]
	at org.junit.platform.engine.support.hierarchical.NodeTestTask.lambda$executeRecursively$9(NodeTestTask.java:139) ~[junit-platform-engine-1.9.3.jar:1.9.3]
	at org.junit.platform.engine.support.hierarchical.ThrowableCollector.execute(ThrowableCollector.java:73) ~[junit-platform-engine-1.9.3.jar:1.9.3]
	at org.junit.platform.engine.support.hierarchical.NodeTestTask.executeRecursively(NodeTestTask.java:138) ~[junit-platform-engine-1.9.3.jar:1.9.3]
	at org.junit.platform.engine.support.hierarchical.NodeTestTask.execute(NodeTestTask.java:95) ~[junit-platform-engine-1.9.3.jar:1.9.3]
	at org.junit.platform.engine.support.hierarchical.SameThreadHierarchicalTestExecutorService.submit(SameThreadHierarchicalTestExecutorService.java:35) ~[junit-platform-engine-1.9.3.jar:1.9.3]
	at org.junit.platform.engine.support.hierarchical.HierarchicalTestExecutor.execute(HierarchicalTestExecutor.java:57) ~[junit-platform-engine-1.9.3.jar:1.9.3]
	at org.junit.platform.engine.support.hierarchical.HierarchicalTestEngine.execute(HierarchicalTestEngine.java:54) ~[junit-platform-engine-1.9.3.jar:1.9.3]
	at org.junit.platform.launcher.core.EngineExecutionOrchestrator.execute(EngineExecutionOrchestrator.java:147) ~[junit-platform-launcher-1.9.3.jar:1.9.3]
	at org.junit.platform.launcher.core.EngineExecutionOrchestrator.execute(EngineExecutionOrchestrator.java:127) ~[junit-platform-launcher-1.9.3.jar:1.9.3]
	at org.junit.platform.launcher.core.EngineExecutionOrchestrator.execute(EngineExecutionOrchestrator.java:90) ~[junit-platform-launcher-1.9.3.jar:1.9.3]
	at org.junit.platform.launcher.core.EngineExecutionOrchestrator.lambda$execute$0(EngineExecutionOrchestrator.java:55) ~[junit-platform-launcher-1.9.3.jar:1.9.3]
	at org.junit.platform.launcher.core.EngineExecutionOrchestrator.withInterceptedStreams(EngineExecutionOrchestrator.java:102) ~[junit-platform-launcher-1.9.3.jar:1.9.3]
	at org.junit.platform.launcher.core.EngineExecutionOrchestrator.execute(EngineExecutionOrchestrator.java:54) ~[junit-platform-launcher-1.9.3.jar:1.9.3]
	at org.junit.platform.launcher.core.DefaultLauncher.execute(DefaultLauncher.java:114) ~[junit-platform-launcher-1.9.3.jar:1.9.3]
	at org.junit.platform.launcher.core.DefaultLauncher.execute(DefaultLauncher.java:86) ~[junit-platform-launcher-1.9.3.jar:1.9.3]
	at org.junit.platform.launcher.core.DefaultLauncherSession$DelegatingLauncher.execute(DefaultLauncherSession.java:86) ~[junit-platform-launcher-1.9.3.jar:1.9.3]
	at org.apache.maven.surefire.junitplatform.LazyLauncher.execute(LazyLauncher.java:50) ~[surefire-junit-platform-3.0.0.jar:3.0.0]
	at org.apache.maven.surefire.junitplatform.JUnitPlatformProvider.execute(JUnitPlatformProvider.java:184) ~[surefire-junit-platform-3.0.0.jar:3.0.0]
	at org.apache.maven.surefire.junitplatform.JUnitPlatformProvider.invokeAllTests(JUnitPlatformProvider.java:148) ~[surefire-junit-platform-3.0.0.jar:3.0.0]
	at org.apache.maven.surefire.junitplatform.JUnitPlatformProvider.invoke(JUnitPlatformProvider.java:122) ~[surefire-junit-platform-3.0.0.jar:3.0.0]
	at org.apache.maven.surefire.booter.ForkedBooter.runSuitesInProcess(ForkedBooter.java:385) ~[surefire-booter-3.0.0.jar:3.0.0]
	at org.apache.maven.surefire.booter.ForkedBooter.execute(ForkedBooter.java:162) ~[surefire-booter-3.0.0.jar:3.0.0]
	at org.apache.maven.surefire.booter.ForkedBooter.run(ForkedBooter.java:507) ~[surefire-booter-3.0.0.jar:3.0.0]
	at org.apache.maven.surefire.booter.ForkedBooter.main(ForkedBooter.java:495) ~[surefire-booter-3.0.0.jar:3.0.0]

2026-10-10T16:50:09.219+08:00 ERROR 45852 --- [           main] c.h.o.s.impl.VoucherOrderServiceImpl     : [需人工核对] 事件行删除失败，已保留预扣不回滚: orderId=9001, userId=7, voucherId=1
2026-10-10T16:50:09.219+08:00 ERROR 45852 --- [           main] c.h.o.s.impl.VoucherOrderServiceImpl     : 秒杀订单消息发送失败: orderId=9001, userId=7, voucherId=1
2026-10-10T16:50:09.225+08:00  WARN 45852 --- [           main] c.h.o.s.impl.VoucherOrderServiceImpl     : 秒杀失败-活动已结束: voucherId=1, end=1767225599999, now=1767225600000
2026-10-10T16:50:09.231+08:00  WARN 45852 --- [           main] c.h.o.s.impl.VoucherOrderServiceImpl     : 读取秒杀活动时间窗失败，放行: voucherId=1

java.lang.NullPointerException: Cannot invoke "org.springframework.data.redis.core.HashOperations.multiGet(Object, java.util.Collection)" because the return value of "org.springframework.data.redis.core.StringRedisTemplate.opsForHash()" is null
	at com.hmdp.order.service.impl.VoucherOrderServiceImpl.checkSeckillWindow(VoucherOrderServiceImpl.java:247) ~[classes/:na]
	at com.hmdp.order.service.impl.VoucherOrderServiceImpl.seckillVoucher(VoucherOrderServiceImpl.java:115) ~[classes/:na]
	at java.base/java.lang.invoke.MethodHandle.invokeWithArguments(MethodHandle.java:733) ~[na:na]
	at org.mockito.internal.util.reflection.InstrumentationMemberAccessor$Dispatcher$ByteBuddy$6jz5SCUS.invokeWithArguments(Unknown Source) ~[na:na]
	at org.mockito.internal.util.reflection.InstrumentationMemberAccessor.invoke(InstrumentationMemberAccessor.java:251) ~[mockito-core-5.3.1.jar:na]
	at org.mockito.internal.util.reflection.ModuleMemberAccessor.invoke(ModuleMemberAccessor.java:55) ~[mockito-core-5.3.1.jar:na]
	at org.mockito.internal.creation.bytebuddy.MockMethodAdvice.tryInvoke(MockMethodAdvice.java:314) ~[mockito-core-5.3.1.jar:na]
	at org.mockito.internal.creation.bytebuddy.MockMethodAdvice$RealMethodCall.invoke(MockMethodAdvice.java:234) ~[mockito-core-5.3.1.jar:na]
	at org.mockito.internal.invocation.InterceptedInvocation.callRealMethod(InterceptedInvocation.java:142) ~[mockito-core-5.3.1.jar:na]
	at org.mockito.internal.stubbing.answers.CallsRealMethods.answer(CallsRealMethods.java:45) ~[mockito-core-5.3.1.jar:na]
	at org.mockito.Answers.answer(Answers.java:90) ~[mockito-core-5.3.1.jar:na]
	at org.mockito.internal.handler.MockHandlerImpl.handle(MockHandlerImpl.java:111) ~[mockito-core-5.3.1.jar:na]
	at org.mockito.internal.handler.NullResultGuardian.handle(NullResultGuardian.java:29) ~[mockito-core-5.3.1.jar:na]
	at org.mockito.internal.handler.InvocationNotifierHandler.handle(InvocationNotifierHandler.java:34) ~[mockito-core-5.3.1.jar:na]
	at org.mockito.internal.creation.bytebuddy.MockMethodInterceptor.doIntercept(MockMethodInterceptor.java:82) ~[mockito-core-5.3.1.jar:na]
	at org.mockito.internal.creation.bytebuddy.MockMethodAdvice.handle(MockMethodAdvice.java:134) ~[mockito-core-5.3.1.jar:na]
	at com.hmdp.order.service.impl.VoucherOrderServiceImpl.seckillVoucher(VoucherOrderServiceImpl.java:101) ~[classes/:na]
	at com.hmdp.order.service.impl.SeckillVoucherServiceTest.脚本返回1_库存不足(SeckillVoucherServiceTest.java:94) ~[test-classes/:na]
	at java.base/jdk.internal.reflect.DirectMethodHandleAccessor.invoke(DirectMethodHandleAccessor.java:103) ~[na:na]
	at java.base/java.lang.reflect.Method.invoke(Method.java:580) ~[na:na]
	at org.junit.platform.commons.util.ReflectionUtils.invokeMethod(ReflectionUtils.java:727) ~[junit-platform-commons-1.9.3.jar:1.9.3]
	at org.junit.jupiter.engine.execution.MethodInvocation.proceed(MethodInvocation.java:60) ~[junit-jupiter-engine-5.9.3.jar:5.9.3]
	at org.junit.jupiter.engine.execution.InvocationInterceptorChain$ValidatingInvocation.proceed(InvocationInterceptorChain.java:131) ~[junit-jupiter-engine-5.9.3.jar:5.9.3]
	at org.junit.jupiter.engine.extension.TimeoutExtension.intercept(TimeoutExtension.java:156) ~[junit-jupiter-engine-5.9.3.jar:5.9.3]
	at org.junit.jupiter.engine.extension.TimeoutExtension.interceptTestableMethod(TimeoutExtension.java:147) ~[junit-jupiter-engine-5.9.3.jar:5.9.3]
	at org.junit.jupiter.engine.extension.TimeoutExtension.interceptTestMethod(TimeoutExtension.java:86) ~[junit-jupiter-engine-5.9.3.jar:5.9.3]
	at org.junit.jupiter.engine.execution.InterceptingExecutableInvoker$ReflectiveInterceptorCall.lambda$ofVoidMethod$0(InterceptingExecutableInvoker.java:103) ~[junit-jupiter-engine-5.9.3.jar:5.9.3]
	at org.junit.jupiter.engine.execution.InterceptingExecutableInvoker.lambda$invoke$0(InterceptingExecutableInvoker.java:93) ~[junit-jupiter-engine-5.9.3.jar:5.9.3]
	at org.junit.jupiter.engine.execution.InvocationInterceptorChain$InterceptedInvocation.proceed(InvocationInterceptorChain.java:106) ~[junit-jupiter-engine-5.9.3.jar:5.9.3]
	at org.junit.jupiter.engine.execution.InvocationInterceptorChain.proceed(InvocationInterceptorChain.java:64) ~[junit-jupiter-engine-5.9.3.jar:5.9.3]
	at org.junit.jupiter.engine.execution.InvocationInterceptorChain.chainAndInvoke(InvocationInterceptorChain.java:45) ~[junit-jupiter-engine-5.9.3.jar:5.9.3]
	at org.junit.jupiter.engine.execution.InvocationInterceptorChain.invoke(InvocationInterceptorChain.java:37) ~[junit-jupiter-engine-5.9.3.jar:5.9.3]
	at org.junit.jupiter.engine.execution.InterceptingExecutableInvoker.invoke(InterceptingExecutableInvoker.java:92) ~[junit-jupiter-engine-5.9.3.jar:5.9.3]
	at org.junit.jupiter.engine.execution.InterceptingExecutableInvoker.invoke(InterceptingExecutableInvoker.java:86) ~[junit-jupiter-engine-5.9.3.jar:5.9.3]
	at org.junit.jupiter.engine.descriptor.TestMethodTestDescriptor.lambda$invokeTestMethod$7(TestMethodTestDescriptor.java:217) ~[junit-jupiter-engine-5.9.3.jar:5.9.3]
	at org.junit.platform.engine.support.hierarchical.ThrowableCollector.execute(ThrowableCollector.java:73) ~[junit-platform-engine-1.9.3.jar:1.9.3]
	at org.junit.jupiter.engine.descriptor.TestMethodTestDescriptor.invokeTestMethod(TestMethodTestDescriptor.java:213) ~[junit-jupiter-engine-5.9.3.jar:5.9.3]
	at org.junit.jupiter.engine.descriptor.TestMethodTestDescriptor.execute(TestMethodTestDescriptor.java:138) ~[junit-jupiter-engine-5.9.3.jar:5.9.3]
	at org.junit.jupiter.engine.descriptor.TestMethodTestDescriptor.execute(TestMethodTestDescriptor.java:68) ~[junit-jupiter-engine-5.9.3.jar:5.9.3]
	at org.junit.platform.engine.support.hierarchical.NodeTestTask.lambda$executeRecursively$6(NodeTestTask.java:151) ~[junit-platform-engine-1.9.3.jar:1.9.3]
	at org.junit.platform.engine.support.hierarchical.ThrowableCollector.execute(ThrowableCollector.java:73) ~[junit-platform-engine-1.9.3.jar:1.9.3]
	at org.junit.platform.engine.support.hierarchical.NodeTestTask.lambda$executeRecursively$8(NodeTestTask.java:141) ~[junit-platform-engine-1.9.3.jar:1.9.3]
	at org.junit.platform.engine.support.hierarchical.Node.around(Node.java:137) ~[junit-platform-engine-1.9.3.jar:1.9.3]
	at org.junit.platform.engine.support.hierarchical.NodeTestTask.lambda$executeRecursively$9(NodeTestTask.java:139) ~[junit-platform-engine-1.9.3.jar:1.9.3]
	at org.junit.platform.engine.support.hierarchical.ThrowableCollector.execute(ThrowableCollector.java:73) ~[junit-platform-engine-1.9.3.jar:1.9.3]
	at org.junit.platform.engine.support.hierarchical.NodeTestTask.executeRecursively(NodeTestTask.java:138) ~[junit-platform-engine-1.9.3.jar:1.9.3]
	at org.junit.platform.engine.support.hierarchical.NodeTestTask.execute(NodeTestTask.java:95) ~[junit-platform-engine-1.9.3.jar:1.9.3]
	at java.base/java.util.ArrayList.forEach(ArrayList.java:1596) ~[na:na]
	at org.junit.platform.engine.support.hierarchical.SameThreadHierarchicalTestExecutorService.invokeAll(SameThreadHierarchicalTestExecutorService.java:41) ~[junit-platform-engine-1.9.3.jar:1.9.3]
	at org.junit.platform.engine.support.hierarchical.NodeTestTask.lambda$executeRecursively$6(NodeTestTask.java:155) ~[junit-platform-engine-1.9.3.jar:1.9.3]
	at org.junit.platform.engine.support.hierarchical.ThrowableCollector.execute(ThrowableCollector.java:73) ~[junit-platform-engine-1.9.3.jar:1.9.3]
	at org.junit.platform.engine.support.hierarchical.NodeTestTask.lambda$executeRecursively$8(NodeTestTask.java:141) ~[junit-platform-engine-1.9.3.jar:1.9.3]
	at org.junit.platform.engine.support.hierarchical.Node.around(Node.java:137) ~[junit-platform-engine-1.9.3.jar:1.9.3]
	at org.junit.platform.engine.support.hierarchical.NodeTestTask.lambda$executeRecursively$9(NodeTestTask.java:139) ~[junit-platform-engine-1.9.3.jar:1.9.3]
	at org.junit.platform.engine.support.hierarchical.ThrowableCollector.execute(ThrowableCollector.java:73) ~[junit-platform-engine-1.9.3.jar:1.9.3]
	at org.junit.platform.engine.support.hierarchical.NodeTestTask.executeRecursively(NodeTestTask.java:138) ~[junit-platform-engine-1.9.3.jar:1.9.3]
	at org.junit.platform.engine.support.hierarchical.NodeTestTask.execute(NodeTestTask.java:95) ~[junit-platform-engine-1.9.3.jar:1.9.3]
	at java.base/java.util.ArrayList.forEach(ArrayList.java:1596) ~[na:na]
	at org.junit.platform.engine.support.hierarchical.SameThreadHierarchicalTestExecutorService.invokeAll(SameThreadHierarchicalTestExecutorService.java:41) ~[junit-platform-engine-1.9.3.jar:1.9.3]
	at org.junit.platform.engine.support.hierarchical.NodeTestTask.lambda$executeRecursively$6(NodeTestTask.java:155) ~[junit-platform-engine-1.9.3.jar:1.9.3]
	at org.junit.platform.engine.support.hierarchical.ThrowableCollector.execute(ThrowableCollector.java:73) ~[junit-platform-engine-1.9.3.jar:1.9.3]
	at org.junit.platform.engine.support.hierarchical.NodeTestTask.lambda$executeRecursively$8(NodeTestTask.java:141) ~[junit-platform-engine-1.9.3.jar:1.9.3]
	at org.junit.platform.engine.support.hierarchical.Node.around(Node.java:137) ~[junit-platform-engine-1.9.3.jar:1.9.3]
	at org.junit.platform.engine.support.hierarchical.NodeTestTask.lambda$executeRecursively$9(NodeTestTask.java:139) ~[junit-platform-engine-1.9.3.jar:1.9.3]
	at org.junit.platform.engine.support.hierarchical.ThrowableCollector.execute(ThrowableCollector.java:73) ~[junit-platform-engine-1.9.3.jar:1.9.3]
	at org.junit.platform.engine.support.hierarchical.NodeTestTask.executeRecursively(NodeTestTask.java:138) ~[junit-platform-engine-1.9.3.jar:1.9.3]
	at org.junit.platform.engine.support.hierarchical.NodeTestTask.execute(NodeTestTask.java:95) ~[junit-platform-engine-1.9.3.jar:1.9.3]
	at org.junit.platform.engine.support.hierarchical.SameThreadHierarchicalTestExecutorService.submit(SameThreadHierarchicalTestExecutorService.java:35) ~[junit-platform-engine-1.9.3.jar:1.9.3]
	at org.junit.platform.engine.support.hierarchical.HierarchicalTestExecutor.execute(HierarchicalTestExecutor.java:57) ~[junit-platform-engine-1.9.3.jar:1.9.3]
	at org.junit.platform.engine.support.hierarchical.HierarchicalTestEngine.execute(HierarchicalTestEngine.java:54) ~[junit-platform-engine-1.9.3.jar:1.9.3]
	at org.junit.platform.launcher.core.EngineExecutionOrchestrator.execute(EngineExecutionOrchestrator.java:147) ~[junit-platform-launcher-1.9.3.jar:1.9.3]
	at org.junit.platform.launcher.core.EngineExecutionOrchestrator.execute(EngineExecutionOrchestrator.java:127) ~[junit-platform-launcher-1.9.3.jar:1.9.3]
	at org.junit.platform.launcher.core.EngineExecutionOrchestrator.execute(EngineExecutionOrchestrator.java:90) ~[junit-platform-launcher-1.9.3.jar:1.9.3]
	at org.junit.platform.launcher.core.EngineExecutionOrchestrator.lambda$execute$0(EngineExecutionOrchestrator.java:55) ~[junit-platform-launcher-1.9.3.jar:1.9.3]
	at org.junit.platform.launcher.core.EngineExecutionOrchestrator.withInterceptedStreams(EngineExecutionOrchestrator.java:102) ~[junit-platform-launcher-1.9.3.jar:1.9.3]
	at org.junit.platform.launcher.core.EngineExecutionOrchestrator.execute(EngineExecutionOrchestrator.java:54) ~[junit-platform-launcher-1.9.3.jar:1.9.3]
	at org.junit.platform.launcher.core.DefaultLauncher.execute(DefaultLauncher.java:114) ~[junit-platform-launcher-1.9.3.jar:1.9.3]
	at org.junit.platform.launcher.core.DefaultLauncher.execute(DefaultLauncher.java:86) ~[junit-platform-launcher-1.9.3.jar:1.9.3]
	at org.junit.platform.launcher.core.DefaultLauncherSession$DelegatingLauncher.execute(DefaultLauncherSession.java:86) ~[junit-platform-launcher-1.9.3.jar:1.9.3]
	at org.apache.maven.surefire.junitplatform.LazyLauncher.execute(LazyLauncher.java:50) ~[surefire-junit-platform-3.0.0.jar:3.0.0]
	at org.apache.maven.surefire.junitplatform.JUnitPlatformProvider.execute(JUnitPlatformProvider.java:184) ~[surefire-junit-platform-3.0.0.jar:3.0.0]
	at org.apache.maven.surefire.junitplatform.JUnitPlatformProvider.invokeAllTests(JUnitPlatformProvider.java:148) ~[surefire-junit-platform-3.0.0.jar:3.0.0]
	at org.apache.maven.surefire.junitplatform.JUnitPlatformProvider.invoke(JUnitPlatformProvider.java:122) ~[surefire-junit-platform-3.0.0.jar:3.0.0]
	at org.apache.maven.surefire.booter.ForkedBooter.runSuitesInProcess(ForkedBooter.java:385) ~[surefire-booter-3.0.0.jar:3.0.0]
	at org.apache.maven.surefire.booter.ForkedBooter.execute(ForkedBooter.java:162) ~[surefire-booter-3.0.0.jar:3.0.0]
	at org.apache.maven.surefire.booter.ForkedBooter.run(ForkedBooter.java:507) ~[surefire-booter-3.0.0.jar:3.0.0]
	at org.apache.maven.surefire.booter.ForkedBooter.main(ForkedBooter.java:495) ~[surefire-booter-3.0.0.jar:3.0.0]

2026-10-10T16:50:09.234+08:00  WARN 45852 --- [           main] c.h.o.s.impl.VoucherOrderServiceImpl     : 秒杀失败-库存不足: userId=7, voucherId=1
2026-10-10T16:50:09.239+08:00  WARN 45852 --- [           main] c.h.o.s.impl.VoucherOrderServiceImpl     : 读取秒杀活动时间窗失败，放行: voucherId=1

java.lang.NullPointerException: Cannot invoke "org.springframework.data.redis.core.HashOperations.multiGet(Object, java.util.Collection)" because the return value of "org.springframework.data.redis.core.StringRedisTemplate.opsForHash()" is null
	at com.hmdp.order.service.impl.VoucherOrderServiceImpl.checkSeckillWindow(VoucherOrderServiceImpl.java:247) ~[classes/:na]
	at com.hmdp.order.service.impl.VoucherOrderServiceImpl.seckillVoucher(VoucherOrderServiceImpl.java:115) ~[classes/:na]
	at java.base/java.lang.invoke.MethodHandle.invokeWithArguments(MethodHandle.java:733) ~[na:na]
	at org.mockito.internal.util.reflection.InstrumentationMemberAccessor$Dispatcher$ByteBuddy$6jz5SCUS.invokeWithArguments(Unknown Source) ~[na:na]
	at org.mockito.internal.util.reflection.InstrumentationMemberAccessor.invoke(InstrumentationMemberAccessor.java:251) ~[mockito-core-5.3.1.jar:na]
	at org.mockito.internal.util.reflection.ModuleMemberAccessor.invoke(ModuleMemberAccessor.java:55) ~[mockito-core-5.3.1.jar:na]
	at org.mockito.internal.creation.bytebuddy.MockMethodAdvice.tryInvoke(MockMethodAdvice.java:314) ~[mockito-core-5.3.1.jar:na]
	at org.mockito.internal.creation.bytebuddy.MockMethodAdvice$RealMethodCall.invoke(MockMethodAdvice.java:234) ~[mockito-core-5.3.1.jar:na]
	at org.mockito.internal.invocation.InterceptedInvocation.callRealMethod(InterceptedInvocation.java:142) ~[mockito-core-5.3.1.jar:na]
	at org.mockito.internal.stubbing.answers.CallsRealMethods.answer(CallsRealMethods.java:45) ~[mockito-core-5.3.1.jar:na]
	at org.mockito.Answers.answer(Answers.java:90) ~[mockito-core-5.3.1.jar:na]
	at org.mockito.internal.handler.MockHandlerImpl.handle(MockHandlerImpl.java:111) ~[mockito-core-5.3.1.jar:na]
	at org.mockito.internal.handler.NullResultGuardian.handle(NullResultGuardian.java:29) ~[mockito-core-5.3.1.jar:na]
	at org.mockito.internal.handler.InvocationNotifierHandler.handle(InvocationNotifierHandler.java:34) ~[mockito-core-5.3.1.jar:na]
	at org.mockito.internal.creation.bytebuddy.MockMethodInterceptor.doIntercept(MockMethodInterceptor.java:82) ~[mockito-core-5.3.1.jar:na]
	at org.mockito.internal.creation.bytebuddy.MockMethodAdvice.handle(MockMethodAdvice.java:134) ~[mockito-core-5.3.1.jar:na]
	at com.hmdp.order.service.impl.VoucherOrderServiceImpl.seckillVoucher(VoucherOrderServiceImpl.java:101) ~[classes/:na]
	at com.hmdp.order.service.impl.SeckillVoucherServiceTest.脚本返回3_key缺失_走专门指标且不与库存不足混淆(SeckillVoucherServiceTest.java:112) ~[test-classes/:na]
	at java.base/jdk.internal.reflect.DirectMethodHandleAccessor.invoke(DirectMethodHandleAccessor.java:103) ~[na:na]
	at java.base/java.lang.reflect.Method.invoke(Method.java:580) ~[na:na]
	at org.junit.platform.commons.util.ReflectionUtils.invokeMethod(ReflectionUtils.java:727) ~[junit-platform-commons-1.9.3.jar:1.9.3]
	at org.junit.jupiter.engine.execution.MethodInvocation.proceed(MethodInvocation.java:60) ~[junit-jupiter-engine-5.9.3.jar:5.9.3]
	at org.junit.jupiter.engine.execution.InvocationInterceptorChain$ValidatingInvocation.proceed(InvocationInterceptorChain.java:131) ~[junit-jupiter-engine-5.9.3.jar:5.9.3]
	at org.junit.jupiter.engine.extension.TimeoutExtension.intercept(TimeoutExtension.java:156) ~[junit-jupiter-engine-5.9.3.jar:5.9.3]
	at org.junit.jupiter.engine.extension.TimeoutExtension.interceptTestableMethod(TimeoutExtension.java:147) ~[junit-jupiter-engine-5.9.3.jar:5.9.3]
	at org.junit.jupiter.engine.extension.TimeoutExtension.interceptTestMethod(TimeoutExtension.java:86) ~[junit-jupiter-engine-5.9.3.jar:5.9.3]
	at org.junit.jupiter.engine.execution.InterceptingExecutableInvoker$ReflectiveInterceptorCall.lambda$ofVoidMethod$0(InterceptingExecutableInvoker.java:103) ~[junit-jupiter-engine-5.9.3.jar:5.9.3]
	at org.junit.jupiter.engine.execution.InterceptingExecutableInvoker.lambda$invoke$0(InterceptingExecutableInvoker.java:93) ~[junit-jupiter-engine-5.9.3.jar:5.9.3]
	at org.junit.jupiter.engine.execution.InvocationInterceptorChain$InterceptedInvocation.proceed(InvocationInterceptorChain.java:106) ~[junit-jupiter-engine-5.9.3.jar:5.9.3]
	at org.junit.jupiter.engine.execution.InvocationInterceptorChain.proceed(InvocationInterceptorChain.java:64) ~[junit-jupiter-engine-5.9.3.jar:5.9.3]
	at org.junit.jupiter.engine.execution.InvocationInterceptorChain.chainAndInvoke(InvocationInterceptorChain.java:45) ~[junit-jupiter-engine-5.9.3.jar:5.9.3]
	at org.junit.jupiter.engine.execution.InvocationInterceptorChain.invoke(InvocationInterceptorChain.java:37) ~[junit-jupiter-engine-5.9.3.jar:5.9.3]
	at org.junit.jupiter.engine.execution.InterceptingExecutableInvoker.invoke(InterceptingExecutableInvoker.java:92) ~[junit-jupiter-engine-5.9.3.jar:5.9.3]
	at org.junit.jupiter.engine.execution.InterceptingExecutableInvoker.invoke(InterceptingExecutableInvoker.java:86) ~[junit-jupiter-engine-5.9.3.jar:5.9.3]
	at org.junit.jupiter.engine.descriptor.TestMethodTestDescriptor.lambda$invokeTestMethod$7(TestMethodTestDescriptor.java:217) ~[junit-jupiter-engine-5.9.3.jar:5.9.3]
	at org.junit.platform.engine.support.hierarchical.ThrowableCollector.execute(ThrowableCollector.java:73) ~[junit-platform-engine-1.9.3.jar:1.9.3]
	at org.junit.jupiter.engine.descriptor.TestMethodTestDescriptor.invokeTestMethod(TestMethodTestDescriptor.java:213) ~[junit-jupiter-engine-5.9.3.jar:5.9.3]
	at org.junit.jupiter.engine.descriptor.TestMethodTestDescriptor.execute(TestMethodTestDescriptor.java:138) ~[junit-jupiter-engine-5.9.3.jar:5.9.3]
	at org.junit.jupiter.engine.descriptor.TestMethodTestDescriptor.execute(TestMethodTestDescriptor.java:68) ~[junit-jupiter-engine-5.9.3.jar:5.9.3]
	at org.junit.platform.engine.support.hierarchical.NodeTestTask.lambda$executeRecursively$6(NodeTestTask.java:151) ~[junit-platform-engine-1.9.3.jar:1.9.3]
	at org.junit.platform.engine.support.hierarchical.ThrowableCollector.execute(ThrowableCollector.java:73) ~[junit-platform-engine-1.9.3.jar:1.9.3]
	at org.junit.platform.engine.support.hierarchical.NodeTestTask.lambda$executeRecursively$8(NodeTestTask.java:141) ~[junit-platform-engine-1.9.3.jar:1.9.3]
	at org.junit.platform.engine.support.hierarchical.Node.around(Node.java:137) ~[junit-platform-engine-1.9.3.jar:1.9.3]
	at org.junit.platform.engine.support.hierarchical.NodeTestTask.lambda$executeRecursively$9(NodeTestTask.java:139) ~[junit-platform-engine-1.9.3.jar:1.9.3]
	at org.junit.platform.engine.support.hierarchical.ThrowableCollector.execute(ThrowableCollector.java:73) ~[junit-platform-engine-1.9.3.jar:1.9.3]
	at org.junit.platform.engine.support.hierarchical.NodeTestTask.executeRecursively(NodeTestTask.java:138) ~[junit-platform-engine-1.9.3.jar:1.9.3]
	at org.junit.platform.engine.support.hierarchical.NodeTestTask.execute(NodeTestTask.java:95) ~[junit-platform-engine-1.9.3.jar:1.9.3]
	at java.base/java.util.ArrayList.forEach(ArrayList.java:1596) ~[na:na]
	at org.junit.platform.engine.support.hierarchical.SameThreadHierarchicalTestExecutorService.invokeAll(SameThreadHierarchicalTestExecutorService.java:41) ~[junit-platform-engine-1.9.3.jar:1.9.3]
	at org.junit.platform.engine.support.hierarchical.NodeTestTask.lambda$executeRecursively$6(NodeTestTask.java:155) ~[junit-platform-engine-1.9.3.jar:1.9.3]
	at org.junit.platform.engine.support.hierarchical.ThrowableCollector.execute(ThrowableCollector.java:73) ~[junit-platform-engine-1.9.3.jar:1.9.3]
	at org.junit.platform.engine.support.hierarchical.NodeTestTask.lambda$executeRecursively$8(NodeTestTask.java:141) ~[junit-platform-engine-1.9.3.jar:1.9.3]
	at org.junit.platform.engine.support.hierarchical.Node.around(Node.java:137) ~[junit-platform-engine-1.9.3.jar:1.9.3]
	at org.junit.platform.engine.support.hierarchical.NodeTestTask.lambda$executeRecursively$9(NodeTestTask.java:139) ~[junit-platform-engine-1.9.3.jar:1.9.3]
	at org.junit.platform.engine.support.hierarchical.ThrowableCollector.execute(ThrowableCollector.java:73) ~[junit-platform-engine-1.9.3.jar:1.9.3]
	at org.junit.platform.engine.support.hierarchical.NodeTestTask.executeRecursively(NodeTestTask.java:138) ~[junit-platform-engine-1.9.3.jar:1.9.3]
	at org.junit.platform.engine.support.hierarchical.NodeTestTask.execute(NodeTestTask.java:95) ~[junit-platform-engine-1.9.3.jar:1.9.3]
	at java.base/java.util.ArrayList.forEach(ArrayList.java:1596) ~[na:na]
	at org.junit.platform.engine.support.hierarchical.SameThreadHierarchicalTestExecutorService.invokeAll(SameThreadHierarchicalTestExecutorService.java:41) ~[junit-platform-engine-1.9.3.jar:1.9.3]
	at org.junit.platform.engine.support.hierarchical.NodeTestTask.lambda$executeRecursively$6(NodeTestTask.java:155) ~[junit-platform-engine-1.9.3.jar:1.9.3]
	at org.junit.platform.engine.support.hierarchical.ThrowableCollector.execute(ThrowableCollector.java:73) ~[junit-platform-engine-1.9.3.jar:1.9.3]
	at org.junit.platform.engine.support.hierarchical.NodeTestTask.lambda$executeRecursively$8(NodeTestTask.java:141) ~[junit-platform-engine-1.9.3.jar:1.9.3]
	at org.junit.platform.engine.support.hierarchical.Node.around(Node.java:137) ~[junit-platform-engine-1.9.3.jar:1.9.3]
	at org.junit.platform.engine.support.hierarchical.NodeTestTask.lambda$executeRecursively$9(NodeTestTask.java:139) ~[junit-platform-engine-1.9.3.jar:1.9.3]
	at org.junit.platform.engine.support.hierarchical.ThrowableCollector.execute(ThrowableCollector.java:73) ~[junit-platform-engine-1.9.3.jar:1.9.3]
	at org.junit.platform.engine.support.hierarchical.NodeTestTask.executeRecursively(NodeTestTask.java:138) ~[junit-platform-engine-1.9.3.jar:1.9.3]
	at org.junit.platform.engine.support.hierarchical.NodeTestTask.execute(NodeTestTask.java:95) ~[junit-platform-engine-1.9.3.jar:1.9.3]
	at org.junit.platform.engine.support.hierarchical.SameThreadHierarchicalTestExecutorService.submit(SameThreadHierarchicalTestExecutorService.java:35) ~[junit-platform-engine-1.9.3.jar:1.9.3]
	at org.junit.platform.engine.support.hierarchical.HierarchicalTestExecutor.execute(HierarchicalTestExecutor.java:57) ~[junit-platform-engine-1.9.3.jar:1.9.3]
	at org.junit.platform.engine.support.hierarchical.HierarchicalTestEngine.execute(HierarchicalTestEngine.java:54) ~[junit-platform-engine-1.9.3.jar:1.9.3]
	at org.junit.platform.launcher.core.EngineExecutionOrchestrator.execute(EngineExecutionOrchestrator.java:147) ~[junit-platform-launcher-1.9.3.jar:1.9.3]
	at org.junit.platform.launcher.core.EngineExecutionOrchestrator.execute(EngineExecutionOrchestrator.java:127) ~[junit-platform-launcher-1.9.3.jar:1.9.3]
	at org.junit.platform.launcher.core.EngineExecutionOrchestrator.execute(EngineExecutionOrchestrator.java:90) ~[junit-platform-launcher-1.9.3.jar:1.9.3]
	at org.junit.platform.launcher.core.EngineExecutionOrchestrator.lambda$execute$0(EngineExecutionOrchestrator.java:55) ~[junit-platform-launcher-1.9.3.jar:1.9.3]
	at org.junit.platform.launcher.core.EngineExecutionOrchestrator.withInterceptedStreams(EngineExecutionOrchestrator.java:102) ~[junit-platform-launcher-1.9.3.jar:1.9.3]
	at org.junit.platform.launcher.core.EngineExecutionOrchestrator.execute(EngineExecutionOrchestrator.java:54) ~[junit-platform-launcher-1.9.3.jar:1.9.3]
	at org.junit.platform.launcher.core.DefaultLauncher.execute(DefaultLauncher.java:114) ~[junit-platform-launcher-1.9.3.jar:1.9.3]
	at org.junit.platform.launcher.core.DefaultLauncher.execute(DefaultLauncher.java:86) ~[junit-platform-launcher-1.9.3.jar:1.9.3]
	at org.junit.platform.launcher.core.DefaultLauncherSession$DelegatingLauncher.execute(DefaultLauncherSession.java:86) ~[junit-platform-launcher-1.9.3.jar:1.9.3]
	at org.apache.maven.surefire.junitplatform.LazyLauncher.execute(LazyLauncher.java:50) ~[surefire-junit-platform-3.0.0.jar:3.0.0]
	at org.apache.maven.surefire.junitplatform.JUnitPlatformProvider.execute(JUnitPlatformProvider.java:184) ~[surefire-junit-platform-3.0.0.jar:3.0.0]
	at org.apache.maven.surefire.junitplatform.JUnitPlatformProvider.invokeAllTests(JUnitPlatformProvider.java:148) ~[surefire-junit-platform-3.0.0.jar:3.0.0]
	at org.apache.maven.surefire.junitplatform.JUnitPlatformProvider.invoke(JUnitPlatformProvider.java:122) ~[surefire-junit-platform-3.0.0.jar:3.0.0]
	at org.apache.maven.surefire.booter.ForkedBooter.runSuitesInProcess(ForkedBooter.java:385) ~[surefire-booter-3.0.0.jar:3.0.0]
	at org.apache.maven.surefire.booter.ForkedBooter.execute(ForkedBooter.java:162) ~[surefire-booter-3.0.0.jar:3.0.0]
	at org.apache.maven.surefire.booter.ForkedBooter.run(ForkedBooter.java:507) ~[surefire-booter-3.0.0.jar:3.0.0]
	at org.apache.maven.surefire.booter.ForkedBooter.main(ForkedBooter.java:495) ~[surefire-booter-3.0.0.jar:3.0.0]

2026-10-10T16:50:09.242+08:00 ERROR 45852 --- [           main] c.h.o.s.impl.VoucherOrderServiceImpl     : 秒杀失败-Redis库存key缺失，需预热: voucherId=1
2026-10-10T16:50:09.247+08:00  WARN 45852 --- [           main] c.h.o.s.impl.VoucherOrderServiceImpl     : 秒杀失败-库存不足: userId=7, voucherId=1
2026-10-10T16:50:09.253+08:00  WARN 45852 --- [           main] c.h.o.s.impl.VoucherOrderServiceImpl     : 秒杀活动时间窗格式非法，放行: voucherId=1, raw=[not-a-number, 123]
2026-10-10T16:50:09.253+08:00  WARN 45852 --- [           main] c.h.o.s.impl.VoucherOrderServiceImpl     : 秒杀失败-库存不足: userId=7, voucherId=1
2026-10-10T16:50:09.257+08:00  WARN 45852 --- [           main] c.h.o.s.impl.VoucherOrderServiceImpl     : 读取秒杀活动时间窗失败，放行: voucherId=1

java.lang.NullPointerException: Cannot invoke "org.springframework.data.redis.core.HashOperations.multiGet(Object, java.util.Collection)" because the return value of "org.springframework.data.redis.core.StringRedisTemplate.opsForHash()" is null
	at com.hmdp.order.service.impl.VoucherOrderServiceImpl.checkSeckillWindow(VoucherOrderServiceImpl.java:247) ~[classes/:na]
	at com.hmdp.order.service.impl.VoucherOrderServiceImpl.seckillVoucher(VoucherOrderServiceImpl.java:115) ~[classes/:na]
	at java.base/java.lang.invoke.MethodHandle.invokeWithArguments(MethodHandle.java:733) ~[na:na]
	at org.mockito.internal.util.reflection.InstrumentationMemberAccessor$Dispatcher$ByteBuddy$6jz5SCUS.invokeWithArguments(Unknown Source) ~[na:na]
	at org.mockito.internal.util.reflection.InstrumentationMemberAccessor.invoke(InstrumentationMemberAccessor.java:251) ~[mockito-core-5.3.1.jar:na]
	at org.mockito.internal.util.reflection.ModuleMemberAccessor.invoke(ModuleMemberAccessor.java:55) ~[mockito-core-5.3.1.jar:na]
	at org.mockito.internal.creation.bytebuddy.MockMethodAdvice.tryInvoke(MockMethodAdvice.java:314) ~[mockito-core-5.3.1.jar:na]
	at org.mockito.internal.creation.bytebuddy.MockMethodAdvice$RealMethodCall.invoke(MockMethodAdvice.java:234) ~[mockito-core-5.3.1.jar:na]
	at org.mockito.internal.invocation.InterceptedInvocation.callRealMethod(InterceptedInvocation.java:142) ~[mockito-core-5.3.1.jar:na]
	at org.mockito.internal.stubbing.answers.CallsRealMethods.answer(CallsRealMethods.java:45) ~[mockito-core-5.3.1.jar:na]
	at org.mockito.Answers.answer(Answers.java:90) ~[mockito-core-5.3.1.jar:na]
	at org.mockito.internal.handler.MockHandlerImpl.handle(MockHandlerImpl.java:111) ~[mockito-core-5.3.1.jar:na]
	at org.mockito.internal.handler.NullResultGuardian.handle(NullResultGuardian.java:29) ~[mockito-core-5.3.1.jar:na]
	at org.mockito.internal.handler.InvocationNotifierHandler.handle(InvocationNotifierHandler.java:34) ~[mockito-core-5.3.1.jar:na]
	at org.mockito.internal.creation.bytebuddy.MockMethodInterceptor.doIntercept(MockMethodInterceptor.java:82) ~[mockito-core-5.3.1.jar:na]
	at org.mockito.internal.creation.bytebuddy.MockMethodAdvice.handle(MockMethodAdvice.java:134) ~[mockito-core-5.3.1.jar:na]
	at com.hmdp.order.service.impl.VoucherOrderServiceImpl.seckillVoucher(VoucherOrderServiceImpl.java:101) ~[classes/:na]
	at com.hmdp.order.service.impl.SeckillVoucherServiceTest.脚本返回2_重复下单(SeckillVoucherServiceTest.java:103) ~[test-classes/:na]
	at java.base/jdk.internal.reflect.DirectMethodHandleAccessor.invoke(DirectMethodHandleAccessor.java:103) ~[na:na]
	at java.base/java.lang.reflect.Method.invoke(Method.java:580) ~[na:na]
	at org.junit.platform.commons.util.ReflectionUtils.invokeMethod(ReflectionUtils.java:727) ~[junit-platform-commons-1.9.3.jar:1.9.3]
	at org.junit.jupiter.engine.execution.MethodInvocation.proceed(MethodInvocation.java:60) ~[junit-jupiter-engine-5.9.3.jar:5.9.3]
	at org.junit.jupiter.engine.execution.InvocationInterceptorChain$ValidatingInvocation.proceed(InvocationInterceptorChain.java:131) ~[junit-jupiter-engine-5.9.3.jar:5.9.3]
	at org.junit.jupiter.engine.extension.TimeoutExtension.intercept(TimeoutExtension.java:156) ~[junit-jupiter-engine-5.9.3.jar:5.9.3]
	at org.junit.jupiter.engine.extension.TimeoutExtension.interceptTestableMethod(TimeoutExtension.java:147) ~[junit-jupiter-engine-5.9.3.jar:5.9.3]
	at org.junit.jupiter.engine.extension.TimeoutExtension.interceptTestMethod(TimeoutExtension.java:86) ~[junit-jupiter-engine-5.9.3.jar:5.9.3]
	at org.junit.jupiter.engine.execution.InterceptingExecutableInvoker$ReflectiveInterceptorCall.lambda$ofVoidMethod$0(InterceptingExecutableInvoker.java:103) ~[junit-jupiter-engine-5.9.3.jar:5.9.3]
	at org.junit.jupiter.engine.execution.InterceptingExecutableInvoker.lambda$invoke$0(InterceptingExecutableInvoker.java:93) ~[junit-jupiter-engine-5.9.3.jar:5.9.3]
	at org.junit.jupiter.engine.execution.InvocationInterceptorChain$InterceptedInvocation.proceed(InvocationInterceptorChain.java:106) ~[junit-jupiter-engine-5.9.3.jar:5.9.3]
	at org.junit.jupiter.engine.execution.InvocationInterceptorChain.proceed(InvocationInterceptorChain.java:64) ~[junit-jupiter-engine-5.9.3.jar:5.9.3]
	at org.junit.jupiter.engine.execution.InvocationInterceptorChain.chainAndInvoke(InvocationInterceptorChain.java:45) ~[junit-jupiter-engine-5.9.3.jar:5.9.3]
	at org.junit.jupiter.engine.execution.InvocationInterceptorChain.invoke(InvocationInterceptorChain.java:37) ~[junit-jupiter-engine-5.9.3.jar:5.9.3]
	at org.junit.jupiter.engine.execution.InterceptingExecutableInvoker.invoke(InterceptingExecutableInvoker.java:92) ~[junit-jupiter-engine-5.9.3.jar:5.9.3]
	at org.junit.jupiter.engine.execution.InterceptingExecutableInvoker.invoke(InterceptingExecutableInvoker.java:86) ~[junit-jupiter-engine-5.9.3.jar:5.9.3]
	at org.junit.jupiter.engine.descriptor.TestMethodTestDescriptor.lambda$invokeTestMethod$7(TestMethodTestDescriptor.java:217) ~[junit-jupiter-engine-5.9.3.jar:5.9.3]
	at org.junit.platform.engine.support.hierarchical.ThrowableCollector.execute(ThrowableCollector.java:73) ~[junit-platform-engine-1.9.3.jar:1.9.3]
	at org.junit.jupiter.engine.descriptor.TestMethodTestDescriptor.invokeTestMethod(TestMethodTestDescriptor.java:213) ~[junit-jupiter-engine-5.9.3.jar:5.9.3]
	at org.junit.jupiter.engine.descriptor.TestMethodTestDescriptor.execute(TestMethodTestDescriptor.java:138) ~[junit-jupiter-engine-5.9.3.jar:5.9.3]
	at org.junit.jupiter.engine.descriptor.TestMethodTestDescriptor.execute(TestMethodTestDescriptor.java:68) ~[junit-jupiter-engine-5.9.3.jar:5.9.3]
	at org.junit.platform.engine.support.hierarchical.NodeTestTask.lambda$executeRecursively$6(NodeTestTask.java:151) ~[junit-platform-engine-1.9.3.jar:1.9.3]
	at org.junit.platform.engine.support.hierarchical.ThrowableCollector.execute(ThrowableCollector.java:73) ~[junit-platform-engine-1.9.3.jar:1.9.3]
	at org.junit.platform.engine.support.hierarchical.NodeTestTask.lambda$executeRecursively$8(NodeTestTask.java:141) ~[junit-platform-engine-1.9.3.jar:1.9.3]
	at org.junit.platform.engine.support.hierarchical.Node.around(Node.java:137) ~[junit-platform-engine-1.9.3.jar:1.9.3]
	at org.junit.platform.engine.support.hierarchical.NodeTestTask.lambda$executeRecursively$9(NodeTestTask.java:139) ~[junit-platform-engine-1.9.3.jar:1.9.3]
	at org.junit.platform.engine.support.hierarchical.ThrowableCollector.execute(ThrowableCollector.java:73) ~[junit-platform-engine-1.9.3.jar:1.9.3]
	at org.junit.platform.engine.support.hierarchical.NodeTestTask.executeRecursively(NodeTestTask.java:138) ~[junit-platform-engine-1.9.3.jar:1.9.3]
	at org.junit.platform.engine.support.hierarchical.NodeTestTask.execute(NodeTestTask.java:95) ~[junit-platform-engine-1.9.3.jar:1.9.3]
	at java.base/java.util.ArrayList.forEach(ArrayList.java:1596) ~[na:na]
	at org.junit.platform.engine.support.hierarchical.SameThreadHierarchicalTestExecutorService.invokeAll(SameThreadHierarchicalTestExecutorService.java:41) ~[junit-platform-engine-1.9.3.jar:1.9.3]
	at org.junit.platform.engine.support.hierarchical.NodeTestTask.lambda$executeRecursively$6(NodeTestTask.java:155) ~[junit-platform-engine-1.9.3.jar:1.9.3]
	at org.junit.platform.engine.support.hierarchical.ThrowableCollector.execute(ThrowableCollector.java:73) ~[junit-platform-engine-1.9.3.jar:1.9.3]
	at org.junit.platform.engine.support.hierarchical.NodeTestTask.lambda$executeRecursively$8(NodeTestTask.java:141) ~[junit-platform-engine-1.9.3.jar:1.9.3]
	at org.junit.platform.engine.support.hierarchical.Node.around(Node.java:137) ~[junit-platform-engine-1.9.3.jar:1.9.3]
	at org.junit.platform.engine.support.hierarchical.NodeTestTask.lambda$executeRecursively$9(NodeTestTask.java:139) ~[junit-platform-engine-1.9.3.jar:1.9.3]
	at org.junit.platform.engine.support.hierarchical.ThrowableCollector.execute(ThrowableCollector.java:73) ~[junit-platform-engine-1.9.3.jar:1.9.3]
	at org.junit.platform.engine.support.hierarchical.NodeTestTask.executeRecursively(NodeTestTask.java:138) ~[junit-platform-engine-1.9.3.jar:1.9.3]
	at org.junit.platform.engine.support.hierarchical.NodeTestTask.execute(NodeTestTask.java:95) ~[junit-platform-engine-1.9.3.jar:1.9.3]
	at java.base/java.util.ArrayList.forEach(ArrayList.java:1596) ~[na:na]
	at org.junit.platform.engine.support.hierarchical.SameThreadHierarchicalTestExecutorService.invokeAll(SameThreadHierarchicalTestExecutorService.java:41) ~[junit-platform-engine-1.9.3.jar:1.9.3]
	at org.junit.platform.engine.support.hierarchical.NodeTestTask.lambda$executeRecursively$6(NodeTestTask.java:155) ~[junit-platform-engine-1.9.3.jar:1.9.3]
	at org.junit.platform.engine.support.hierarchical.ThrowableCollector.execute(ThrowableCollector.java:73) ~[junit-platform-engine-1.9.3.jar:1.9.3]
	at org.junit.platform.engine.support.hierarchical.NodeTestTask.lambda$executeRecursively$8(NodeTestTask.java:141) ~[junit-platform-engine-1.9.3.jar:1.9.3]
	at org.junit.platform.engine.support.hierarchical.Node.around(Node.java:137) ~[junit-platform-engine-1.9.3.jar:1.9.3]
	at org.junit.platform.engine.support.hierarchical.NodeTestTask.lambda$executeRecursively$9(NodeTestTask.java:139) ~[junit-platform-engine-1.9.3.jar:1.9.3]
	at org.junit.platform.engine.support.hierarchical.ThrowableCollector.execute(ThrowableCollector.java:73) ~[junit-platform-engine-1.9.3.jar:1.9.3]
	at org.junit.platform.engine.support.hierarchical.NodeTestTask.executeRecursively(NodeTestTask.java:138) ~[junit-platform-engine-1.9.3.jar:1.9.3]
	at org.junit.platform.engine.support.hierarchical.NodeTestTask.execute(NodeTestTask.java:95) ~[junit-platform-engine-1.9.3.jar:1.9.3]
	at org.junit.platform.engine.support.hierarchical.SameThreadHierarchicalTestExecutorService.submit(SameThreadHierarchicalTestExecutorService.java:35) ~[junit-platform-engine-1.9.3.jar:1.9.3]
	at org.junit.platform.engine.support.hierarchical.HierarchicalTestExecutor.execute(HierarchicalTestExecutor.java:57) ~[junit-platform-engine-1.9.3.jar:1.9.3]
	at org.junit.platform.engine.support.hierarchical.HierarchicalTestEngine.execute(HierarchicalTestEngine.java:54) ~[junit-platform-engine-1.9.3.jar:1.9.3]
	at org.junit.platform.launcher.core.EngineExecutionOrchestrator.execute(EngineExecutionOrchestrator.java:147) ~[junit-platform-launcher-1.9.3.jar:1.9.3]
	at org.junit.platform.launcher.core.EngineExecutionOrchestrator.execute(EngineExecutionOrchestrator.java:127) ~[junit-platform-launcher-1.9.3.jar:1.9.3]
	at org.junit.platform.launcher.core.EngineExecutionOrchestrator.execute(EngineExecutionOrchestrator.java:90) ~[junit-platform-launcher-1.9.3.jar:1.9.3]
	at org.junit.platform.launcher.core.EngineExecutionOrchestrator.lambda$execute$0(EngineExecutionOrchestrator.java:55) ~[junit-platform-launcher-1.9.3.jar:1.9.3]
	at org.junit.platform.launcher.core.EngineExecutionOrchestrator.withInterceptedStreams(EngineExecutionOrchestrator.java:102) ~[junit-platform-launcher-1.9.3.jar:1.9.3]
	at org.junit.platform.launcher.core.EngineExecutionOrchestrator.execute(EngineExecutionOrchestrator.java:54) ~[junit-platform-launcher-1.9.3.jar:1.9.3]
	at org.junit.platform.launcher.core.DefaultLauncher.execute(DefaultLauncher.java:114) ~[junit-platform-launcher-1.9.3.jar:1.9.3]
	at org.junit.platform.launcher.core.DefaultLauncher.execute(DefaultLauncher.java:86) ~[junit-platform-launcher-1.9.3.jar:1.9.3]
	at org.junit.platform.launcher.core.DefaultLauncherSession$DelegatingLauncher.execute(DefaultLauncherSession.java:86) ~[junit-platform-launcher-1.9.3.jar:1.9.3]
	at org.apache.maven.surefire.junitplatform.LazyLauncher.execute(LazyLauncher.java:50) ~[surefire-junit-platform-3.0.0.jar:3.0.0]
	at org.apache.maven.surefire.junitplatform.JUnitPlatformProvider.execute(JUnitPlatformProvider.java:184) ~[surefire-junit-platform-3.0.0.jar:3.0.0]
	at org.apache.maven.surefire.junitplatform.JUnitPlatformProvider.invokeAllTests(JUnitPlatformProvider.java:148) ~[surefire-junit-platform-3.0.0.jar:3.0.0]
	at org.apache.maven.surefire.junitplatform.JUnitPlatformProvider.invoke(JUnitPlatformProvider.java:122) ~[surefire-junit-platform-3.0.0.jar:3.0.0]
	at org.apache.maven.surefire.booter.ForkedBooter.runSuitesInProcess(ForkedBooter.java:385) ~[surefire-booter-3.0.0.jar:3.0.0]
	at org.apache.maven.surefire.booter.ForkedBooter.execute(ForkedBooter.java:162) ~[surefire-booter-3.0.0.jar:3.0.0]
	at org.apache.maven.surefire.booter.ForkedBooter.run(ForkedBooter.java:507) ~[surefire-booter-3.0.0.jar:3.0.0]
	at org.apache.maven.surefire.booter.ForkedBooter.main(ForkedBooter.java:495) ~[surefire-booter-3.0.0.jar:3.0.0]

2026-10-10T16:50:09.260+08:00  WARN 45852 --- [           main] c.h.o.s.impl.VoucherOrderServiceImpl     : 秒杀失败-重复下单: userId=7, voucherId=1
[INFO] Tests run: 22, Failures: 0, Errors: 0, Skipped: 0, Time elapsed: 0.429 s - in com.hmdp.order.service.impl.SeckillVoucherServiceTest
[INFO] Running com.hmdp.order.service.QueryMyOrdersBatchTest
[INFO] Tests run: 1, Failures: 0, Errors: 0, Skipped: 0, Time elapsed: 0.335 s - in com.hmdp.order.service.QueryMyOrdersBatchTest
[INFO] 
[INFO] Results:
[INFO] 
[INFO] Tests run: 98, Failures: 0, Errors: 0, Skipped: 0
[INFO] 
[INFO] ------------------------------------------------------------------------
[INFO] Reactor Summary for hm-dianping 0.0.1-SNAPSHOT:
[INFO] 
[INFO] hm-dianping ........................................ SUCCESS [  0.083 s]
[INFO] common ............................................. SUCCESS [ 10.065 s]
[INFO] gateway-service .................................... SUCCESS [  6.145 s]
[INFO] shop-service ....................................... SUCCESS [01:14 min]
[INFO] voucher-service .................................... SUCCESS [  3.998 s]
[INFO] order-service ...................................... SUCCESS [ 11.000 s]
[INFO] ------------------------------------------------------------------------
[INFO] BUILD SUCCESS
[INFO] ------------------------------------------------------------------------
[INFO] Total time:  01:46 min
[INFO] Finished at: 2026-10-10T16:50:09+08:00
[INFO] ------------------------------------------------------------------------
